id,operation,admin0Name,admin0Pcode,admin1Name,admin1Pcode,admin2Name,admin2Pcode,numPresentIdpInd,reportingDate,yearReportingDate,monthReportingDate,roundNumber,displacementReason,numberMales,numberFemales,idpOriginAdmin1Name,idpOriginAdmin1Pcode,assessmentType
839,Displacement due to conflict,Lebanon,LBN,Mount Lebanon,LB3,Aley,LB31,80,2023-10-15T00:00:00,2023,10,2,Conflict,,,South,LB6,BA
2688,Displacement due to conflict,Lebanon,LBN,Mount Lebanon,LB3,Chouf,LB33,41,2023-10-15T00:00:00,2023,10,2,Conflict,,,Mount Lebanon,LB3,BA
3859,Displacement due to conflict,Lebanon,LBN,Mount Lebanon,LB3,Baabda,LB32,857,2023-10-15T00:00:00,2023,10,2,Conflict,,,El Nabatieh,LB4,BA
3932,Displacement due to conflict,Lebanon,LBN,Mount Lebanon,LB3,Aley,LB31,305,2023-10-15T00:00:00,2023,10,2,Conflict,,,Not available,Not available,BA
6951,Displacement due to conflict,Lebanon,LBN,Beirut,LB1,Beirut,LB11,25,2023-10-15T00:00:00,2023,10,1,Conflict,,,Mount Lebanon,LB3,BA
7804,Displacement due to conflict,Lebanon,LBN,El Nabatieh,LB4,El Nabatieh,LB44,207,2023-10-15T00:00:00,2023,10,2,Conflict,,,El Nabatieh,LB4,BA
9029,Displacement due to conflict,Lebanon,LBN,South,LB6,Saida,LB61,57,2023-10-15T00:00:00,2023,10,1,Conflict,,,South,LB6,BA
10323,Displacement due to conflict,Lebanon,LBN,Mount Lebanon,LB3,Jbeil,LB34,9,2023-10-15T00:00:00,2023,10,1,Conflict,,,El Nabatieh,LB4,BA
10829,Displacement due to conflict,Lebanon,LBN,Mount Lebanon,LB3,Aley,LB31,364,2023-10-15T00:00:00,2023,10,2,Conflict,,,El Nabatieh,LB4,BA
11768,Displacement due to conflict,Lebanon,LBN,Baalbek-El Hermel,LB8,Baalbek,LB21,12,2023-10-15T00:00:00,2023,10,2,Conflict,,,El Nabatieh,LB4,BA
15402,Displacement due to conflict,Lebanon,LBN,Baalbek-El Hermel,LB8,Baalbek,LB21,20,2023-10-15T00:00:00,2023,10,2,Conflict,,,South,LB6,BA
18604,Displacement due to conflict,Lebanon,LBN,Beirut,LB1,Beirut,LB11,308,2023-10-15T00:00:00,2023,10,1,Conflict,,,South,LB6,BA
24124,Displacement due to conflict,Lebanon,LBN,Mount Lebanon,LB3,Jbeil,LB34,6,2023-10-15T00:00:00,2023,10,1,Conflict,,,Mount Lebanon,LB3,BA
24163,Displacement due to conflict,Lebanon,LBN,Mount Lebanon,LB3,Aley,LB31,311,2023-10-15T00:00:00,2023,10,1,Conflict,,,El Nabatieh,LB4,BA
25303,Displacement due to conflict,Lebanon,LBN,Mount Lebanon,LB3,Chouf,LB33,923,2023-10-15T00:00:00,2023,10,2,Conflict,,,El Nabatieh,LB4,BA
26358,Displacement due to conflict,Lebanon,LBN,El Nabatieh,LB4,Hasbaya,LB42,585,2023-10-15T00:00:00,2023,10,2,Conflict,,,El Nabatieh,LB4,BA
28232,Displacement due to conflict,Lebanon,LBN,Baalbek-El Hermel,LB8,Baalbek,LB21,745,2023-10-15T00:00:00,2023,10,2,Conflict,,,Not available,Not available,BA
32197,Displacement due to conflict,Lebanon,LBN,South,LB6,Sour,LB63,291,2023-10-15T00:00:00,2023,10,2,Conflict,,,South,LB6,BA
32257,Displacement due to conflict,Lebanon,LBN,Mount Lebanon,LB3,Chouf,LB33,138,2023-10-15T00:00:00,2023,10,1,Conflict,,,El Nabatieh,LB4,BA
32331,Displacement due to conflict,Lebanon,LBN,Bekaa,LB2,West Bekaa,LB24,10,2023-10-15T00:00:00,2023,10,2,Conflict,,,Beirut,LB1,BA
32601,Displacement due to conflict,Lebanon,LBN,Bekaa,LB2,West Bekaa,LB24,15,2023-10-15T00:00:00,2023,10,1,Conflict,,,South,LB6,BA
33611,Displacement due to conflict,Lebanon,LBN,Mount Lebanon,LB3,Baabda,LB32,76,2023-10-15T00:00:00,2023,10,1,Conflict,,,South,LB6,BA
34697,Displacement due to conflict,Lebanon,LBN,Mount Lebanon,LB3,Jbeil,LB34,77,2023-10-15T00:00:00,2023,10,2,Conflict,,,Mount Lebanon,LB3,BA
36092,Displacement due to conflict,Lebanon,LBN,El Nabatieh,LB4,El Nabatieh,LB44,200,2023-10-15T00:00:00,2023,10,1,Conflict,,,El Nabatieh,LB4,BA
37523,Displacement due to conflict,Lebanon,LBN,Bekaa,LB2,West Bekaa,LB24,10,2023-10-15T00:00:00,2023,10,1,Conflict,,,Beirut,LB1,BA
39670,Displacement due to conflict,Lebanon,LBN,Baalbek-El Hermel,LB8,Baalbek,LB21,95,2023-10-15T00:00:00,2023,10,2,Conflict,,,Beirut,LB1,BA
40811,Displacement due to conflict,Lebanon,LBN,Mount Lebanon,LB3,Baabda,LB32,49,2023-10-15T00:00:00,2023,10,2,Conflict,,,South,LB6,BA
41640,Displacement due to conflict,Lebanon,LBN,Mount Lebanon,LB3,El Meten,LB36,75,2023-10-15T00:00:00,2023,10,2,Conflict,,,South,LB6,BA
47125,Displacement due to conflict,Lebanon,LBN,Baalbek-El Hermel,LB8,Baalbek,LB21,4,2023-10-15T00:00:00,2023,10,1,Conflict,,,Mount Lebanon,LB3,BA
49757,Displacement due to conflict,Lebanon,LBN,Baalbek-El Hermel,LB8,Baalbek,LB21,31,2023-10-15T00:00:00,2023,10,2,Conflict,,,Mount Lebanon,LB3,BA
52352,Displacement due to conflict,Lebanon,LBN,Baalbek-El Hermel,LB8,El Hermel,LB22,30,2023-10-15T00:00:00,2023,10,2,Conflict,,,Not available,Not available,BA
53496,Displacement due to conflict,Lebanon,LBN,Beirut,LB1,Beirut,LB11,1420,2023-10-15T00:00:00,2023,10,2,Conflict,,,El Nabatieh,LB4,BA
56668,Displacement due to conflict,Lebanon,LBN,Bekaa,LB2,West Bekaa,LB24,365,2023-10-15T00:00:00,2023,10,2,Conflict,,,El Nabatieh,LB4,BA
56856,Displacement due to conflict,Lebanon,LBN,Beirut,LB1,Beirut,LB11,313,2023-10-15T00:00:00,2023,10,2,Conflict,,,South,LB6,BA
58242,Displacement due to conflict,Lebanon,LBN,Mount Lebanon,LB3,Jbeil,LB34,9,2023-10-15T00:00:00,2023,10,2,Conflict,,,El Nabatieh,LB4,BA
58546,Displacement due to conflict,Lebanon,LBN,South,LB6,Sour,LB63,106,2023-10-15T00:00:00,2023,10,1,Conflict,,,El Nabatieh,LB4,BA
61036,Displacement due to conflict,Lebanon,LBN,South,LB6,Sour,LB63,289,2023-10-15T00:00:00,2023,10,1,Conflict,,,South,LB6,BA
61601,Displacement due to conflict,Lebanon,LBN,Beirut,LB1,Beirut,LB11,1571,2023-10-15T00:00:00,2023,10,1,Conflict,,,El Nabatieh,LB4,BA
61639,Displacement due to conflict,Lebanon,LBN,South,LB6,Saida,LB61,613,2023-10-15T00:00:00,2023,10,1,Conflict,,,El Nabatieh,LB4,BA
65107,Displacement due to conflict,Lebanon,LBN,Baalbek-El Hermel,LB8,Baalbek,LB21,5,2023-10-15T00:00:00,2023,10,1,Conflict,,,Beirut,LB1,BA
67950,Displacement due to conflict,Lebanon,LBN,Mount Lebanon,LB3,Kesrwane,LB35,35,2023-10-15T00:00:00,2023,10,1,Conflict,,,El Nabatieh,LB4,BA
68077,Displacement due to conflict,Lebanon,LBN,Mount Lebanon,LB3,Kesrwane,LB35,35,2023-10-15T00:00:00,2023,10,2,Conflict,,,El Nabatieh,LB4,BA
70899,Displacement due to conflict,Lebanon,LBN,El Nabatieh,LB4,Marjaayoun,LB43,5,2023-10-15T00:00:00,2023,10,1,Conflict,,,El Nabatieh,LB4,BA
71503,Displacement due to conflict,Lebanon,LBN,Mount Lebanon,LB3,Chouf,LB33,16,2023-10-15T00:00:00,2023,10,1,Conflict,,,South,LB6,BA
72408,Displacement due to conflict,Lebanon,LBN,Mount Lebanon,LB3,Chouf,LB33,11,2023-10-15T00:00:00,2023,10,1,Conflict,,,Mount Lebanon,LB3,BA
73380,Displacement due to conflict,Lebanon,LBN,Mount Lebanon,LB3,El Meten,LB36,50,2023-10-15T00:00:00,2023,10,2,Conflict,,,El Nabatieh,LB4,BA
74412,Displacement due to conflict,Lebanon,LBN,Baalbek-El Hermel,LB8,El Hermel,LB22,55,2023-10-15T00:00:00,2023,10,2,Conflict,,,South,LB6,BA
74443,Displacement due to conflict,Lebanon,LBN,Mount Lebanon,LB3,Chouf,LB33,16,2023-10-15T00:00:00,2023,10,2,Conflict,,,South,LB6,BA
74900,Displacement due to conflict,Lebanon,LBN,South,LB6,Sour,LB63,106,2023-10-15T00:00:00,2023,10,2,Conflict,,,El Nabatieh,LB4,BA
77512,Displacement due to conflict,Lebanon,LBN,Mount Lebanon,LB3,Aley,LB31,18,2023-10-15T00:00:00,2023,10,1,Conflict,,,Mount Lebanon,LB3,BA
78251,Displacement due to conflict,Lebanon,LBN,Mount Lebanon,LB3,El Meten,LB36,75,2023-10-15T00:00:00,2023,10,1,Conflict,,,South,LB6,BA
81321,Displacement due to conflict,Lebanon,LBN,South,LB6,Saida,LB61,10,2023-10-15T00:00:00,2023,10,2,Conflict,,,Not available,Not available,BA
81453,Displacement due to conflict,Lebanon,LBN,Baalbek-El Hermel,LB8,Baalbek,LB21,9,2023-10-15T00:00:00,2023,10,1,Conflict,,,El Nabatieh,LB4,BA
82929,Displacement due to conflict,Lebanon,LBN,Bekaa,LB2,Zahle,LB25,25,2023-10-15T00:00:00,2023,10,2,Conflict,,,Not available,Not available,BA
84560,Displacement due to conflict,Lebanon,LBN,Bekaa,LB2,Zahle,LB25,30,2023-10-15T00:00:00,2023,10,1,Conflict,,,Beirut,LB1,BA
87362,Displacement due to conflict,Lebanon,LBN,El Nabatieh,LB4,Hasbaya,LB42,150,2023-10-15T00:00:00,2023,10,1,Conflict,,,El Nabatieh,LB4,BA
89851,Displacement due to conflict,Lebanon,LBN,Bekaa,LB2,Zahle,LB25,30,2023-10-15T00:00:00,2023,10,2,Conflict,,,Beirut,LB1,BA
90070,Displacement due to conflict,Lebanon,LBN,South,LB6,Saida,LB61,616,2023-10-15T00:00:00,2023,10,2,Conflict,,,El Nabatieh,LB4,BA
90286,Displacement due to conflict,Lebanon,LBN,Mount Lebanon,LB3,Baabda,LB32,591,2023-10-15T00:00:00,2023,10,1,Conflict,,,El Nabatieh,LB4,BA
91403,Displacement due to conflict,Lebanon,LBN,Mount Lebanon,LB3,Chouf,LB33,30,2023-10-15T00:00:00,2023,10,2,Conflict,,,North,LB5,BA
91540,Displacement due to conflict,Lebanon,LBN,Beirut,LB1,Beirut,LB11,25,2023-10-15T00:00:00,2023,10,2,Conflict,,,Mount Lebanon,LB3,BA
96889,Displacement due to conflict,Lebanon,LBN,Mount Lebanon,LB3,Baabda,LB32,10,2023-10-15T00:00:00,2023,10,2,Conflict,,,Mount Lebanon,LB3,BA
97714,Displacement due to conflict,Lebanon,LBN,Bekaa,LB2,West Bekaa,LB24,350,2023-10-15T00:00:00,2023,10,1,Conflict,,,El Nabatieh,LB4,BA
98509,Displacement due to conflict,Lebanon,LBN,North,LB5,El Batroun,LB52,3,2023-10-15T00:00:00,2023,10,1,Conflict,,,El Nabatieh,LB4,BA
98780,Displacement due to conflict,Lebanon,LBN,Baalbek-El Hermel,LB8,El Hermel,LB22,45,2023-10-15T00:00:00,2023,10,1,Conflict,,,South,LB6,BA
100436,Displacement due to conflict,Lebanon,LBN,Mount Lebanon,LB3,Aley,LB31,27,2023-10-15T00:00:00,2023,10,2,Conflict,,,Mount Lebanon,LB3,BA
101362,Displacement due to conflict,Lebanon,LBN,Mount Lebanon,LB3,Aley,LB31,98,2023-10-15T00:00:00,2023,10,1,Conflict,,,South,LB6,BA
106646,Displacement due to conflict,Lebanon,LBN,North,LB5,El Batroun,LB52,3,2023-10-15T00:00:00,2023,10,2,Conflict,,,El Nabatieh,LB4,BA
107180,Displacement due to conflict,Lebanon,LBN,El Nabatieh,LB4,Marjaayoun,LB43,5,2023-10-15T00:00:00,2023,10,2,Conflict,,,El Nabatieh,LB4,BA
110613,Displacement due to conflict,Lebanon,LBN,Mount Lebanon,LB3,Chouf,LB33,50,2023-10-15T00:00:00,2023,10,2,Conflict,,,Not available,Not available,BA
111333,Displacement due to conflict,Lebanon,LBN,South,LB6,Saida,LB61,58,2023-10-15T00:00:00,2023,10,2,Conflict,,,South,LB6,BA
123970,Displacement due to conflict,Lebanon,LBN,North,LB5,El Batroun,LB52,10,2023-10-15T00:00:00,2023,10,2,Conflict,,,Mount Lebanon,LB3,BA
126524,Displacement due to conflict,Lebanon,LBN,Mount Lebanon,LB3,Baabda,LB32,4,2023-10-15T00:00:00,2023,10,1,Conflict,,,Mount Lebanon,LB3,BA
129338,Displacement due to conflict,Lebanon,LBN,North,LB5,El Batroun,LB52,10,2023-10-15T00:00:00,2023,10,1,Conflict,,,Mount Lebanon,LB3,BA
134629,Displacement due to conflict,Lebanon,LBN,Baalbek-El Hermel,LB8,El Hermel,LB22,15,2023-10-15T00:00:00,2023,10,2,Conflict,,,Beirut,LB1,BA
131905,Displacement due to conflict,Lebanon,LBN,Mount Lebanon,LB3,Kesrwane,LB35,35,2023-10-16T00:00:00,2023,10,3,Conflict,,,El Nabatieh,LB4,BA
124064,Displacement due to conflict,Lebanon,LBN,Baalbek-El Hermel,LB8,Baalbek,LB21,20,2023-10-16T00:00:00,2023,10,3,Conflict,,,South,LB6,BA
123651,Displacement due to conflict,Lebanon,LBN,El Nabatieh,LB4,El Nabatieh,LB44,297,2023-10-16T00:00:00,2023,10,3,Conflict,,,El Nabatieh,LB4,BA
120448,Displacement due to conflict,Lebanon,LBN,Mount Lebanon,LB3,Jbeil,LB34,9,2023-10-16T00:00:00,2023,10,3,Conflict,,,El Nabatieh,LB4,BA
121617,Displacement due to conflict,Lebanon,LBN,Baalbek-El Hermel,LB8,Baalbek,LB21,31,2023-10-16T00:00:00,2023,10,3,Conflict,,,Mount Lebanon,LB3,BA
121634,Displacement due to conflict,Lebanon,LBN,Baalbek-El Hermel,LB8,El Hermel,LB22,30,2023-10-16T00:00:00,2023,10,3,Conflict,,,Not available,Not available,BA
121657,Displacement due to conflict,Lebanon,LBN,Mount Lebanon,LB3,Chouf,LB33,41,2023-10-16T00:00:00,2023,10,3,Conflict,,,Mount Lebanon,LB3,BA
122795,Displacement due to conflict,Lebanon,LBN,South,LB6,Saida,LB61,173,2023-10-16T00:00:00,2023,10,3,Conflict,,,South,LB6,BA
116626,Displacement due to conflict,Lebanon,LBN,Beirut,LB1,Beirut,LB11,160,2023-10-16T00:00:00,2023,10,3,Conflict,,,Not available,Not available,BA
118300,Displacement due to conflict,Lebanon,LBN,Baalbek-El Hermel,LB8,El Hermel,LB22,15,2023-10-16T00:00:00,2023,10,3,Conflict,,,Beirut,LB1,BA
111631,Displacement due to conflict,Lebanon,LBN,Baalbek-El Hermel,LB8,El Hermel,LB22,55,2023-10-16T00:00:00,2023,10,3,Conflict,,,South,LB6,BA
111680,Displacement due to conflict,Lebanon,LBN,Mount Lebanon,LB3,Baabda,LB32,10,2023-10-16T00:00:00,2023,10,3,Conflict,,,Mount Lebanon,LB3,BA
110245,Displacement due to conflict,Lebanon,LBN,Baalbek-El Hermel,LB8,Baalbek,LB21,745,2023-10-16T00:00:00,2023,10,3,Conflict,,,Not available,Not available,BA
106885,Displacement due to conflict,Lebanon,LBN,El Nabatieh,LB4,Hasbaya,LB42,20,2023-10-16T00:00:00,2023,10,3,Conflict,,,North,LB5,BA
108620,Displacement due to conflict,Lebanon,LBN,Bekaa,LB2,Zahle,LB25,30,2023-10-16T00:00:00,2023,10,3,Conflict,,,Beirut,LB1,BA
104249,Displacement due to conflict,Lebanon,LBN,Beirut,LB1,Beirut,LB11,25,2023-10-16T00:00:00,2023,10,3,Conflict,,,Mount Lebanon,LB3,BA
93783,Displacement due to conflict,Lebanon,LBN,Mount Lebanon,LB3,Chouf,LB33,30,2023-10-16T00:00:00,2023,10,3,Conflict,,,North,LB5,BA
90682,Displacement due to conflict,Lebanon,LBN,Mount Lebanon,LB3,Aley,LB31,277,2023-10-16T00:00:00,2023,10,3,Conflict,,,Mount Lebanon,LB3,BA
84028,Displacement due to conflict,Lebanon,LBN,Mount Lebanon,LB3,El Meten,LB36,3,2023-10-16T00:00:00,2023,10,3,Conflict,,,Not available,Not available,BA
82973,Displacement due to conflict,Lebanon,LBN,El Nabatieh,LB4,Hasbaya,LB42,660,2023-10-16T00:00:00,2023,10,3,Conflict,,,El Nabatieh,LB4,BA
82200,Displacement due to conflict,Lebanon,LBN,Mount Lebanon,LB3,Aley,LB31,80,2023-10-16T00:00:00,2023,10,3,Conflict,,,South,LB6,BA
82664,Displacement due to conflict,Lebanon,LBN,Baalbek-El Hermel,LB8,Baalbek,LB21,12,2023-10-16T00:00:00,2023,10,3,Conflict,,,El Nabatieh,LB4,BA
66966,Displacement due to conflict,Lebanon,LBN,Beirut,LB1,Beirut,LB11,1420,2023-10-16T00:00:00,2023,10,3,Conflict,,,El Nabatieh,LB4,BA
61515,Displacement due to conflict,Lebanon,LBN,Beirut,LB1,Beirut,LB11,348,2023-10-16T00:00:00,2023,10,3,Conflict,,,South,LB6,BA
61820,Displacement due to conflict,Lebanon,LBN,Mount Lebanon,LB3,Aley,LB31,624,2023-10-16T00:00:00,2023,10,3,Conflict,,,El Nabatieh,LB4,BA
62427,Displacement due to conflict,Lebanon,LBN,Mount Lebanon,LB3,Aley,LB31,555,2023-10-16T00:00:00,2023,10,3,Conflict,,,Not available,Not available,BA
58024,Displacement due to conflict,Lebanon,LBN,South,LB6,Sour,LB63,309,2023-10-16T00:00:00,2023,10,3,Conflict,,,South,LB6,BA
54966,Displacement due to conflict,Lebanon,LBN,Mount Lebanon,LB3,Chouf,LB33,16,2023-10-16T00:00:00,2023,10,3,Conflict,,,South,LB6,BA
50291,Displacement due to conflict,Lebanon,LBN,Baalbek-El Hermel,LB8,Baalbek,LB21,95,2023-10-16T00:00:00,2023,10,3,Conflict,,,Beirut,LB1,BA
50292,Displacement due to conflict,Lebanon,LBN,Mount Lebanon,LB3,Baabda,LB32,857,2023-10-16T00:00:00,2023,10,3,Conflict,,,El Nabatieh,LB4,BA
36941,Displacement due to conflict,Lebanon,LBN,Mount Lebanon,LB3,El Meten,LB36,75,2023-10-16T00:00:00,2023,10,3,Conflict,,,South,LB6,BA
37082,Displacement due to conflict,Lebanon,LBN,Mount Lebanon,LB3,Jbeil,LB34,25,2023-10-16T00:00:00,2023,10,3,Conflict,,,Not available,Not available,BA
33653,Displacement due to conflict,Lebanon,LBN,Bekaa,LB2,Zahle,LB25,25,2023-10-16T00:00:00,2023,10,3,Conflict,,,Not available,Not available,BA
30457,Displacement due to conflict,Lebanon,LBN,Bekaa,LB2,West Bekaa,LB24,10,2023-10-16T00:00:00,2023,10,3,Conflict,,,Beirut,LB1,BA
18147,Displacement due to conflict,Lebanon,LBN,Mount Lebanon,LB3,Chouf,LB33,50,2023-10-16T00:00:00,2023,10,3,Conflict,,,Not available,Not available,BA
19142,Displacement due to conflict,Lebanon,LBN,Mount Lebanon,LB3,Baabda,LB32,49,2023-10-16T00:00:00,2023,10,3,Conflict,,,South,LB6,BA
20991,Displacement due to conflict,Lebanon,LBN,El Nabatieh,LB4,Marjaayoun,LB43,5,2023-10-16T00:00:00,2023,10,3,Conflict,,,El Nabatieh,LB4,BA
16577,Displacement due to conflict,Lebanon,LBN,South,LB6,Sour,LB63,106,2023-10-16T00:00:00,2023,10,3,Conflict,,,El Nabatieh,LB4,BA
9445,Displacement due to conflict,Lebanon,LBN,South,LB6,Saida,LB61,10,2023-10-16T00:00:00,2023,10,3,Conflict,,,Not available,Not available,BA
9779,Displacement due to conflict,Lebanon,LBN,North,LB5,El Batroun,LB52,3,2023-10-16T00:00:00,2023,10,3,Conflict,,,El Nabatieh,LB4,BA
8375,Displacement due to conflict,Lebanon,LBN,Mount Lebanon,LB3,El Meten,LB36,50,2023-10-16T00:00:00,2023,10,3,Conflict,,,El Nabatieh,LB4,BA
7428,Displacement due to conflict,Lebanon,LBN,Mount Lebanon,LB3,Jbeil,LB34,77,2023-10-16T00:00:00,2023,10,3,Conflict,,,Mount Lebanon,LB3,BA
4062,Displacement due to conflict,Lebanon,LBN,South,LB6,Saida,LB61,1011,2023-10-16T00:00:00,2023,10,3,Conflict,,,El Nabatieh,LB4,BA
2497,Displacement due to conflict,Lebanon,LBN,Bekaa,LB2,West Bekaa,LB24,395,2023-10-16T00:00:00,2023,10,3,Conflict,,,El Nabatieh,LB4,BA
3004,Displacement due to conflict,Lebanon,LBN,Mount Lebanon,LB3,Chouf,LB33,928,2023-10-16T00:00:00,2023,10,3,Conflict,,,El Nabatieh,LB4,BA
2142,Displacement due to conflict,Lebanon,LBN,Baalbek-El Hermel,LB8,El Hermel,LB22,15,2023-10-17T00:00:00,2023,10,4,Conflict,,,Beirut,LB1,BA
4636,Displacement due to conflict,Lebanon,LBN,Baalbek-El Hermel,LB8,El Hermel,LB22,60,2023-10-17T00:00:00,2023,10,4,Conflict,,,South,LB6,BA
5127,Displacement due to conflict,Lebanon,LBN,Mount Lebanon,LB3,Aley,LB31,277,2023-10-17T00:00:00,2023,10,4,Conflict,,,Mount Lebanon,LB3,BA
7663,Displacement due to conflict,Lebanon,LBN,South,LB6,Saida,LB61,182,2023-10-17T00:00:00,2023,10,4,Conflict,,,South,LB6,BA
8498,Displacement due to conflict,Lebanon,LBN,Baalbek-El Hermel,LB8,Baalbek,LB21,95,2023-10-17T00:00:00,2023,10,4,Conflict,,,Beirut,LB1,BA
19899,Displacement due to conflict,Lebanon,LBN,Mount Lebanon,LB3,Jbeil,LB34,50,2023-10-17T00:00:00,2023,10,4,Conflict,,,Not available,Not available,BA
20509,Displacement due to conflict,Lebanon,LBN,South,LB6,Saida,LB61,1038,2023-10-17T00:00:00,2023,10,4,Conflict,,,El Nabatieh,LB4,BA
28037,Displacement due to conflict,Lebanon,LBN,South,LB6,Saida,LB61,10,2023-10-17T00:00:00,2023,10,4,Conflict,,,Not available,Not available,BA
23343,Displacement due to conflict,Lebanon,LBN,Mount Lebanon,LB3,Jbeil,LB34,69,2023-10-17T00:00:00,2023,10,4,Conflict,,,El Nabatieh,LB4,BA
30376,Displacement due to conflict,Lebanon,LBN,El Nabatieh,LB4,El Nabatieh,LB44,297,2023-10-17T00:00:00,2023,10,4,Conflict,,,El Nabatieh,LB4,BA
33706,Displacement due to conflict,Lebanon,LBN,Mount Lebanon,LB3,Aley,LB31,94,2023-10-17T00:00:00,2023,10,4,Conflict,,,South,LB6,BA
32978,Displacement due to conflict,Lebanon,LBN,Mount Lebanon,LB3,Aley,LB31,555,2023-10-17T00:00:00,2023,10,4,Conflict,,,Not available,Not available,BA
37769,Displacement due to conflict,Lebanon,LBN,El Nabatieh,LB4,Hasbaya,LB42,20,2023-10-17T00:00:00,2023,10,4,Conflict,,,North,LB5,BA
41894,Displacement due to conflict,Lebanon,LBN,Beirut,LB1,Beirut,LB11,392,2023-10-17T00:00:00,2023,10,4,Conflict,,,South,LB6,BA
41932,Displacement due to conflict,Lebanon,LBN,Beirut,LB1,Beirut,LB11,160,2023-10-17T00:00:00,2023,10,4,Conflict,,,Not available,Not available,BA
49597,Displacement due to conflict,Lebanon,LBN,Baalbek-El Hermel,LB8,El Hermel,LB22,30,2023-10-17T00:00:00,2023,10,4,Conflict,,,Not available,Not available,BA
52570,Displacement due to conflict,Lebanon,LBN,Mount Lebanon,LB3,Aley,LB31,640,2023-10-17T00:00:00,2023,10,4,Conflict,,,El Nabatieh,LB4,BA
51761,Displacement due to conflict,Lebanon,LBN,South,LB6,Jezzine,LB62,5,2023-10-17T00:00:00,2023,10,4,Conflict,,,South,LB6,BA
53015,Displacement due to conflict,Lebanon,LBN,Baalbek-El Hermel,LB8,Baalbek,LB21,20,2023-10-17T00:00:00,2023,10,4,Conflict,,,South,LB6,BA
54377,Displacement due to conflict,Lebanon,LBN,Mount Lebanon,LB3,Jbeil,LB34,77,2023-10-17T00:00:00,2023,10,4,Conflict,,,Mount Lebanon,LB3,BA
46497,Displacement due to conflict,Lebanon,LBN,Mount Lebanon,LB3,Chouf,LB33,30,2023-10-17T00:00:00,2023,10,4,Conflict,,,North,LB5,BA
49074,Displacement due to conflict,Lebanon,LBN,Bekaa,LB2,Rachaya,LB23,25,2023-10-17T00:00:00,2023,10,4,Conflict,,,El Nabatieh,LB4,BA
56838,Displacement due to conflict,Lebanon,LBN,El Nabatieh,LB4,Hasbaya,LB42,660,2023-10-17T00:00:00,2023,10,4,Conflict,,,El Nabatieh,LB4,BA
61873,Displacement due to conflict,Lebanon,LBN,Mount Lebanon,LB3,Kesrwane,LB35,35,2023-10-17T00:00:00,2023,10,4,Conflict,,,El Nabatieh,LB4,BA
60979,Displacement due to conflict,Lebanon,LBN,Mount Lebanon,LB3,Baabda,LB32,872,2023-10-17T00:00:00,2023,10,4,Conflict,,,El Nabatieh,LB4,BA
67527,Displacement due to conflict,Lebanon,LBN,Beirut,LB1,Beirut,LB11,1580,2023-10-17T00:00:00,2023,10,4,Conflict,,,El Nabatieh,LB4,BA
68429,Displacement due to conflict,Lebanon,LBN,Bekaa,LB2,West Bekaa,LB24,10,2023-10-17T00:00:00,2023,10,4,Conflict,,,Beirut,LB1,BA
81332,Displacement due to conflict,Lebanon,LBN,Bekaa,LB2,Zahle,LB25,30,2023-10-17T00:00:00,2023,10,4,Conflict,,,Beirut,LB1,BA
72802,Displacement due to conflict,Lebanon,LBN,Baalbek-El Hermel,LB8,Baalbek,LB21,12,2023-10-17T00:00:00,2023,10,4,Conflict,,,El Nabatieh,LB4,BA
71762,Displacement due to conflict,Lebanon,LBN,Baalbek-El Hermel,LB8,Baalbek,LB21,31,2023-10-17T00:00:00,2023,10,4,Conflict,,,Mount Lebanon,LB3,BA
87705,Displacement due to conflict,Lebanon,LBN,Beirut,LB1,Beirut,LB11,25,2023-10-17T00:00:00,2023,10,4,Conflict,,,Mount Lebanon,LB3,BA
95305,Displacement due to conflict,Lebanon,LBN,Mount Lebanon,LB3,Baabda,LB32,10,2023-10-17T00:00:00,2023,10,4,Conflict,,,Mount Lebanon,LB3,BA
95923,Displacement due to conflict,Lebanon,LBN,Baalbek-El Hermel,LB8,Baalbek,LB21,745,2023-10-17T00:00:00,2023,10,4,Conflict,,,Not available,Not available,BA
101780,Displacement due to conflict,Lebanon,LBN,Bekaa,LB2,West Bekaa,LB24,395,2023-10-17T00:00:00,2023,10,4,Conflict,,,El Nabatieh,LB4,BA
109646,Displacement due to conflict,Lebanon,LBN,El Nabatieh,LB4,Marjaayoun,LB43,5,2023-10-17T00:00:00,2023,10,4,Conflict,,,El Nabatieh,LB4,BA
106796,Displacement due to conflict,Lebanon,LBN,Mount Lebanon,LB3,Chouf,LB33,41,2023-10-17T00:00:00,2023,10,4,Conflict,,,Mount Lebanon,LB3,BA
110445,Displacement due to conflict,Lebanon,LBN,North,LB5,El Batroun,LB52,3,2023-10-17T00:00:00,2023,10,4,Conflict,,,El Nabatieh,LB4,BA
118986,Displacement due to conflict,Lebanon,LBN,South,LB6,Sour,LB63,309,2023-10-17T00:00:00,2023,10,4,Conflict,,,South,LB6,BA
115076,Displacement due to conflict,Lebanon,LBN,Bekaa,LB2,Zahle,LB25,25,2023-10-17T00:00:00,2023,10,4,Conflict,,,Not available,Not available,BA
115965,Displacement due to conflict,Lebanon,LBN,El Nabatieh,LB4,El Nabatieh,LB44,100,2023-10-17T00:00:00,2023,10,4,Conflict,,,Not available,Not available,BA
116105,Displacement due to conflict,Lebanon,LBN,North,LB5,El Koura,LB54,25,2023-10-17T00:00:00,2023,10,4,Conflict,,,Mount Lebanon,LB3,BA
122270,Displacement due to conflict,Lebanon,LBN,Mount Lebanon,LB3,Chouf,LB33,928,2023-10-17T00:00:00,2023,10,4,Conflict,,,El Nabatieh,LB4,BA
122273,Displacement due to conflict,Lebanon,LBN,Mount Lebanon,LB3,Chouf,LB33,50,2023-10-17T00:00:00,2023,10,4,Conflict,,,Not available,Not available,BA
121232,Displacement due to conflict,Lebanon,LBN,Mount Lebanon,LB3,El Meten,LB36,3,2023-10-17T00:00:00,2023,10,4,Conflict,,,Not available,Not available,BA
125159,Displacement due to conflict,Lebanon,LBN,South,LB6,Sour,LB63,106,2023-10-17T00:00:00,2023,10,4,Conflict,,,El Nabatieh,LB4,BA
130422,Displacement due to conflict,Lebanon,LBN,Mount Lebanon,LB3,Baabda,LB32,51,2023-10-17T00:00:00,2023,10,4,Conflict,,,South,LB6,BA
130528,Displacement due to conflict,Lebanon,LBN,Mount Lebanon,LB3,Chouf,LB33,23,2023-10-17T00:00:00,2023,10,4,Conflict,,,South,LB6,BA
132489,Displacement due to conflict,Lebanon,LBN,Mount Lebanon,LB3,El Meten,LB36,75,2023-10-17T00:00:00,2023,10,4,Conflict,,,South,LB6,BA
132502,Displacement due to conflict,Lebanon,LBN,Mount Lebanon,LB3,El Meten,LB36,225,2023-10-17T00:00:00,2023,10,4,Conflict,,,El Nabatieh,LB4,BA
134853,Displacement due to conflict,Lebanon,LBN,North,LB5,El Batroun,LB52,10,2023-10-17T00:00:00,2023,10,4,Conflict,,,Mount Lebanon,LB3,BA
133571,Displacement due to conflict,Lebanon,LBN,Baalbek-El Hermel,LB8,Baalbek,LB21,36,2023-10-18T00:00:00,2023,10,5,Conflict,,,Mount Lebanon,LB3,BA
133338,Displacement due to conflict,Lebanon,LBN,Bekaa,LB2,Rachaya,LB23,10,2023-10-18T00:00:00,2023,10,5,Conflict,,,South,LB6,BA
130607,Displacement due to conflict,Lebanon,LBN,Mount Lebanon,LB3,El Meten,LB36,225,2023-10-18T00:00:00,2023,10,5,Conflict,,,El Nabatieh,LB4,BA
129589,Displacement due to conflict,Lebanon,LBN,South,LB6,Saida,LB61,682,2023-10-18T00:00:00,2023,10,5,Conflict,,,South,LB6,BA
125697,Displacement due to conflict,Lebanon,LBN,Bekaa,LB2,West Bekaa,LB24,10,2023-10-18T00:00:00,2023,10,5,Conflict,,,Beirut,LB1,BA
121510,Displacement due to conflict,Lebanon,LBN,Mount Lebanon,LB3,Jbeil,LB34,84,2023-10-18T00:00:00,2023,10,5,Conflict,,,El Nabatieh,LB4,BA
113046,Displacement due to conflict,Lebanon,LBN,South,LB6,Jezzine,LB62,20,2023-10-18T00:00:00,2023,10,5,Conflict,,,Not available,Not available,BA
111775,Displacement due to conflict,Lebanon,LBN,Beirut,LB1,Beirut,LB11,160,2023-10-18T00:00:00,2023,10,5,Conflict,,,Not available,Not available,BA
111827,Displacement due to conflict,Lebanon,LBN,Mount Lebanon,LB3,Aley,LB31,645,2023-10-18T00:00:00,2023,10,5,Conflict,,,El Nabatieh,LB4,BA
106956,Displacement due to conflict,Lebanon,LBN,Mount Lebanon,LB3,Aley,LB31,555,2023-10-18T00:00:00,2023,10,5,Conflict,,,Not available,Not available,BA
108339,Displacement due to conflict,Lebanon,LBN,Mount Lebanon,LB3,Kesrwane,LB35,35,2023-10-18T00:00:00,2023,10,5,Conflict,,,El Nabatieh,LB4,BA
100683,Displacement due to conflict,Lebanon,LBN,South,LB6,Sour,LB63,614,2023-10-18T00:00:00,2023,10,5,Conflict,,,South,LB6,BA
104889,Displacement due to conflict,Lebanon,LBN,Bekaa,LB2,West Bekaa,LB24,405,2023-10-18T00:00:00,2023,10,5,Conflict,,,El Nabatieh,LB4,BA
102435,Displacement due to conflict,Lebanon,LBN,Mount Lebanon,LB3,Baabda,LB32,121,2023-10-18T00:00:00,2023,10,5,Conflict,,,South,LB6,BA
103568,Displacement due to conflict,Lebanon,LBN,Baalbek-El Hermel,LB8,Baalbek,LB21,22,2023-10-18T00:00:00,2023,10,5,Conflict,,,El Nabatieh,LB4,BA
103593,Displacement due to conflict,Lebanon,LBN,Beirut,LB1,Beirut,LB11,1580,2023-10-18T00:00:00,2023,10,5,Conflict,,,El Nabatieh,LB4,BA
97145,Displacement due to conflict,Lebanon,LBN,Mount Lebanon,LB3,Jbeil,LB34,50,2023-10-18T00:00:00,2023,10,5,Conflict,,,Not available,Not available,BA
98217,Displacement due to conflict,Lebanon,LBN,Bekaa,LB2,Zahle,LB25,15,2023-10-18T00:00:00,2023,10,5,Conflict,,,El Nabatieh,LB4,BA
94684,Displacement due to conflict,Lebanon,LBN,Mount Lebanon,LB3,Baabda,LB32,50,2023-10-18T00:00:00,2023,10,5,Conflict,,,Not available,Not available,BA
94796,Displacement due to conflict,Lebanon,LBN,Beirut,LB1,Beirut,LB11,417,2023-10-18T00:00:00,2023,10,5,Conflict,,,South,LB6,BA
91486,Displacement due to conflict,Lebanon,LBN,Baalbek-El Hermel,LB8,Baalbek,LB21,20,2023-10-18T00:00:00,2023,10,5,Conflict,,,South,LB6,BA
91671,Displacement due to conflict,Lebanon,LBN,El Nabatieh,LB4,El Nabatieh,LB44,100,2023-10-18T00:00:00,2023,10,5,Conflict,,,Not available,Not available,BA
89862,Displacement due to conflict,Lebanon,LBN,Mount Lebanon,LB3,Chouf,LB33,963,2023-10-18T00:00:00,2023,10,5,Conflict,,,El Nabatieh,LB4,BA
89577,Displacement due to conflict,Lebanon,LBN,Bekaa,LB2,Zahle,LB25,30,2023-10-18T00:00:00,2023,10,5,Conflict,,,Beirut,LB1,BA
76393,Displacement due to conflict,Lebanon,LBN,El Nabatieh,LB4,El Nabatieh,LB44,397,2023-10-18T00:00:00,2023,10,5,Conflict,,,El Nabatieh,LB4,BA
81764,Displacement due to conflict,Lebanon,LBN,Baalbek-El Hermel,LB8,Baalbek,LB21,90,2023-10-18T00:00:00,2023,10,5,Conflict,,,Beirut,LB1,BA
82138,Displacement due to conflict,Lebanon,LBN,Bekaa,LB2,Rachaya,LB23,80,2023-10-18T00:00:00,2023,10,5,Conflict,,,El Nabatieh,LB4,BA
78327,Displacement due to conflict,Lebanon,LBN,Mount Lebanon,LB3,El Meten,LB36,53,2023-10-18T00:00:00,2023,10,5,Conflict,,,Not available,Not available,BA
78645,Displacement due to conflict,Lebanon,LBN,Mount Lebanon,LB3,Baabda,LB32,982,2023-10-18T00:00:00,2023,10,5,Conflict,,,El Nabatieh,LB4,BA
79952,Displacement due to conflict,Lebanon,LBN,South,LB6,Saida,LB61,10,2023-10-18T00:00:00,2023,10,5,Conflict,,,Not available,Not available,BA
80862,Displacement due to conflict,Lebanon,LBN,El Nabatieh,LB4,Hasbaya,LB42,715,2023-10-18T00:00:00,2023,10,5,Conflict,,,El Nabatieh,LB4,BA
64404,Displacement due to conflict,Lebanon,LBN,South,LB6,Saida,LB61,1543,2023-10-18T00:00:00,2023,10,5,Conflict,,,El Nabatieh,LB4,BA
57351,Displacement due to conflict,Lebanon,LBN,Mount Lebanon,LB3,Jbeil,LB34,77,2023-10-18T00:00:00,2023,10,5,Conflict,,,Mount Lebanon,LB3,BA
57400,Displacement due to conflict,Lebanon,LBN,Baalbek-El Hermel,LB8,El Hermel,LB22,60,2023-10-18T00:00:00,2023,10,5,Conflict,,,South,LB6,BA
47747,Displacement due to conflict,Lebanon,LBN,Mount Lebanon,LB3,Chouf,LB33,11,2023-10-18T00:00:00,2023,10,5,Conflict,,,Mount Lebanon,LB3,BA
44686,Displacement due to conflict,Lebanon,LBN,Mount Lebanon,LB3,Chouf,LB33,100,2023-10-18T00:00:00,2023,10,5,Conflict,,,Not available,Not available,BA
52290,Displacement due to conflict,Lebanon,LBN,Baalbek-El Hermel,LB8,El Hermel,LB22,15,2023-10-18T00:00:00,2023,10,5,Conflict,,,Beirut,LB1,BA
41535,Displacement due to conflict,Lebanon,LBN,Mount Lebanon,LB3,Baabda,LB32,10,2023-10-18T00:00:00,2023,10,5,Conflict,,,Mount Lebanon,LB3,BA
39643,Displacement due to conflict,Lebanon,LBN,North,LB5,El Koura,LB54,25,2023-10-18T00:00:00,2023,10,5,Conflict,,,Mount Lebanon,LB3,BA
39821,Displacement due to conflict,Lebanon,LBN,Mount Lebanon,LB3,Aley,LB31,277,2023-10-18T00:00:00,2023,10,5,Conflict,,,Mount Lebanon,LB3,BA
35852,Displacement due to conflict,Lebanon,LBN,Baalbek-El Hermel,LB8,Baalbek,LB21,745,2023-10-18T00:00:00,2023,10,5,Conflict,,,Not available,Not available,BA
32898,Displacement due to conflict,Lebanon,LBN,Mount Lebanon,LB3,Chouf,LB33,108,2023-10-18T00:00:00,2023,10,5,Conflict,,,South,LB6,BA
23329,Displacement due to conflict,Lebanon,LBN,Mount Lebanon,LB3,Aley,LB31,134,2023-10-18T00:00:00,2023,10,5,Conflict,,,South,LB6,BA
25614,Displacement due to conflict,Lebanon,LBN,Beirut,LB1,Beirut,LB11,30,2023-10-18T00:00:00,2023,10,5,Conflict,,,Mount Lebanon,LB3,BA
26258,Displacement due to conflict,Lebanon,LBN,Baalbek-El Hermel,LB8,El Hermel,LB22,30,2023-10-18T00:00:00,2023,10,5,Conflict,,,Not available,Not available,BA
20035,Displacement due to conflict,Lebanon,LBN,North,LB5,El Batroun,LB52,3,2023-10-18T00:00:00,2023,10,5,Conflict,,,El Nabatieh,LB4,BA
16992,Displacement due to conflict,Lebanon,LBN,Bekaa,LB2,Zahle,LB25,25,2023-10-18T00:00:00,2023,10,5,Conflict,,,Not available,Not available,BA
17973,Displacement due to conflict,Lebanon,LBN,Mount Lebanon,LB3,El Meten,LB36,125,2023-10-18T00:00:00,2023,10,5,Conflict,,,South,LB6,BA
14124,Displacement due to conflict,Lebanon,LBN,El Nabatieh,LB4,Marjaayoun,LB43,5,2023-10-18T00:00:00,2023,10,5,Conflict,,,El Nabatieh,LB4,BA
5952,Displacement due to conflict,Lebanon,LBN,South,LB6,Jezzine,LB62,9,2023-10-18T00:00:00,2023,10,5,Conflict,,,South,LB6,BA
5619,Displacement due to conflict,Lebanon,LBN,North,LB5,El Batroun,LB52,10,2023-10-18T00:00:00,2023,10,5,Conflict,,,Mount Lebanon,LB3,BA
3399,Displacement due to conflict,Lebanon,LBN,South,LB6,Sour,LB63,331,2023-10-18T00:00:00,2023,10,5,Conflict,,,El Nabatieh,LB4,BA
911,Displacement due to conflict,Lebanon,LBN,Mount Lebanon,LB3,Kesrwane,LB35,5,2023-10-18T00:00:00,2023,10,5,Conflict,,,South,LB6,BA
1225,Displacement due to conflict,Lebanon,LBN,Mount Lebanon,LB3,Kesrwane,LB35,5,2023-10-21T00:00:00,2023,10,6,Conflict,,,South,LB6,BA
2171,Displacement due to conflict,Lebanon,LBN,South,LB6,Saida,LB61,1711,2023-10-21T00:00:00,2023,10,6,Conflict,,,El Nabatieh,LB4,BA
5263,Displacement due to conflict,Lebanon,LBN,El Nabatieh,LB4,El Nabatieh,LB44,1125,2023-10-21T00:00:00,2023,10,6,Conflict,,,Not available,Not available,BA
4002,Displacement due to conflict,Lebanon,LBN,Mount Lebanon,LB3,El Meten,LB36,225,2023-10-21T00:00:00,2023,10,6,Conflict,,,El Nabatieh,LB4,BA
6554,Displacement due to conflict,Lebanon,LBN,Mount Lebanon,LB3,Jbeil,LB34,97,2023-10-21T00:00:00,2023,10,6,Conflict,,,Mount Lebanon,LB3,BA
6634,Displacement due to conflict,Lebanon,LBN,El Nabatieh,LB4,Marjaayoun,LB43,35,2023-10-21T00:00:00,2023,10,6,Conflict,,,El Nabatieh,LB4,BA
7397,Displacement due to conflict,Lebanon,LBN,North,LB5,El Batroun,LB52,3,2023-10-21T00:00:00,2023,10,6,Conflict,,,El Nabatieh,LB4,BA
12490,Displacement due to conflict,Lebanon,LBN,Baalbek-El Hermel,LB8,El Hermel,LB22,105,2023-10-21T00:00:00,2023,10,6,Conflict,,,Beirut,LB1,BA
12684,Displacement due to conflict,Lebanon,LBN,Mount Lebanon,LB3,Kesrwane,LB35,35,2023-10-21T00:00:00,2023,10,6,Conflict,,,El Nabatieh,LB4,BA
10933,Displacement due to conflict,Lebanon,LBN,South,LB6,Jezzine,LB62,20,2023-10-21T00:00:00,2023,10,6,Conflict,,,Not available,Not available,BA
11551,Displacement due to conflict,Lebanon,LBN,South,LB6,Sour,LB63,614,2023-10-21T00:00:00,2023,10,6,Conflict,,,South,LB6,BA
7825,Displacement due to conflict,Lebanon,LBN,Beirut,LB1,Beirut,LB11,1580,2023-10-21T00:00:00,2023,10,6,Conflict,,,El Nabatieh,LB4,BA
17871,Displacement due to conflict,Lebanon,LBN,South,LB6,Saida,LB61,15,2023-10-21T00:00:00,2023,10,6,Conflict,,,Not available,Not available,BA
14566,Displacement due to conflict,Lebanon,LBN,El Nabatieh,LB4,Hasbaya,LB42,10,2023-10-21T00:00:00,2023,10,6,Conflict,,,Mount Lebanon,LB3,BA
14627,Displacement due to conflict,Lebanon,LBN,Mount Lebanon,LB3,Jbeil,LB34,50,2023-10-21T00:00:00,2023,10,6,Conflict,,,Not available,Not available,BA
19031,Displacement due to conflict,Lebanon,LBN,Mount Lebanon,LB3,Baabda,LB32,10,2023-10-21T00:00:00,2023,10,6,Conflict,,,Mount Lebanon,LB3,BA
26693,Displacement due to conflict,Lebanon,LBN,El Nabatieh,LB4,Hasbaya,LB42,10,2023-10-21T00:00:00,2023,10,6,Conflict,,,South,LB6,BA
28198,Displacement due to conflict,Lebanon,LBN,El Nabatieh,LB4,Hasbaya,LB42,880,2023-10-21T00:00:00,2023,10,6,Conflict,,,El Nabatieh,LB4,BA
27704,Displacement due to conflict,Lebanon,LBN,Beirut,LB1,Beirut,LB11,417,2023-10-21T00:00:00,2023,10,6,Conflict,,,South,LB6,BA
23423,Displacement due to conflict,Lebanon,LBN,Baalbek-El Hermel,LB8,El Hermel,LB22,40,2023-10-21T00:00:00,2023,10,6,Conflict,,,Baalbek-El Hermel,LB8,BA
22282,Displacement due to conflict,Lebanon,LBN,Bekaa,LB2,Rachaya,LB23,80,2023-10-21T00:00:00,2023,10,6,Conflict,,,El Nabatieh,LB4,BA
24989,Displacement due to conflict,Lebanon,LBN,Mount Lebanon,LB3,Baabda,LB32,141,2023-10-21T00:00:00,2023,10,6,Conflict,,,South,LB6,BA
35360,Displacement due to conflict,Lebanon,LBN,Mount Lebanon,LB3,Aley,LB31,1245,2023-10-21T00:00:00,2023,10,6,Conflict,,,El Nabatieh,LB4,BA
32237,Displacement due to conflict,Lebanon,LBN,Baalbek-El Hermel,LB8,Baalbek,LB21,55,2023-10-21T00:00:00,2023,10,6,Conflict,,,Baalbek-El Hermel,LB8,BA
36161,Displacement due to conflict,Lebanon,LBN,Bekaa,LB2,Zahle,LB25,30,2023-10-21T00:00:00,2023,10,6,Conflict,,,Beirut,LB1,BA
42479,Displacement due to conflict,Lebanon,LBN,Bekaa,LB2,West Bekaa,LB24,10,2023-10-21T00:00:00,2023,10,6,Conflict,,,Beirut,LB1,BA
52228,Displacement due to conflict,Lebanon,LBN,Baalbek-El Hermel,LB8,El Hermel,LB22,120,2023-10-21T00:00:00,2023,10,6,Conflict,,,Not available,Not available,BA
49333,Displacement due to conflict,Lebanon,LBN,Bekaa,LB2,Rachaya,LB23,10,2023-10-21T00:00:00,2023,10,6,Conflict,,,South,LB6,BA
54011,Displacement due to conflict,Lebanon,LBN,North,LB5,El Koura,LB54,25,2023-10-21T00:00:00,2023,10,6,Conflict,,,Mount Lebanon,LB3,BA
53073,Displacement due to conflict,Lebanon,LBN,South,LB6,Sour,LB63,50,2023-10-21T00:00:00,2023,10,6,Conflict,,,Mount Lebanon,LB3,BA
45273,Displacement due to conflict,Lebanon,LBN,Baalbek-El Hermel,LB8,El Hermel,LB22,60,2023-10-21T00:00:00,2023,10,6,Conflict,,,South,LB6,BA
43091,Displacement due to conflict,Lebanon,LBN,Mount Lebanon,LB3,Baabda,LB32,1042,2023-10-21T00:00:00,2023,10,6,Conflict,,,El Nabatieh,LB4,BA
47705,Displacement due to conflict,Lebanon,LBN,Mount Lebanon,LB3,Chouf,LB33,530,2023-10-21T00:00:00,2023,10,6,Conflict,,,Not available,Not available,BA
60010,Displacement due to conflict,Lebanon,LBN,Mount Lebanon,LB3,Baabda,LB32,265,2023-10-21T00:00:00,2023,10,6,Conflict,,,Not available,Not available,BA
61686,Displacement due to conflict,Lebanon,LBN,El Nabatieh,LB4,Hasbaya,LB42,10,2023-10-21T00:00:00,2023,10,6,Conflict,,,Bekaa,LB2,BA
78488,Displacement due to conflict,Lebanon,LBN,El Nabatieh,LB4,El Nabatieh,LB44,622,2023-10-21T00:00:00,2023,10,6,Conflict,,,El Nabatieh,LB4,BA
79304,Displacement due to conflict,Lebanon,LBN,Baalbek-El Hermel,LB8,Baalbek,LB21,90,2023-10-21T00:00:00,2023,10,6,Conflict,,,Beirut,LB1,BA
83983,Displacement due to conflict,Lebanon,LBN,Bekaa,LB2,Zahle,LB25,15,2023-10-21T00:00:00,2023,10,6,Conflict,,,El Nabatieh,LB4,BA
76995,Displacement due to conflict,Lebanon,LBN,Mount Lebanon,LB3,Chouf,LB33,988,2023-10-21T00:00:00,2023,10,6,Conflict,,,El Nabatieh,LB4,BA
71492,Displacement due to conflict,Lebanon,LBN,Baalbek-El Hermel,LB8,Baalbek,LB21,20,2023-10-21T00:00:00,2023,10,6,Conflict,,,South,LB6,BA
71532,Displacement due to conflict,Lebanon,LBN,Baalbek-El Hermel,LB8,El Hermel,LB22,335,2023-10-21T00:00:00,2023,10,6,Conflict,,,Mount Lebanon,LB3,BA
74587,Displacement due to conflict,Lebanon,LBN,Beirut,LB1,Beirut,LB11,365,2023-10-21T00:00:00,2023,10,6,Conflict,,,Not available,Not available,BA
73363,Displacement due to conflict,Lebanon,LBN,South,LB6,Saida,LB61,50,2023-10-21T00:00:00,2023,10,6,Conflict,,,Mount Lebanon,LB3,BA
91713,Displacement due to conflict,Lebanon,LBN,Mount Lebanon,LB3,Aley,LB31,277,2023-10-21T00:00:00,2023,10,6,Conflict,,,Mount Lebanon,LB3,BA
90427,Displacement due to conflict,Lebanon,LBN,South,LB6,Sour,LB63,458,2023-10-21T00:00:00,2023,10,6,Conflict,,,El Nabatieh,LB4,BA
84769,Displacement due to conflict,Lebanon,LBN,North,LB5,Zgharta,LB57,60,2023-10-21T00:00:00,2023,10,6,Conflict,,,El Nabatieh,LB4,BA
85937,Displacement due to conflict,Lebanon,LBN,South,LB6,Jezzine,LB62,9,2023-10-21T00:00:00,2023,10,6,Conflict,,,South,LB6,BA
94203,Displacement due to conflict,Lebanon,LBN,Bekaa,LB2,Zahle,LB25,50,2023-10-21T00:00:00,2023,10,6,Conflict,,,Not available,Not available,BA
97252,Displacement due to conflict,Lebanon,LBN,South,LB6,Sour,LB63,1152,2023-10-21T00:00:00,2023,10,6,Conflict,,,Not available,Not available,BA
96940,Displacement due to conflict,Lebanon,LBN,Bekaa,LB2,West Bekaa,LB24,440,2023-10-21T00:00:00,2023,10,6,Conflict,,,El Nabatieh,LB4,BA
100622,Displacement due to conflict,Lebanon,LBN,Beirut,LB1,Beirut,LB11,30,2023-10-21T00:00:00,2023,10,6,Conflict,,,Mount Lebanon,LB3,BA
100923,Displacement due to conflict,Lebanon,LBN,South,LB6,Saida,LB61,682,2023-10-21T00:00:00,2023,10,6,Conflict,,,South,LB6,BA
100060,Displacement due to conflict,Lebanon,LBN,Bekaa,LB2,West Bekaa,LB24,5,2023-10-21T00:00:00,2023,10,6,Conflict,,,Not available,Not available,BA
111359,Displacement due to conflict,Lebanon,LBN,North,LB5,El Batroun,LB52,10,2023-10-21T00:00:00,2023,10,6,Conflict,,,Mount Lebanon,LB3,BA
112582,Displacement due to conflict,Lebanon,LBN,Mount Lebanon,LB3,Chouf,LB33,11,2023-10-21T00:00:00,2023,10,6,Conflict,,,Mount Lebanon,LB3,BA
118586,Displacement due to conflict,Lebanon,LBN,Mount Lebanon,LB3,El Meten,LB36,53,2023-10-21T00:00:00,2023,10,6,Conflict,,,Not available,Not available,BA
118096,Displacement due to conflict,Lebanon,LBN,Mount Lebanon,LB3,El Meten,LB36,125,2023-10-21T00:00:00,2023,10,6,Conflict,,,South,LB6,BA
117341,Displacement due to conflict,Lebanon,LBN,Baalbek-El Hermel,LB8,Baalbek,LB21,146,2023-10-21T00:00:00,2023,10,6,Conflict,,,Mount Lebanon,LB3,BA
126000,Displacement due to conflict,Lebanon,LBN,Mount Lebanon,LB3,Chouf,LB33,283,2023-10-21T00:00:00,2023,10,6,Conflict,,,South,LB6,BA
125166,Displacement due to conflict,Lebanon,LBN,Baalbek-El Hermel,LB8,Baalbek,LB21,22,2023-10-21T00:00:00,2023,10,6,Conflict,,,El Nabatieh,LB4,BA
123822,Displacement due to conflict,Lebanon,LBN,Mount Lebanon,LB3,Aley,LB31,1620,2023-10-21T00:00:00,2023,10,6,Conflict,,,Not available,Not available,BA
124180,Displacement due to conflict,Lebanon,LBN,Mount Lebanon,LB3,Jbeil,LB34,104,2023-10-21T00:00:00,2023,10,6,Conflict,,,El Nabatieh,LB4,BA
124361,Displacement due to conflict,Lebanon,LBN,Baalbek-El Hermel,LB8,Baalbek,LB21,830,2023-10-21T00:00:00,2023,10,6,Conflict,,,Not available,Not available,BA
128980,Displacement due to conflict,Lebanon,LBN,Mount Lebanon,LB3,Aley,LB31,134,2023-10-21T00:00:00,2023,10,6,Conflict,,,South,LB6,BA
126837,Displacement due to conflict,Lebanon,LBN,Baalbek-El Hermel,LB8,Baalbek,LB21,55,2023-10-23T00:00:00,2023,10,7,Conflict,,,Baalbek-El Hermel,LB8,BA
127533,Displacement due to conflict,Lebanon,LBN,Bekaa,LB2,Rachaya,LB23,130,2023-10-23T00:00:00,2023,10,7,Conflict,,,El Nabatieh,LB4,BA
124308,Displacement due to conflict,Lebanon,LBN,South,LB6,Saida,LB61,50,2023-10-23T00:00:00,2023,10,7,Conflict,,,Mount Lebanon,LB3,BA
123959,Displacement due to conflict,Lebanon,LBN,North,LB5,El Batroun,LB52,10,2023-10-23T00:00:00,2023,10,7,Conflict,,,Mount Lebanon,LB3,BA
124914,Displacement due to conflict,Lebanon,LBN,El Nabatieh,LB4,Hasbaya,LB42,10,2023-10-23T00:00:00,2023,10,7,Conflict,,,South,LB6,BA
121142,Displacement due to conflict,Lebanon,LBN,South,LB6,Saida,LB61,15,2023-10-23T00:00:00,2023,10,7,Conflict,,,Not available,Not available,BA
122866,Displacement due to conflict,Lebanon,LBN,Mount Lebanon,LB3,El Meten,LB36,53,2023-10-23T00:00:00,2023,10,7,Conflict,,,Not available,Not available,BA
120313,Displacement due to conflict,Lebanon,LBN,Bekaa,LB2,Rachaya,LB23,55,2023-10-23T00:00:00,2023,10,7,Conflict,,,South,LB6,BA
120143,Displacement due to conflict,Lebanon,LBN,Mount Lebanon,LB3,Jbeil,LB34,50,2023-10-23T00:00:00,2023,10,7,Conflict,,,Not available,Not available,BA
116595,Displacement due to conflict,Lebanon,LBN,Bekaa,LB2,West Bekaa,LB24,50,2023-10-23T00:00:00,2023,10,7,Conflict,,,Not available,Not available,BA
118798,Displacement due to conflict,Lebanon,LBN,Bekaa,LB2,West Bekaa,LB24,455,2023-10-23T00:00:00,2023,10,7,Conflict,,,El Nabatieh,LB4,BA
115780,Displacement due to conflict,Lebanon,LBN,Beirut,LB1,Beirut,LB11,417,2023-10-23T00:00:00,2023,10,7,Conflict,,,South,LB6,BA
112073,Displacement due to conflict,Lebanon,LBN,Mount Lebanon,LB3,Aley,LB31,144,2023-10-23T00:00:00,2023,10,7,Conflict,,,South,LB6,BA
110193,Displacement due to conflict,Lebanon,LBN,North,LB5,El Batroun,LB52,3,2023-10-23T00:00:00,2023,10,7,Conflict,,,El Nabatieh,LB4,BA
110946,Displacement due to conflict,Lebanon,LBN,Mount Lebanon,LB3,Jbeil,LB34,97,2023-10-23T00:00:00,2023,10,7,Conflict,,,Mount Lebanon,LB3,BA
108138,Displacement due to conflict,Lebanon,LBN,Baalbek-El Hermel,LB8,El Hermel,LB22,40,2023-10-23T00:00:00,2023,10,7,Conflict,,,Baalbek-El Hermel,LB8,BA
106963,Displacement due to conflict,Lebanon,LBN,South,LB6,Sour,LB63,673,2023-10-23T00:00:00,2023,10,7,Conflict,,,El Nabatieh,LB4,BA
107862,Displacement due to conflict,Lebanon,LBN,Bekaa,LB2,West Bekaa,LB24,10,2023-10-23T00:00:00,2023,10,7,Conflict,,,Beirut,LB1,BA
100573,Displacement due to conflict,Lebanon,LBN,South,LB6,Saida,LB61,682,2023-10-23T00:00:00,2023,10,7,Conflict,,,South,LB6,BA
101667,Displacement due to conflict,Lebanon,LBN,El Nabatieh,LB4,El Nabatieh,LB44,632,2023-10-23T00:00:00,2023,10,7,Conflict,,,El Nabatieh,LB4,BA
103822,Displacement due to conflict,Lebanon,LBN,South,LB6,Saida,LB61,1736,2023-10-23T00:00:00,2023,10,7,Conflict,,,El Nabatieh,LB4,BA
102540,Displacement due to conflict,Lebanon,LBN,Mount Lebanon,LB3,Baabda,LB32,1045,2023-10-23T00:00:00,2023,10,7,Conflict,,,El Nabatieh,LB4,BA
96517,Displacement due to conflict,Lebanon,LBN,Mount Lebanon,LB3,Baabda,LB32,10,2023-10-23T00:00:00,2023,10,7,Conflict,,,Mount Lebanon,LB3,BA
96824,Displacement due to conflict,Lebanon,LBN,Baalbek-El Hermel,LB8,El Hermel,LB22,105,2023-10-23T00:00:00,2023,10,7,Conflict,,,Beirut,LB1,BA
92244,Displacement due to conflict,Lebanon,LBN,Baalbek-El Hermel,LB8,El Hermel,LB22,60,2023-10-23T00:00:00,2023,10,7,Conflict,,,South,LB6,BA
93431,Displacement due to conflict,Lebanon,LBN,South,LB6,Sour,LB63,794,2023-10-23T00:00:00,2023,10,7,Conflict,,,Not available,Not available,BA
91777,Displacement due to conflict,Lebanon,LBN,Mount Lebanon,LB3,Aley,LB31,1261,2023-10-23T00:00:00,2023,10,7,Conflict,,,El Nabatieh,LB4,BA
77835,Displacement due to conflict,Lebanon,LBN,South,LB6,Jezzine,LB62,214,2023-10-23T00:00:00,2023,10,7,Conflict,,,South,LB6,BA
77838,Displacement due to conflict,Lebanon,LBN,Baalbek-El Hermel,LB8,El Hermel,LB22,120,2023-10-23T00:00:00,2023,10,7,Conflict,,,Not available,Not available,BA
76281,Displacement due to conflict,Lebanon,LBN,North,LB5,Zgharta,LB57,60,2023-10-23T00:00:00,2023,10,7,Conflict,,,El Nabatieh,LB4,BA
76010,Displacement due to conflict,Lebanon,LBN,Bekaa,LB2,Zahle,LB25,15,2023-10-23T00:00:00,2023,10,7,Conflict,,,El Nabatieh,LB4,BA
82717,Displacement due to conflict,Lebanon,LBN,Baalbek-El Hermel,LB8,Baalbek,LB21,830,2023-10-23T00:00:00,2023,10,7,Conflict,,,Not available,Not available,BA
80504,Displacement due to conflict,Lebanon,LBN,Beirut,LB1,Beirut,LB11,30,2023-10-23T00:00:00,2023,10,7,Conflict,,,Mount Lebanon,LB3,BA
80605,Displacement due to conflict,Lebanon,LBN,Bekaa,LB2,Zahle,LB25,230,2023-10-23T00:00:00,2023,10,7,Conflict,,,Not available,Not available,BA
60445,Displacement due to conflict,Lebanon,LBN,Baalbek-El Hermel,LB8,Baalbek,LB21,20,2023-10-23T00:00:00,2023,10,7,Conflict,,,South,LB6,BA
58245,Displacement due to conflict,Lebanon,LBN,Mount Lebanon,LB3,Kesrwane,LB35,40,2023-10-23T00:00:00,2023,10,7,Conflict,,,El Nabatieh,LB4,BA
68572,Displacement due to conflict,Lebanon,LBN,Mount Lebanon,LB3,Kesrwane,LB35,5,2023-10-23T00:00:00,2023,10,7,Conflict,,,South,LB6,BA
47163,Displacement due to conflict,Lebanon,LBN,South,LB6,Sour,LB63,614,2023-10-23T00:00:00,2023,10,7,Conflict,,,South,LB6,BA
48421,Displacement due to conflict,Lebanon,LBN,Baalbek-El Hermel,LB8,El Hermel,LB22,335,2023-10-23T00:00:00,2023,10,7,Conflict,,,Mount Lebanon,LB3,BA
52853,Displacement due to conflict,Lebanon,LBN,Mount Lebanon,LB3,Baabda,LB32,146,2023-10-23T00:00:00,2023,10,7,Conflict,,,South,LB6,BA
55373,Displacement due to conflict,Lebanon,LBN,Mount Lebanon,LB3,Chouf,LB33,1304,2023-10-23T00:00:00,2023,10,7,Conflict,,,El Nabatieh,LB4,BA
49363,Displacement due to conflict,Lebanon,LBN,Mount Lebanon,LB3,Chouf,LB33,328,2023-10-23T00:00:00,2023,10,7,Conflict,,,South,LB6,BA
51377,Displacement due to conflict,Lebanon,LBN,El Nabatieh,LB4,Hasbaya,LB42,10,2023-10-23T00:00:00,2023,10,7,Conflict,,,Mount Lebanon,LB3,BA
42150,Displacement due to conflict,Lebanon,LBN,Bekaa,LB2,Rachaya,LB23,20,2023-10-23T00:00:00,2023,10,7,Conflict,,,Not available,Not available,BA
39854,Displacement due to conflict,Lebanon,LBN,South,LB6,Jezzine,LB62,53,2023-10-23T00:00:00,2023,10,7,Conflict,,,Mount Lebanon,LB3,BA
40358,Displacement due to conflict,Lebanon,LBN,Beirut,LB1,Beirut,LB11,365,2023-10-23T00:00:00,2023,10,7,Conflict,,,Not available,Not available,BA
37151,Displacement due to conflict,Lebanon,LBN,El Nabatieh,LB4,El Nabatieh,LB44,1125,2023-10-23T00:00:00,2023,10,7,Conflict,,,Not available,Not available,BA
36426,Displacement due to conflict,Lebanon,LBN,Mount Lebanon,LB3,El Meten,LB36,125,2023-10-23T00:00:00,2023,10,7,Conflict,,,South,LB6,BA
37883,Displacement due to conflict,Lebanon,LBN,Mount Lebanon,LB3,Aley,LB31,277,2023-10-23T00:00:00,2023,10,7,Conflict,,,Mount Lebanon,LB3,BA
38839,Displacement due to conflict,Lebanon,LBN,South,LB6,Jezzine,LB62,30,2023-10-23T00:00:00,2023,10,7,Conflict,,,El Nabatieh,LB4,BA
30751,Displacement due to conflict,Lebanon,LBN,Mount Lebanon,LB3,Chouf,LB33,891,2023-10-23T00:00:00,2023,10,7,Conflict,,,Not available,Not available,BA
31389,Displacement due to conflict,Lebanon,LBN,North,LB5,El Koura,LB54,5,2023-10-23T00:00:00,2023,10,7,Conflict,,,South,LB6,BA
30094,Displacement due to conflict,Lebanon,LBN,Beirut,LB1,Beirut,LB11,1621,2023-10-23T00:00:00,2023,10,7,Conflict,,,El Nabatieh,LB4,BA
29971,Displacement due to conflict,Lebanon,LBN,Mount Lebanon,LB3,El Meten,LB36,241,2023-10-23T00:00:00,2023,10,7,Conflict,,,El Nabatieh,LB4,BA
30077,Displacement due to conflict,Lebanon,LBN,Baalbek-El Hermel,LB8,Baalbek,LB21,22,2023-10-23T00:00:00,2023,10,7,Conflict,,,El Nabatieh,LB4,BA
33962,Displacement due to conflict,Lebanon,LBN,Bekaa,LB2,Zahle,LB25,30,2023-10-23T00:00:00,2023,10,7,Conflict,,,Beirut,LB1,BA
24719,Displacement due to conflict,Lebanon,LBN,Baalbek-El Hermel,LB8,Baalbek,LB21,146,2023-10-23T00:00:00,2023,10,7,Conflict,,,Mount Lebanon,LB3,BA
25358,Displacement due to conflict,Lebanon,LBN,El Nabatieh,LB4,Marjaayoun,LB43,30,2023-10-23T00:00:00,2023,10,7,Conflict,,,El Nabatieh,LB4,BA
21836,Displacement due to conflict,Lebanon,LBN,Baalbek-El Hermel,LB8,Baalbek,LB21,90,2023-10-23T00:00:00,2023,10,7,Conflict,,,Beirut,LB1,BA
23658,Displacement due to conflict,Lebanon,LBN,North,LB5,El Koura,LB54,25,2023-10-23T00:00:00,2023,10,7,Conflict,,,Mount Lebanon,LB3,BA
27180,Displacement due to conflict,Lebanon,LBN,Mount Lebanon,LB3,Jbeil,LB34,104,2023-10-23T00:00:00,2023,10,7,Conflict,,,El Nabatieh,LB4,BA
28970,Displacement due to conflict,Lebanon,LBN,South,LB6,Jezzine,LB62,70,2023-10-23T00:00:00,2023,10,7,Conflict,,,Not available,Not available,BA
20601,Displacement due to conflict,Lebanon,LBN,Mount Lebanon,LB3,Chouf,LB33,60,2023-10-23T00:00:00,2023,10,7,Conflict,,,Mount Lebanon,LB3,BA
20872,Displacement due to conflict,Lebanon,LBN,Mount Lebanon,LB3,Baabda,LB32,275,2023-10-23T00:00:00,2023,10,7,Conflict,,,Not available,Not available,BA
16515,Displacement due to conflict,Lebanon,LBN,Mount Lebanon,LB3,Aley,LB31,1620,2023-10-23T00:00:00,2023,10,7,Conflict,,,Not available,Not available,BA
7781,Displacement due to conflict,Lebanon,LBN,El Nabatieh,LB4,Hasbaya,LB42,890,2023-10-23T00:00:00,2023,10,7,Conflict,,,El Nabatieh,LB4,BA
8301,Displacement due to conflict,Lebanon,LBN,El Nabatieh,LB4,Hasbaya,LB42,10,2023-10-23T00:00:00,2023,10,7,Conflict,,,Bekaa,LB2,BA
12514,Displacement due to conflict,Lebanon,LBN,South,LB6,Sour,LB63,50,2023-10-23T00:00:00,2023,10,7,Conflict,,,Mount Lebanon,LB3,BA
12498,Displacement due to conflict,Lebanon,LBN,El Nabatieh,LB4,Hasbaya,LB42,10,2023-10-26T00:00:00,2023,10,8,Conflict,,,South,LB6,BA
12407,Displacement due to conflict,Lebanon,LBN,Baalbek-El Hermel,LB8,El Hermel,LB22,60,2023-10-26T00:00:00,2023,10,8,Conflict,,,South,LB6,BA
8239,Displacement due to conflict,Lebanon,LBN,Bekaa,LB2,West Bekaa,LB24,50,2023-10-26T00:00:00,2023,10,8,Conflict,,,Not available,Not available,BA
9857,Displacement due to conflict,Lebanon,LBN,North,LB5,Zgharta,LB57,60,2023-10-26T00:00:00,2023,10,8,Conflict,,,El Nabatieh,LB4,BA
10854,Displacement due to conflict,Lebanon,LBN,South,LB6,Saida,LB61,3516,2023-10-26T00:00:00,2023,10,8,Conflict,,,El Nabatieh,LB4,BA
5845,Displacement due to conflict,Lebanon,LBN,North,LB5,El Koura,LB54,25,2023-10-26T00:00:00,2023,10,8,Conflict,,,Mount Lebanon,LB3,BA
2242,Displacement due to conflict,Lebanon,LBN,South,LB6,Saida,LB61,945,2023-10-26T00:00:00,2023,10,8,Conflict,,,Not available,Not available,BA
3066,Displacement due to conflict,Lebanon,LBN,Bekaa,LB2,Zahle,LB25,225,2023-10-26T00:00:00,2023,10,8,Conflict,,,Not available,Not available,BA
15368,Displacement due to conflict,Lebanon,LBN,South,LB6,Saida,LB61,3,2023-10-26T00:00:00,2023,10,8,Conflict,,,North,LB5,BA
19873,Displacement due to conflict,Lebanon,LBN,Mount Lebanon,LB3,Chouf,LB33,1354,2023-10-26T00:00:00,2023,10,8,Conflict,,,El Nabatieh,LB4,BA
27120,Displacement due to conflict,Lebanon,LBN,Baalbek-El Hermel,LB8,El Hermel,LB22,120,2023-10-26T00:00:00,2023,10,8,Conflict,,,Not available,Not available,BA
24442,Displacement due to conflict,Lebanon,LBN,Baalbek-El Hermel,LB8,Baalbek,LB21,22,2023-10-26T00:00:00,2023,10,8,Conflict,,,El Nabatieh,LB4,BA
32514,Displacement due to conflict,Lebanon,LBN,El Nabatieh,LB4,El Nabatieh,LB44,1741,2023-10-26T00:00:00,2023,10,8,Conflict,,,El Nabatieh,LB4,BA
32303,Displacement due to conflict,Lebanon,LBN,Bekaa,LB2,Rachaya,LB23,130,2023-10-26T00:00:00,2023,10,8,Conflict,,,El Nabatieh,LB4,BA
34294,Displacement due to conflict,Lebanon,LBN,South,LB6,Saida,LB61,732,2023-10-26T00:00:00,2023,10,8,Conflict,,,South,LB6,BA
31107,Displacement due to conflict,Lebanon,LBN,South,LB6,Jezzine,LB62,30,2023-10-26T00:00:00,2023,10,8,Conflict,,,El Nabatieh,LB4,BA
31204,Displacement due to conflict,Lebanon,LBN,Mount Lebanon,LB3,Jbeil,LB34,104,2023-10-26T00:00:00,2023,10,8,Conflict,,,El Nabatieh,LB4,BA
31933,Displacement due to conflict,Lebanon,LBN,Mount Lebanon,LB3,Aley,LB31,1620,2023-10-26T00:00:00,2023,10,8,Conflict,,,Not available,Not available,BA
31580,Displacement due to conflict,Lebanon,LBN,Mount Lebanon,LB3,Kesrwane,LB35,40,2023-10-26T00:00:00,2023,10,8,Conflict,,,El Nabatieh,LB4,BA
39612,Displacement due to conflict,Lebanon,LBN,Mount Lebanon,LB3,Kesrwane,LB35,5,2023-10-26T00:00:00,2023,10,8,Conflict,,,South,LB6,BA
50362,Displacement due to conflict,Lebanon,LBN,South,LB6,Sour,LB63,2342,2023-10-26T00:00:00,2023,10,8,Conflict,,,Not available,Not available,BA
55002,Displacement due to conflict,Lebanon,LBN,El Nabatieh,LB4,Hasbaya,LB42,147,2023-10-26T00:00:00,2023,10,8,Conflict,,,Not available,Not available,BA
54834,Displacement due to conflict,Lebanon,LBN,El Nabatieh,LB4,El Nabatieh,LB44,35,2023-10-26T00:00:00,2023,10,8,Conflict,,,Mount Lebanon,LB3,BA
48320,Displacement due to conflict,Lebanon,LBN,South,LB6,Saida,LB61,110,2023-10-26T00:00:00,2023,10,8,Conflict,,,Mount Lebanon,LB3,BA
48209,Displacement due to conflict,Lebanon,LBN,South,LB6,Saida,LB61,15,2023-10-26T00:00:00,2023,10,8,Conflict,,,Beirut,LB1,BA
46912,Displacement due to conflict,Lebanon,LBN,Beirut,LB1,Beirut,LB11,1621,2023-10-26T00:00:00,2023,10,8,Conflict,,,El Nabatieh,LB4,BA
43192,Displacement due to conflict,Lebanon,LBN,El Nabatieh,LB4,El Nabatieh,LB44,1910,2023-10-26T00:00:00,2023,10,8,Conflict,,,Not available,Not available,BA
42757,Displacement due to conflict,Lebanon,LBN,Mount Lebanon,LB3,Jbeil,LB34,97,2023-10-26T00:00:00,2023,10,8,Conflict,,,Mount Lebanon,LB3,BA
44725,Displacement due to conflict,Lebanon,LBN,Mount Lebanon,LB3,El Meten,LB36,125,2023-10-26T00:00:00,2023,10,8,Conflict,,,South,LB6,BA
45739,Displacement due to conflict,Lebanon,LBN,El Nabatieh,LB4,Hasbaya,LB42,1025,2023-10-26T00:00:00,2023,10,8,Conflict,,,El Nabatieh,LB4,BA
45764,Displacement due to conflict,Lebanon,LBN,South,LB6,Jezzine,LB62,53,2023-10-26T00:00:00,2023,10,8,Conflict,,,Mount Lebanon,LB3,BA
68567,Displacement due to conflict,Lebanon,LBN,Baalbek-El Hermel,LB8,El Hermel,LB22,105,2023-10-26T00:00:00,2023,10,8,Conflict,,,Beirut,LB1,BA
58461,Displacement due to conflict,Lebanon,LBN,Beirut,LB1,Beirut,LB11,417,2023-10-26T00:00:00,2023,10,8,Conflict,,,South,LB6,BA
57559,Displacement due to conflict,Lebanon,LBN,Baalbek-El Hermel,LB8,Baalbek,LB21,146,2023-10-26T00:00:00,2023,10,8,Conflict,,,Mount Lebanon,LB3,BA
57165,Displacement due to conflict,Lebanon,LBN,Baalbek-El Hermel,LB8,El Hermel,LB22,335,2023-10-26T00:00:00,2023,10,8,Conflict,,,Mount Lebanon,LB3,BA
59189,Displacement due to conflict,Lebanon,LBN,North,LB5,El Koura,LB54,5,2023-10-26T00:00:00,2023,10,8,Conflict,,,South,LB6,BA
61583,Displacement due to conflict,Lebanon,LBN,Mount Lebanon,LB3,El Meten,LB36,241,2023-10-26T00:00:00,2023,10,8,Conflict,,,El Nabatieh,LB4,BA
63000,Displacement due to conflict,Lebanon,LBN,Baalbek-El Hermel,LB8,Baalbek,LB21,90,2023-10-26T00:00:00,2023,10,8,Conflict,,,Beirut,LB1,BA
81379,Displacement due to conflict,Lebanon,LBN,Baalbek-El Hermel,LB8,Baalbek,LB21,55,2023-10-26T00:00:00,2023,10,8,Conflict,,,Baalbek-El Hermel,LB8,BA
83139,Displacement due to conflict,Lebanon,LBN,Mount Lebanon,LB3,Baabda,LB32,1045,2023-10-26T00:00:00,2023,10,8,Conflict,,,El Nabatieh,LB4,BA
83859,Displacement due to conflict,Lebanon,LBN,Mount Lebanon,LB3,Jbeil,LB34,50,2023-10-26T00:00:00,2023,10,8,Conflict,,,Not available,Not available,BA
75530,Displacement due to conflict,Lebanon,LBN,Bekaa,LB2,West Bekaa,LB24,10,2023-10-26T00:00:00,2023,10,8,Conflict,,,Beirut,LB1,BA
77824,Displacement due to conflict,Lebanon,LBN,North,LB5,El Batroun,LB52,10,2023-10-26T00:00:00,2023,10,8,Conflict,,,Mount Lebanon,LB3,BA
73855,Displacement due to conflict,Lebanon,LBN,South,LB6,Sour,LB63,814,2023-10-26T00:00:00,2023,10,8,Conflict,,,South,LB6,BA
71869,Displacement due to conflict,Lebanon,LBN,Mount Lebanon,LB3,El Meten,LB36,53,2023-10-26T00:00:00,2023,10,8,Conflict,,,Not available,Not available,BA
91430,Displacement due to conflict,Lebanon,LBN,Beirut,LB1,Beirut,LB11,30,2023-10-26T00:00:00,2023,10,8,Conflict,,,Mount Lebanon,LB3,BA
90925,Displacement due to conflict,Lebanon,LBN,Baalbek-El Hermel,LB8,Baalbek,LB21,20,2023-10-26T00:00:00,2023,10,8,Conflict,,,South,LB6,BA
88912,Displacement due to conflict,Lebanon,LBN,El Nabatieh,LB4,Hasbaya,LB42,10,2023-10-26T00:00:00,2023,10,8,Conflict,,,Bekaa,LB2,BA
93590,Displacement due to conflict,Lebanon,LBN,Mount Lebanon,LB3,Chouf,LB33,328,2023-10-26T00:00:00,2023,10,8,Conflict,,,South,LB6,BA
92880,Displacement due to conflict,Lebanon,LBN,South,LB6,Sour,LB63,50,2023-10-26T00:00:00,2023,10,8,Conflict,,,Mount Lebanon,LB3,BA
94655,Displacement due to conflict,Lebanon,LBN,Mount Lebanon,LB3,Aley,LB31,144,2023-10-26T00:00:00,2023,10,8,Conflict,,,South,LB6,BA
94111,Displacement due to conflict,Lebanon,LBN,South,LB6,Jezzine,LB62,214,2023-10-26T00:00:00,2023,10,8,Conflict,,,South,LB6,BA
102784,Displacement due to conflict,Lebanon,LBN,El Nabatieh,LB4,Hasbaya,LB42,10,2023-10-26T00:00:00,2023,10,8,Conflict,,,Mount Lebanon,LB3,BA
102851,Displacement due to conflict,Lebanon,LBN,Bekaa,LB2,West Bekaa,LB24,455,2023-10-26T00:00:00,2023,10,8,Conflict,,,El Nabatieh,LB4,BA
103103,Displacement due to conflict,Lebanon,LBN,El Nabatieh,LB4,Bent Jbeil,LB41,25,2023-10-26T00:00:00,2023,10,8,Conflict,,,Not available,Not available,BA
105869,Displacement due to conflict,Lebanon,LBN,Bekaa,LB2,Zahle,LB25,30,2023-10-26T00:00:00,2023,10,8,Conflict,,,Beirut,LB1,BA
101351,Displacement due to conflict,Lebanon,LBN,Bekaa,LB2,Zahle,LB25,15,2023-10-26T00:00:00,2023,10,8,Conflict,,,El Nabatieh,LB4,BA
100000,Displacement due to conflict,Lebanon,LBN,Bekaa,LB2,Rachaya,LB23,60,2023-10-26T00:00:00,2023,10,8,Conflict,,,South,LB6,BA
106918,Displacement due to conflict,Lebanon,LBN,Mount Lebanon,LB3,Chouf,LB33,60,2023-10-26T00:00:00,2023,10,8,Conflict,,,Mount Lebanon,LB3,BA
108939,Displacement due to conflict,Lebanon,LBN,El Nabatieh,LB4,Marjaayoun,LB43,50,2023-10-26T00:00:00,2023,10,8,Conflict,,,El Nabatieh,LB4,BA
114925,Displacement due to conflict,Lebanon,LBN,Mount Lebanon,LB3,Baabda,LB32,10,2023-10-26T00:00:00,2023,10,8,Conflict,,,Mount Lebanon,LB3,BA
113670,Displacement due to conflict,Lebanon,LBN,Bekaa,LB2,Rachaya,LB23,20,2023-10-26T00:00:00,2023,10,8,Conflict,,,Not available,Not available,BA
118641,Displacement due to conflict,Lebanon,LBN,Mount Lebanon,LB3,Aley,LB31,1261,2023-10-26T00:00:00,2023,10,8,Conflict,,,El Nabatieh,LB4,BA
118706,Displacement due to conflict,Lebanon,LBN,Baalbek-El Hermel,LB8,El Hermel,LB22,40,2023-10-26T00:00:00,2023,10,8,Conflict,,,Baalbek-El Hermel,LB8,BA
119495,Displacement due to conflict,Lebanon,LBN,Beirut,LB1,Beirut,LB11,365,2023-10-26T00:00:00,2023,10,8,Conflict,,,Not available,Not available,BA
116294,Displacement due to conflict,Lebanon,LBN,South,LB6,Jezzine,LB62,105,2023-10-26T00:00:00,2023,10,8,Conflict,,,Not available,Not available,BA
122726,Displacement due to conflict,Lebanon,LBN,Mount Lebanon,LB3,Chouf,LB33,891,2023-10-26T00:00:00,2023,10,8,Conflict,,,Not available,Not available,BA
125322,Displacement due to conflict,Lebanon,LBN,South,LB6,Sour,LB63,1593,2023-10-26T00:00:00,2023,10,8,Conflict,,,El Nabatieh,LB4,BA
123386,Displacement due to conflict,Lebanon,LBN,North,LB5,El Batroun,LB52,3,2023-10-26T00:00:00,2023,10,8,Conflict,,,El Nabatieh,LB4,BA
123134,Displacement due to conflict,Lebanon,LBN,Mount Lebanon,LB3,Baabda,LB32,275,2023-10-26T00:00:00,2023,10,8,Conflict,,,Not available,Not available,BA
129090,Displacement due to conflict,Lebanon,LBN,Mount Lebanon,LB3,Baabda,LB32,146,2023-10-26T00:00:00,2023,10,8,Conflict,,,South,LB6,BA
130388,Displacement due to conflict,Lebanon,LBN,Mount Lebanon,LB3,Aley,LB31,277,2023-10-26T00:00:00,2023,10,8,Conflict,,,Mount Lebanon,LB3,BA
133846,Displacement due to conflict,Lebanon,LBN,Baalbek-El Hermel,LB8,Baalbek,LB21,830,2023-10-26T00:00:00,2023,10,8,Conflict,,,Not available,Not available,BA
126880,Displacement due to conflict,Lebanon,LBN,Mount Lebanon,LB3,Baabda,LB32,1635,2023-11-01T00:00:00,2023,11,9,Conflict,,,Not available,Not available,BA
123461,Displacement due to conflict,Lebanon,LBN,Baalbek-El Hermel,LB8,El Hermel,LB22,109,2023-11-01T00:00:00,2023,11,9,Conflict,,,Not available,Not available,BA
126555,Displacement due to conflict,Lebanon,LBN,Mount Lebanon,LB3,Jbeil,LB34,151,2023-11-01T00:00:00,2023,11,9,Conflict,,,Not available,Not available,BA
115627,Displacement due to conflict,Lebanon,LBN,North,LB5,El Koura,LB54,35,2023-11-01T00:00:00,2023,11,9,Conflict,,,Not available,Not available,BA
115964,Displacement due to conflict,Lebanon,LBN,South,LB6,Saida,LB61,8166,2023-11-01T00:00:00,2023,11,9,Conflict,,,Not available,Not available,BA
109818,Displacement due to conflict,Lebanon,LBN,Mount Lebanon,LB3,El Meten,LB36,389,2023-11-01T00:00:00,2023,11,9,Conflict,,,Not available,Not available,BA
111881,Displacement due to conflict,Lebanon,LBN,South,LB6,Jezzine,LB62,74,2023-11-01T00:00:00,2023,11,9,Conflict,,,Not available,Not available,BA
111844,Displacement due to conflict,Lebanon,LBN,Mount Lebanon,LB3,Chouf,LB33,2499,2023-11-01T00:00:00,2023,11,9,Conflict,,,Not available,Not available,BA
86101,Displacement due to conflict,Lebanon,LBN,Bekaa,LB2,Rachaya,LB23,255,2023-11-01T00:00:00,2023,11,9,Conflict,,,Not available,Not available,BA
78529,Displacement due to conflict,Lebanon,LBN,El Nabatieh,LB4,El Nabatieh,LB44,3518,2023-11-01T00:00:00,2023,11,9,Conflict,,,Not available,Not available,BA
60719,Displacement due to conflict,Lebanon,LBN,Baalbek-El Hermel,LB8,Baalbek,LB21,514,2023-11-01T00:00:00,2023,11,9,Conflict,,,Not available,Not available,BA
68484,Displacement due to conflict,Lebanon,LBN,North,LB5,Zgharta,LB57,60,2023-11-01T00:00:00,2023,11,9,Conflict,,,Not available,Not available,BA
63742,Displacement due to conflict,Lebanon,LBN,South,LB6,Sour,LB63,3436,2023-11-01T00:00:00,2023,11,9,Conflict,,,Not available,Not available,BA
64921,Displacement due to conflict,Lebanon,LBN,North,LB5,El Batroun,LB52,25,2023-11-01T00:00:00,2023,11,9,Conflict,,,Not available,Not available,BA
45274,Displacement due to conflict,Lebanon,LBN,Mount Lebanon,LB3,Aley,LB31,1622,2023-11-01T00:00:00,2023,11,9,Conflict,,,Not available,Not available,BA
46452,Displacement due to conflict,Lebanon,LBN,Mount Lebanon,LB3,Kesrwane,LB35,395,2023-11-01T00:00:00,2023,11,9,Conflict,,,Not available,Not available,BA
50333,Displacement due to conflict,Lebanon,LBN,Beirut,LB1,Beirut,LB11,450,2023-11-01T00:00:00,2023,11,9,Conflict,,,Not available,Not available,BA
50922,Displacement due to conflict,Lebanon,LBN,Bekaa,LB2,West Bekaa,LB24,282,2023-11-01T00:00:00,2023,11,9,Conflict,,,Not available,Not available,BA
40836,Displacement due to conflict,Lebanon,LBN,Bekaa,LB2,Zahle,LB25,570,2023-11-01T00:00:00,2023,11,9,Conflict,,,Not available,Not available,BA
27290,Displacement due to conflict,Lebanon,LBN,El Nabatieh,LB4,Hasbaya,LB42,1352,2023-11-01T00:00:00,2023,11,9,Conflict,,,Not available,Not available,BA
5374,Displacement due to conflict,Lebanon,LBN,El Nabatieh,LB4,Marjaayoun,LB43,140,2023-11-01T00:00:00,2023,11,9,Conflict,,,Not available,Not available,BA
11759,Displacement due to conflict,Lebanon,LBN,El Nabatieh,LB4,Bent Jbeil,LB41,31,2023-11-01T00:00:00,2023,11,9,Conflict,,,Not available,Not available,BA
10149,Displacement due to conflict,Lebanon,LBN,Mount Lebanon,LB3,Aley,LB31,15,2023-11-07T00:00:00,2023,11,10,Conflict,,,South,LB6,BA
2832,Displacement due to conflict,Lebanon,LBN,South,LB6,Sour,LB63,2047,2023-11-07T00:00:00,2023,11,10,Conflict,,,El Nabatieh,LB4,BA
28767,Displacement due to conflict,Lebanon,LBN,Bekaa,LB2,Zahle,LB25,250,2023-11-07T00:00:00,2023,11,10,Conflict,,,El Nabatieh,LB4,BA
25784,Displacement due to conflict,Lebanon,LBN,Mount Lebanon,LB3,Jbeil,LB34,170,2023-11-07T00:00:00,2023,11,10,Conflict,,,El Nabatieh,LB4,BA
25391,Displacement due to conflict,Lebanon,LBN,Mount Lebanon,LB3,Jbeil,LB34,20,2023-11-07T00:00:00,2023,11,10,Conflict,,,Mount Lebanon,LB3,BA
24159,Displacement due to conflict,Lebanon,LBN,Bekaa,LB2,Rachaya,LB23,452,2023-11-07T00:00:00,2023,11,10,Conflict,,,El Nabatieh,LB4,BA
25031,Displacement due to conflict,Lebanon,LBN,South,LB6,Saida,LB61,1532,2023-11-07T00:00:00,2023,11,10,Conflict,,,El Nabatieh,LB4,BA
21898,Displacement due to conflict,Lebanon,LBN,Mount Lebanon,LB3,El Meten,LB36,216,2023-11-07T00:00:00,2023,11,10,Conflict,,,South,LB6,BA
20864,Displacement due to conflict,Lebanon,LBN,Mount Lebanon,LB3,Baabda,LB32,1102,2023-11-07T00:00:00,2023,11,10,Conflict,,,El Nabatieh,LB4,BA
17172,Displacement due to conflict,Lebanon,LBN,El Nabatieh,LB4,Marjaayoun,LB43,245,2023-11-07T00:00:00,2023,11,10,Conflict,,,El Nabatieh,LB4,BA
39782,Displacement due to conflict,Lebanon,LBN,Mount Lebanon,LB3,Kesrwane,LB35,20,2023-11-07T00:00:00,2023,11,10,Conflict,,,South,LB6,BA
39281,Displacement due to conflict,Lebanon,LBN,Mount Lebanon,LB3,Chouf,LB33,475,2023-11-07T00:00:00,2023,11,10,Conflict,,,South,LB6,BA
41518,Displacement due to conflict,Lebanon,LBN,North,LB5,El Batroun,LB52,35,2023-11-07T00:00:00,2023,11,10,Conflict,,,El Nabatieh,LB4,BA
38638,Displacement due to conflict,Lebanon,LBN,South,LB6,Jezzine,LB62,26,2023-11-07T00:00:00,2023,11,10,Conflict,,,El Nabatieh,LB4,BA
30096,Displacement due to conflict,Lebanon,LBN,Mount Lebanon,LB3,Kesrwane,LB35,665,2023-11-07T00:00:00,2023,11,10,Conflict,,,El Nabatieh,LB4,BA
29562,Displacement due to conflict,Lebanon,LBN,North,LB5,Zgharta,LB57,45,2023-11-07T00:00:00,2023,11,10,Conflict,,,South,LB6,BA
34144,Displacement due to conflict,Lebanon,LBN,North,LB5,El Koura,LB54,25,2023-11-07T00:00:00,2023,11,10,Conflict,,,El Nabatieh,LB4,BA
55674,Displacement due to conflict,Lebanon,LBN,Beirut,LB1,Beirut,LB11,15,2023-11-07T00:00:00,2023,11,10,Conflict,,,Mount Lebanon,LB3,BA
42991,Displacement due to conflict,Lebanon,LBN,Mount Lebanon,LB3,Aley,LB31,9,2023-11-07T00:00:00,2023,11,10,Conflict,,,Mount Lebanon,LB3,BA
43352,Displacement due to conflict,Lebanon,LBN,El Nabatieh,LB4,El Nabatieh,LB44,3317,2023-11-07T00:00:00,2023,11,10,Conflict,,,El Nabatieh,LB4,BA
65539,Displacement due to conflict,Lebanon,LBN,Mount Lebanon,LB3,Aley,LB31,2671,2023-11-07T00:00:00,2023,11,10,Conflict,,,El Nabatieh,LB4,BA
66660,Displacement due to conflict,Lebanon,LBN,Beirut,LB1,Beirut,LB11,50,2023-11-07T00:00:00,2023,11,10,Conflict,,,South,LB6,BA
67877,Displacement due to conflict,Lebanon,LBN,South,LB6,Sour,LB63,8415,2023-11-07T00:00:00,2023,11,10,Conflict,,,South,LB6,BA
70708,Displacement due to conflict,Lebanon,LBN,Bekaa,LB2,West Bekaa,LB24,190,2023-11-07T00:00:00,2023,11,10,Conflict,,,El Nabatieh,LB4,BA
71293,Displacement due to conflict,Lebanon,LBN,El Nabatieh,LB4,Bent Jbeil,LB41,60,2023-11-07T00:00:00,2023,11,10,Conflict,,,El Nabatieh,LB4,BA
60405,Displacement due to conflict,Lebanon,LBN,Baalbek-El Hermel,LB8,Baalbek,LB21,32,2023-11-07T00:00:00,2023,11,10,Conflict,,,South,LB6,BA
80375,Displacement due to conflict,Lebanon,LBN,Mount Lebanon,LB3,Baabda,LB32,50,2023-11-07T00:00:00,2023,11,10,Conflict,,,South,LB6,BA
83541,Displacement due to conflict,Lebanon,LBN,Baalbek-El Hermel,LB8,El Hermel,LB22,30,2023-11-07T00:00:00,2023,11,10,Conflict,,,El Nabatieh,LB4,BA
71531,Displacement due to conflict,Lebanon,LBN,Baalbek-El Hermel,LB8,El Hermel,LB22,65,2023-11-07T00:00:00,2023,11,10,Conflict,,,South,LB6,BA
76969,Displacement due to conflict,Lebanon,LBN,Mount Lebanon,LB3,Jbeil,LB34,5,2023-11-07T00:00:00,2023,11,10,Conflict,,,Beirut,LB1,BA
76508,Displacement due to conflict,Lebanon,LBN,Baalbek-El Hermel,LB8,Baalbek,LB21,145,2023-11-07T00:00:00,2023,11,10,Conflict,,,El Nabatieh,LB4,BA
85129,Displacement due to conflict,Lebanon,LBN,Mount Lebanon,LB3,El Meten,LB36,690,2023-11-07T00:00:00,2023,11,10,Conflict,,,El Nabatieh,LB4,BA
87702,Displacement due to conflict,Lebanon,LBN,South,LB6,Jezzine,LB62,4,2023-11-07T00:00:00,2023,11,10,Conflict,,,South,LB6,BA
98189,Displacement due to conflict,Lebanon,LBN,Mount Lebanon,LB3,Chouf,LB33,1760,2023-11-07T00:00:00,2023,11,10,Conflict,,,El Nabatieh,LB4,BA
110135,Displacement due to conflict,Lebanon,LBN,El Nabatieh,LB4,Hasbaya,LB42,350,2023-11-07T00:00:00,2023,11,10,Conflict,,,El Nabatieh,LB4,BA
110345,Displacement due to conflict,Lebanon,LBN,Bekaa,LB2,Zahle,LB25,240,2023-11-07T00:00:00,2023,11,10,Conflict,,,South,LB6,BA
99169,Displacement due to conflict,Lebanon,LBN,Baalbek-El Hermel,LB8,Baalbek,LB21,90,2023-11-07T00:00:00,2023,11,10,Conflict,,,Mount Lebanon,LB3,BA
100870,Displacement due to conflict,Lebanon,LBN,South,LB6,Saida,LB61,190,2023-11-07T00:00:00,2023,11,10,Conflict,,,South,LB6,BA
103078,Displacement due to conflict,Lebanon,LBN,North,LB5,El Koura,LB54,15,2023-11-07T00:00:00,2023,11,10,Conflict,,,South,LB6,BA
115555,Displacement due to conflict,Lebanon,LBN,Baalbek-El Hermel,LB8,Baalbek,LB21,234,2023-11-07T00:00:00,2023,11,10,Conflict,,,Beirut,LB1,BA
116920,Displacement due to conflict,Lebanon,LBN,Mount Lebanon,LB3,Chouf,LB33,5,2023-11-07T00:00:00,2023,11,10,Conflict,,,Beirut,LB1,BA
118846,Displacement due to conflict,Lebanon,LBN,Mount Lebanon,LB3,Chouf,LB33,5,2023-11-07T00:00:00,2023,11,10,Conflict,,,Mount Lebanon,LB3,BA
120476,Displacement due to conflict,Lebanon,LBN,Beirut,LB1,Beirut,LB11,255,2023-11-07T00:00:00,2023,11,10,Conflict,,,El Nabatieh,LB4,BA
120785,Displacement due to conflict,Lebanon,LBN,Mount Lebanon,LB3,Chouf,LB33,5,2023-11-14T00:00:00,2023,11,11,Conflict,,,Beirut,LB1,BA
125276,Displacement due to conflict,Lebanon,LBN,South,LB6,Sour,LB63,4874,2023-11-14T00:00:00,2023,11,11,Conflict,,,El Nabatieh,LB4,BA
124052,Displacement due to conflict,Lebanon,LBN,Mount Lebanon,LB3,Kesrwane,LB35,25,2023-11-14T00:00:00,2023,11,11,Conflict,,,South,LB6,BA
117113,Displacement due to conflict,Lebanon,LBN,North,LB5,El Minieh-Dennie,LB55,25,2023-11-14T00:00:00,2023,11,11,Conflict,,,El Nabatieh,LB4,BA
117742,Displacement due to conflict,Lebanon,LBN,El Nabatieh,LB4,Bent Jbeil,LB41,640,2023-11-14T00:00:00,2023,11,11,Conflict,,,El Nabatieh,LB4,BA
116011,Displacement due to conflict,Lebanon,LBN,El Nabatieh,LB4,Hasbaya,LB42,1433,2023-11-14T00:00:00,2023,11,11,Conflict,,,El Nabatieh,LB4,BA
114727,Displacement due to conflict,Lebanon,LBN,North,LB5,El Koura,LB54,58,2023-11-14T00:00:00,2023,11,11,Conflict,,,El Nabatieh,LB4,BA
114147,Displacement due to conflict,Lebanon,LBN,North,LB5,El Minieh-Dennie,LB55,10,2023-11-14T00:00:00,2023,11,11,Conflict,,,South,LB6,BA
114531,Displacement due to conflict,Lebanon,LBN,Baalbek-El Hermel,LB8,El Hermel,LB22,105,2023-11-14T00:00:00,2023,11,11,Conflict,,,El Nabatieh,LB4,BA
114589,Displacement due to conflict,Lebanon,LBN,Akkar,LB7,Akkar,LB51,115,2023-11-14T00:00:00,2023,11,11,Conflict,,,El Nabatieh,LB4,BA
105811,Displacement due to conflict,Lebanon,LBN,El Nabatieh,LB4,El Nabatieh,LB44,30,2023-11-14T00:00:00,2023,11,11,Conflict,,,Mount Lebanon,LB3,BA
100928,Displacement due to conflict,Lebanon,LBN,Mount Lebanon,LB3,Chouf,LB33,1670,2023-11-14T00:00:00,2023,11,11,Conflict,,,El Nabatieh,LB4,BA
102206,Displacement due to conflict,Lebanon,LBN,Beirut,LB1,Beirut,LB11,40,2023-11-14T00:00:00,2023,11,11,Conflict,,,South,LB6,BA
110479,Displacement due to conflict,Lebanon,LBN,Mount Lebanon,LB3,Jbeil,LB34,10,2023-11-14T00:00:00,2023,11,11,Conflict,,,Beirut,LB1,BA
112785,Displacement due to conflict,Lebanon,LBN,El Nabatieh,LB4,El Nabatieh,LB44,6437,2023-11-14T00:00:00,2023,11,11,Conflict,,,El Nabatieh,LB4,BA
108900,Displacement due to conflict,Lebanon,LBN,Akkar,LB7,Akkar,LB51,132,2023-11-14T00:00:00,2023,11,11,Conflict,,,South,LB6,BA
95481,Displacement due to conflict,Lebanon,LBN,South,LB6,Jezzine,LB62,139,2023-11-14T00:00:00,2023,11,11,Conflict,,,South,LB6,BA
92931,Displacement due to conflict,Lebanon,LBN,Beirut,LB1,Beirut,LB11,5980,2023-11-14T00:00:00,2023,11,11,Conflict,,,El Nabatieh,LB4,BA
93663,Displacement due to conflict,Lebanon,LBN,Mount Lebanon,LB3,Jbeil,LB34,490,2023-11-14T00:00:00,2023,11,11,Conflict,,,El Nabatieh,LB4,BA
89097,Displacement due to conflict,Lebanon,LBN,Baalbek-El Hermel,LB8,El Hermel,LB22,30,2023-11-14T00:00:00,2023,11,11,Conflict,,,Beirut,LB1,BA
90800,Displacement due to conflict,Lebanon,LBN,North,LB5,El Koura,LB54,3,2023-11-14T00:00:00,2023,11,11,Conflict,,,South,LB6,BA
76288,Displacement due to conflict,Lebanon,LBN,Bekaa,LB2,Zahle,LB25,50,2023-11-14T00:00:00,2023,11,11,Conflict,,,South,LB6,BA
75046,Displacement due to conflict,Lebanon,LBN,North,LB5,El Batroun,LB52,27,2023-11-14T00:00:00,2023,11,11,Conflict,,,South,LB6,BA
83789,Displacement due to conflict,Lebanon,LBN,Baalbek-El Hermel,LB8,Baalbek,LB21,1306,2023-11-14T00:00:00,2023,11,11,Conflict,,,El Nabatieh,LB4,BA
84011,Displacement due to conflict,Lebanon,LBN,South,LB6,Saida,LB61,33,2023-11-14T00:00:00,2023,11,11,Conflict,,,Beirut,LB1,BA
81680,Displacement due to conflict,Lebanon,LBN,Mount Lebanon,LB3,El Meten,LB36,160,2023-11-14T00:00:00,2023,11,11,Conflict,,,South,LB6,BA
80136,Displacement due to conflict,Lebanon,LBN,Mount Lebanon,LB3,Baabda,LB32,10,2023-11-14T00:00:00,2023,11,11,Conflict,,,Bekaa,LB2,BA
79111,Displacement due to conflict,Lebanon,LBN,Mount Lebanon,LB3,Aley,LB31,10,2023-11-14T00:00:00,2023,11,11,Conflict,,,Mount Lebanon,LB3,BA
62865,Displacement due to conflict,Lebanon,LBN,North,LB5,El Batroun,LB52,35,2023-11-14T00:00:00,2023,11,11,Conflict,,,El Nabatieh,LB4,BA
61755,Displacement due to conflict,Lebanon,LBN,Mount Lebanon,LB3,Kesrwane,LB35,805,2023-11-14T00:00:00,2023,11,11,Conflict,,,El Nabatieh,LB4,BA
47499,Displacement due to conflict,Lebanon,LBN,Bekaa,LB2,Rachaya,LB23,659,2023-11-14T00:00:00,2023,11,11,Conflict,,,El Nabatieh,LB4,BA
48311,Displacement due to conflict,Lebanon,LBN,South,LB6,Sour,LB63,9030,2023-11-14T00:00:00,2023,11,11,Conflict,,,South,LB6,BA
55075,Displacement due to conflict,Lebanon,LBN,Mount Lebanon,LB3,Aley,LB31,405,2023-11-14T00:00:00,2023,11,11,Conflict,,,South,LB6,BA
53643,Displacement due to conflict,Lebanon,LBN,Mount Lebanon,LB3,Baabda,LB32,5,2023-11-14T00:00:00,2023,11,11,Conflict,,,South,LB6,BA
53939,Displacement due to conflict,Lebanon,LBN,Mount Lebanon,LB3,Jbeil,LB34,95,2023-11-14T00:00:00,2023,11,11,Conflict,,,South,LB6,BA
54242,Displacement due to conflict,Lebanon,LBN,Mount Lebanon,LB3,Baabda,LB32,1380,2023-11-14T00:00:00,2023,11,11,Conflict,,,El Nabatieh,LB4,BA
49908,Displacement due to conflict,Lebanon,LBN,South,LB6,Saida,LB61,397,2023-11-14T00:00:00,2023,11,11,Conflict,,,South,LB6,BA
51414,Displacement due to conflict,Lebanon,LBN,South,LB6,Saida,LB61,75,2023-11-14T00:00:00,2023,11,11,Conflict,,,Mount Lebanon,LB3,BA
51624,Displacement due to conflict,Lebanon,LBN,Baalbek-El Hermel,LB8,Baalbek,LB21,140,2023-11-14T00:00:00,2023,11,11,Conflict,,,Mount Lebanon,LB3,BA
32698,Displacement due to conflict,Lebanon,LBN,Mount Lebanon,LB3,El Meten,LB36,730,2023-11-14T00:00:00,2023,11,11,Conflict,,,El Nabatieh,LB4,BA
32081,Displacement due to conflict,Lebanon,LBN,Mount Lebanon,LB3,Baabda,LB32,40,2023-11-14T00:00:00,2023,11,11,Conflict,,,Beirut,LB1,BA
37174,Displacement due to conflict,Lebanon,LBN,Baalbek-El Hermel,LB8,Baalbek,LB21,289,2023-11-14T00:00:00,2023,11,11,Conflict,,,Beirut,LB1,BA
35851,Displacement due to conflict,Lebanon,LBN,Bekaa,LB2,Zahle,LB25,880,2023-11-14T00:00:00,2023,11,11,Conflict,,,El Nabatieh,LB4,BA
21178,Displacement due to conflict,Lebanon,LBN,South,LB6,Saida,LB61,2785,2023-11-14T00:00:00,2023,11,11,Conflict,,,El Nabatieh,LB4,BA
23535,Displacement due to conflict,Lebanon,LBN,El Nabatieh,LB4,Marjaayoun,LB43,510,2023-11-14T00:00:00,2023,11,11,Conflict,,,El Nabatieh,LB4,BA
23670,Displacement due to conflict,Lebanon,LBN,North,LB5,Tripoli,LB56,6,2023-11-14T00:00:00,2023,11,11,Conflict,,,South,LB6,BA
28270,Displacement due to conflict,Lebanon,LBN,Mount Lebanon,LB3,Aley,LB31,2546,2023-11-14T00:00:00,2023,11,11,Conflict,,,El Nabatieh,LB4,BA
3237,Displacement due to conflict,Lebanon,LBN,Mount Lebanon,LB3,Jbeil,LB34,277,2023-11-14T00:00:00,2023,11,11,Conflict,,,Mount Lebanon,LB3,BA
3741,Displacement due to conflict,Lebanon,LBN,Baalbek-El Hermel,LB8,El Hermel,LB22,185,2023-11-14T00:00:00,2023,11,11,Conflict,,,Mount Lebanon,LB3,BA
1190,Displacement due to conflict,Lebanon,LBN,Mount Lebanon,LB3,Jbeil,LB34,20,2023-11-14T00:00:00,2023,11,11,Conflict,,,Bekaa,LB2,BA
1036,Displacement due to conflict,Lebanon,LBN,Bekaa,LB2,West Bekaa,LB24,435,2023-11-14T00:00:00,2023,11,11,Conflict,,,El Nabatieh,LB4,BA
1152,Displacement due to conflict,Lebanon,LBN,El Nabatieh,LB4,El Nabatieh,LB44,20,2023-11-14T00:00:00,2023,11,11,Conflict,,,South,LB6,BA
7658,Displacement due to conflict,Lebanon,LBN,North,LB5,Zgharta,LB57,60,2023-11-14T00:00:00,2023,11,11,Conflict,,,South,LB6,BA
6601,Displacement due to conflict,Lebanon,LBN,South,LB6,Jezzine,LB62,51,2023-11-14T00:00:00,2023,11,11,Conflict,,,El Nabatieh,LB4,BA
6311,Displacement due to conflict,Lebanon,LBN,Mount Lebanon,LB3,Chouf,LB33,563,2023-11-14T00:00:00,2023,11,11,Conflict,,,South,LB6,BA
11604,Displacement due to conflict,Lebanon,LBN,Baalbek-El Hermel,LB8,Baalbek,LB21,55,2023-11-14T00:00:00,2023,11,11,Conflict,,,South,LB6,BA
11632,Displacement due to conflict,Lebanon,LBN,Bekaa,LB2,Rachaya,LB23,486,2023-11-21T00:00:00,2023,11,12,Conflict,,,El Nabatieh,LB4,BA
11800,Displacement due to conflict,Lebanon,LBN,El Nabatieh,LB4,Bent Jbeil,LB41,742,2023-11-21T00:00:00,2023,11,12,Conflict,,,El Nabatieh,LB4,BA
12837,Displacement due to conflict,Lebanon,LBN,South,LB6,Saida,LB61,380,2023-11-21T00:00:00,2023,11,12,Conflict,,,South,LB6,BA
14094,Displacement due to conflict,Lebanon,LBN,Mount Lebanon,LB3,Aley,LB31,250,2023-11-21T00:00:00,2023,11,12,Conflict,,,South,LB6,BA
13723,Displacement due to conflict,Lebanon,LBN,Bekaa,LB2,Rachaya,LB23,35,2023-11-21T00:00:00,2023,11,12,Conflict,,,South,LB6,BA
3156,Displacement due to conflict,Lebanon,LBN,North,LB5,El Batroun,LB52,22,2023-11-21T00:00:00,2023,11,12,Conflict,,,South,LB6,BA
2364,Displacement due to conflict,Lebanon,LBN,North,LB5,Tripoli,LB56,6,2023-11-21T00:00:00,2023,11,12,Conflict,,,South,LB6,BA
28165,Displacement due to conflict,Lebanon,LBN,South,LB6,Sour,LB63,4348,2023-11-21T00:00:00,2023,11,12,Conflict,,,South,LB6,BA
25203,Displacement due to conflict,Lebanon,LBN,El Nabatieh,LB4,Marjaayoun,LB43,732,2023-11-21T00:00:00,2023,11,12,Conflict,,,El Nabatieh,LB4,BA
15794,Displacement due to conflict,Lebanon,LBN,Mount Lebanon,LB3,Baabda,LB32,10,2023-11-21T00:00:00,2023,11,12,Conflict,,,South,LB6,BA
36479,Displacement due to conflict,Lebanon,LBN,Mount Lebanon,LB3,Jbeil,LB34,563,2023-11-21T00:00:00,2023,11,12,Conflict,,,El Nabatieh,LB4,BA
35455,Displacement due to conflict,Lebanon,LBN,El Nabatieh,LB4,Hasbaya,LB42,1603,2023-11-21T00:00:00,2023,11,12,Conflict,,,El Nabatieh,LB4,BA
51609,Displacement due to conflict,Lebanon,LBN,El Nabatieh,LB4,El Nabatieh,LB44,8141,2023-11-21T00:00:00,2023,11,12,Conflict,,,El Nabatieh,LB4,BA
52369,Displacement due to conflict,Lebanon,LBN,North,LB5,El Koura,LB54,33,2023-11-21T00:00:00,2023,11,12,Conflict,,,El Nabatieh,LB4,BA
52372,Displacement due to conflict,Lebanon,LBN,Mount Lebanon,LB3,Kesrwane,LB35,811,2023-11-21T00:00:00,2023,11,12,Conflict,,,El Nabatieh,LB4,BA
50621,Displacement due to conflict,Lebanon,LBN,Mount Lebanon,LB3,Kesrwane,LB35,10,2023-11-21T00:00:00,2023,11,12,Conflict,,,South,LB6,BA
53070,Displacement due to conflict,Lebanon,LBN,Baalbek-El Hermel,LB8,Baalbek,LB21,25,2023-11-21T00:00:00,2023,11,12,Conflict,,,South,LB6,BA
45427,Displacement due to conflict,Lebanon,LBN,Baalbek-El Hermel,LB8,El Hermel,LB22,270,2023-11-21T00:00:00,2023,11,12,Conflict,,,Mount Lebanon,LB3,BA
61570,Displacement due to conflict,Lebanon,LBN,Mount Lebanon,LB3,Jbeil,LB34,5,2023-11-21T00:00:00,2023,11,12,Conflict,,,South,LB6,BA
56428,Displacement due to conflict,Lebanon,LBN,Bekaa,LB2,Zahle,LB25,847,2023-11-21T00:00:00,2023,11,12,Conflict,,,El Nabatieh,LB4,BA
58076,Displacement due to conflict,Lebanon,LBN,Mount Lebanon,LB3,Chouf,LB33,320,2023-11-21T00:00:00,2023,11,12,Conflict,,,South,LB6,BA
65620,Displacement due to conflict,Lebanon,LBN,Mount Lebanon,LB3,Baabda,LB32,40,2023-11-21T00:00:00,2023,11,12,Conflict,,,Beirut,LB1,BA
65320,Displacement due to conflict,Lebanon,LBN,Bekaa,LB2,Zahle,LB25,5,2023-11-21T00:00:00,2023,11,12,Conflict,,,South,LB6,BA
63597,Displacement due to conflict,Lebanon,LBN,Akkar,LB7,Akkar,LB51,40,2023-11-21T00:00:00,2023,11,12,Conflict,,,El Nabatieh,LB4,BA
64575,Displacement due to conflict,Lebanon,LBN,North,LB5,Zgharta,LB57,20,2023-11-21T00:00:00,2023,11,12,Conflict,,,South,LB6,BA
80070,Displacement due to conflict,Lebanon,LBN,Mount Lebanon,LB3,Baabda,LB32,2410,2023-11-21T00:00:00,2023,11,12,Conflict,,,El Nabatieh,LB4,BA
77805,Displacement due to conflict,Lebanon,LBN,Mount Lebanon,LB3,El Meten,LB36,990,2023-11-21T00:00:00,2023,11,12,Conflict,,,El Nabatieh,LB4,BA
77437,Displacement due to conflict,Lebanon,LBN,Mount Lebanon,LB3,Aley,LB31,2896,2023-11-21T00:00:00,2023,11,12,Conflict,,,El Nabatieh,LB4,BA
73585,Displacement due to conflict,Lebanon,LBN,South,LB6,Jezzine,LB62,4,2023-11-21T00:00:00,2023,11,12,Conflict,,,South,LB6,BA
88745,Displacement due to conflict,Lebanon,LBN,South,LB6,Sour,LB63,12642,2023-11-21T00:00:00,2023,11,12,Conflict,,,El Nabatieh,LB4,BA
96112,Displacement due to conflict,Lebanon,LBN,Baalbek-El Hermel,LB8,El Hermel,LB22,105,2023-11-21T00:00:00,2023,11,12,Conflict,,,El Nabatieh,LB4,BA
109541,Displacement due to conflict,Lebanon,LBN,Mount Lebanon,LB3,Baabda,LB32,95,2023-11-21T00:00:00,2023,11,12,Conflict,,,Mount Lebanon,LB3,BA
108008,Displacement due to conflict,Lebanon,LBN,Bekaa,LB2,West Bekaa,LB24,360,2023-11-21T00:00:00,2023,11,12,Conflict,,,El Nabatieh,LB4,BA
107402,Displacement due to conflict,Lebanon,LBN,Baalbek-El Hermel,LB8,Baalbek,LB21,2264,2023-11-21T00:00:00,2023,11,12,Conflict,,,El Nabatieh,LB4,BA
110826,Displacement due to conflict,Lebanon,LBN,South,LB6,Jezzine,LB62,35,2023-11-21T00:00:00,2023,11,12,Conflict,,,El Nabatieh,LB4,BA
101477,Displacement due to conflict,Lebanon,LBN,Mount Lebanon,LB3,El Meten,LB36,43,2023-11-21T00:00:00,2023,11,12,Conflict,,,South,LB6,BA
101352,Displacement due to conflict,Lebanon,LBN,Akkar,LB7,Akkar,LB51,65,2023-11-21T00:00:00,2023,11,12,Conflict,,,South,LB6,BA
106055,Displacement due to conflict,Lebanon,LBN,Mount Lebanon,LB3,Jbeil,LB34,210,2023-11-21T00:00:00,2023,11,12,Conflict,,,Mount Lebanon,LB3,BA
104337,Displacement due to conflict,Lebanon,LBN,Baalbek-El Hermel,LB8,Baalbek,LB21,64,2023-11-21T00:00:00,2023,11,12,Conflict,,,Beirut,LB1,BA
117340,Displacement due to conflict,Lebanon,LBN,Baalbek-El Hermel,LB8,Baalbek,LB21,80,2023-11-21T00:00:00,2023,11,12,Conflict,,,Mount Lebanon,LB3,BA
118414,Displacement due to conflict,Lebanon,LBN,El Nabatieh,LB4,El Nabatieh,LB44,20,2023-11-21T00:00:00,2023,11,12,Conflict,,,South,LB6,BA
124211,Displacement due to conflict,Lebanon,LBN,Mount Lebanon,LB3,Chouf,LB33,1543,2023-11-21T00:00:00,2023,11,12,Conflict,,,El Nabatieh,LB4,BA
123756,Displacement due to conflict,Lebanon,LBN,Beirut,LB1,Beirut,LB11,6113,2023-11-21T00:00:00,2023,11,12,Conflict,,,El Nabatieh,LB4,BA
119880,Displacement due to conflict,Lebanon,LBN,North,LB5,El Minieh-Dennie,LB55,210,2023-11-21T00:00:00,2023,11,12,Conflict,,,South,LB6,BA
128081,Displacement due to conflict,Lebanon,LBN,South,LB6,Saida,LB61,5523,2023-11-21T00:00:00,2023,11,12,Conflict,,,El Nabatieh,LB4,BA
129264,Displacement due to conflict,Lebanon,LBN,El Nabatieh,LB4,El Nabatieh,LB44,30,2023-11-21T00:00:00,2023,11,12,Conflict,,,Mount Lebanon,LB3,BA
129023,Displacement due to conflict,Lebanon,LBN,North,LB5,El Batroun,LB52,45,2023-11-21T00:00:00,2023,11,12,Conflict,,,El Nabatieh,LB4,BA
120771,Displacement due to conflict,Lebanon,LBN,North,LB5,El Koura,LB54,10,2023-11-28T00:00:00,2023,11,13,Conflict,,,El Nabatieh,LB4,BA
124254,Displacement due to conflict,Lebanon,LBN,Baalbek-El Hermel,LB8,Baalbek,LB21,40,2023-11-28T00:00:00,2023,11,13,Conflict,,,Mount Lebanon,LB3,BA
117285,Displacement due to conflict,Lebanon,LBN,Mount Lebanon,LB3,El Meten,LB36,875,2023-11-28T00:00:00,2023,11,13,Conflict,,,El Nabatieh,LB4,BA
115652,Displacement due to conflict,Lebanon,LBN,Beirut,LB1,Beirut,LB11,6100,2023-11-28T00:00:00,2023,11,13,Conflict,,,El Nabatieh,LB4,BA
104286,Displacement due to conflict,Lebanon,LBN,Bekaa,LB2,Zahle,LB25,800,2023-11-28T00:00:00,2023,11,13,Conflict,,,El Nabatieh,LB4,BA
103049,Displacement due to conflict,Lebanon,LBN,Mount Lebanon,LB3,Jbeil,LB34,275,2023-11-28T00:00:00,2023,11,13,Conflict,,,Mount Lebanon,LB3,BA
110571,Displacement due to conflict,Lebanon,LBN,South,LB6,Saida,LB61,460,2023-11-28T00:00:00,2023,11,13,Conflict,,,South,LB6,BA
106555,Displacement due to conflict,Lebanon,LBN,Mount Lebanon,LB3,Kesrwane,LB35,10,2023-11-28T00:00:00,2023,11,13,Conflict,,,South,LB6,BA
108591,Displacement due to conflict,Lebanon,LBN,Baalbek-El Hermel,LB8,Baalbek,LB21,1246,2023-11-28T00:00:00,2023,11,13,Conflict,,,El Nabatieh,LB4,BA
96104,Displacement due to conflict,Lebanon,LBN,El Nabatieh,LB4,El Nabatieh,LB44,9213,2023-11-28T00:00:00,2023,11,13,Conflict,,,Not available,Not available,BA
95765,Displacement due to conflict,Lebanon,LBN,South,LB6,Sour,LB63,4242,2023-11-28T00:00:00,2023,11,13,Conflict,,,South,LB6,BA
97230,Displacement due to conflict,Lebanon,LBN,North,LB5,El Batroun,LB52,35,2023-11-28T00:00:00,2023,11,13,Conflict,,,El Nabatieh,LB4,BA
92939,Displacement due to conflict,Lebanon,LBN,Baalbek-El Hermel,LB8,Baalbek,LB21,20,2023-11-28T00:00:00,2023,11,13,Conflict,,,South,LB6,BA
92199,Displacement due to conflict,Lebanon,LBN,Akkar,LB7,Akkar,LB51,55,2023-11-28T00:00:00,2023,11,13,Conflict,,,El Nabatieh,LB4,BA
94400,Displacement due to conflict,Lebanon,LBN,North,LB5,El Batroun,LB52,30,2023-11-28T00:00:00,2023,11,13,Conflict,,,South,LB6,BA
91346,Displacement due to conflict,Lebanon,LBN,North,LB5,El Koura,LB54,15,2023-11-28T00:00:00,2023,11,13,Conflict,,,South,LB6,BA
87161,Displacement due to conflict,Lebanon,LBN,Mount Lebanon,LB3,Baabda,LB32,10,2023-11-28T00:00:00,2023,11,13,Conflict,,,Bekaa,LB2,BA
72009,Displacement due to conflict,Lebanon,LBN,Mount Lebanon,LB3,Baabda,LB32,1765,2023-11-28T00:00:00,2023,11,13,Conflict,,,El Nabatieh,LB4,BA
75088,Displacement due to conflict,Lebanon,LBN,Mount Lebanon,LB3,Jbeil,LB34,20,2023-11-28T00:00:00,2023,11,13,Conflict,,,South,LB6,BA
80126,Displacement due to conflict,Lebanon,LBN,Mount Lebanon,LB3,Chouf,LB33,1332,2023-11-28T00:00:00,2023,11,13,Conflict,,,El Nabatieh,LB4,BA
79031,Displacement due to conflict,Lebanon,LBN,Baalbek-El Hermel,LB8,El Hermel,LB22,65,2023-11-28T00:00:00,2023,11,13,Conflict,,,El Nabatieh,LB4,BA
82661,Displacement due to conflict,Lebanon,LBN,Baalbek-El Hermel,LB8,El Hermel,LB22,195,2023-11-28T00:00:00,2023,11,13,Conflict,,,Mount Lebanon,LB3,BA
82341,Displacement due to conflict,Lebanon,LBN,Beirut,LB1,Beirut,LB11,20,2023-11-28T00:00:00,2023,11,13,Conflict,,,South,LB6,BA
64536,Displacement due to conflict,Lebanon,LBN,Mount Lebanon,LB3,El Meten,LB36,145,2023-11-28T00:00:00,2023,11,13,Conflict,,,South,LB6,BA
65376,Displacement due to conflict,Lebanon,LBN,Mount Lebanon,LB3,Jbeil,LB34,335,2023-11-28T00:00:00,2023,11,13,Conflict,,,El Nabatieh,LB4,BA
67471,Displacement due to conflict,Lebanon,LBN,North,LB5,Tripoli,LB56,6,2023-11-28T00:00:00,2023,11,13,Conflict,,,South,LB6,BA
61626,Displacement due to conflict,Lebanon,LBN,El Nabatieh,LB4,Hasbaya,LB42,720,2023-11-28T00:00:00,2023,11,13,Conflict,,,Not available,Not available,BA
60384,Displacement due to conflict,Lebanon,LBN,El Nabatieh,LB4,Bent Jbeil,LB41,1666,2023-11-28T00:00:00,2023,11,13,Conflict,,,Not available,Not available,BA
63094,Displacement due to conflict,Lebanon,LBN,El Nabatieh,LB4,Hasbaya,LB42,200,2023-11-28T00:00:00,2023,11,13,Conflict,,,El Nabatieh,LB4,BA
45244,Displacement due to conflict,Lebanon,LBN,South,LB6,Jezzine,LB62,15,2023-11-28T00:00:00,2023,11,13,Conflict,,,El Nabatieh,LB4,BA
53206,Displacement due to conflict,Lebanon,LBN,Bekaa,LB2,Rachaya,LB23,461,2023-11-28T00:00:00,2023,11,13,Conflict,,,El Nabatieh,LB4,BA
54444,Displacement due to conflict,Lebanon,LBN,Mount Lebanon,LB3,Aley,LB31,2836,2023-11-28T00:00:00,2023,11,13,Conflict,,,El Nabatieh,LB4,BA
55019,Displacement due to conflict,Lebanon,LBN,Mount Lebanon,LB3,Aley,LB31,25,2023-11-28T00:00:00,2023,11,13,Conflict,,,South,LB6,BA
55719,Displacement due to conflict,Lebanon,LBN,Mount Lebanon,LB3,Kesrwane,LB35,828,2023-11-28T00:00:00,2023,11,13,Conflict,,,El Nabatieh,LB4,BA
34965,Displacement due to conflict,Lebanon,LBN,South,LB6,Sour,LB63,12274,2023-11-28T00:00:00,2023,11,13,Conflict,,,El Nabatieh,LB4,BA
34984,Displacement due to conflict,Lebanon,LBN,Mount Lebanon,LB3,Baabda,LB32,50,2023-11-28T00:00:00,2023,11,13,Conflict,,,Mount Lebanon,LB3,BA
34926,Displacement due to conflict,Lebanon,LBN,Bekaa,LB2,West Bekaa,LB24,315,2023-11-28T00:00:00,2023,11,13,Conflict,,,El Nabatieh,LB4,BA
31007,Displacement due to conflict,Lebanon,LBN,North,LB5,El Minieh-Dennie,LB55,210,2023-11-28T00:00:00,2023,11,13,Conflict,,,South,LB6,BA
14749,Displacement due to conflict,Lebanon,LBN,Bekaa,LB2,Rachaya,LB23,30,2023-11-28T00:00:00,2023,11,13,Conflict,,,South,LB6,BA
23573,Displacement due to conflict,Lebanon,LBN,Mount Lebanon,LB3,Baabda,LB32,40,2023-11-28T00:00:00,2023,11,13,Conflict,,,Beirut,LB1,BA
26714,Displacement due to conflict,Lebanon,LBN,Akkar,LB7,Akkar,LB51,11,2023-11-28T00:00:00,2023,11,13,Conflict,,,South,LB6,BA
805,Displacement due to conflict,Lebanon,LBN,South,LB6,Saida,LB61,7066,2023-11-28T00:00:00,2023,11,13,Conflict,,,El Nabatieh,LB4,BA
6620,Displacement due to conflict,Lebanon,LBN,Mount Lebanon,LB3,Chouf,LB33,362,2023-11-28T00:00:00,2023,11,13,Conflict,,,South,LB6,BA
11204,Displacement due to conflict,Lebanon,LBN,El Nabatieh,LB4,Marjaayoun,LB43,680,2023-11-28T00:00:00,2023,11,13,Conflict,,,Not available,Not available,BA
9094,Displacement due to conflict,Lebanon,LBN,Mount Lebanon,LB3,Baabda,LB32,75,2023-11-28T00:00:00,2023,11,13,Conflict,,,South,LB6,BA
8841,Displacement due to conflict,Lebanon,LBN,Bekaa,LB2,Rachaya,LB23,417,2023-12-05T00:00:00,2023,12,14,Conflict,,,El Nabatieh,LB4,BA
10380,Displacement due to conflict,Lebanon,LBN,North,LB5,El Batroun,LB52,22,2023-12-05T00:00:00,2023,12,14,Conflict,,,South,LB6,BA
6292,Displacement due to conflict,Lebanon,LBN,North,LB5,El Minieh-Dennie,LB55,6,2023-12-05T00:00:00,2023,12,14,Conflict,,,South,LB6,BA
3686,Displacement due to conflict,Lebanon,LBN,Mount Lebanon,LB3,Baabda,LB32,95,2023-12-05T00:00:00,2023,12,14,Conflict,,,Mount Lebanon,LB3,BA
26962,Displacement due to conflict,Lebanon,LBN,El Nabatieh,LB4,Bent Jbeil,LB41,1937,2023-12-05T00:00:00,2023,12,14,Conflict,,,Not available,Not available,BA
26871,Displacement due to conflict,Lebanon,LBN,El Nabatieh,LB4,Hasbaya,LB42,775,2023-12-05T00:00:00,2023,12,14,Conflict,,,Not available,Not available,BA
23957,Displacement due to conflict,Lebanon,LBN,North,LB5,El Batroun,LB52,19,2023-12-05T00:00:00,2023,12,14,Conflict,,,El Nabatieh,LB4,BA
24633,Displacement due to conflict,Lebanon,LBN,Mount Lebanon,LB3,Aley,LB31,4187,2023-12-05T00:00:00,2023,12,14,Conflict,,,El Nabatieh,LB4,BA
19599,Displacement due to conflict,Lebanon,LBN,Mount Lebanon,LB3,Kesrwane,LB35,813,2023-12-05T00:00:00,2023,12,14,Conflict,,,El Nabatieh,LB4,BA
31189,Displacement due to conflict,Lebanon,LBN,Mount Lebanon,LB3,Chouf,LB33,160,2023-12-05T00:00:00,2023,12,14,Conflict,,,South,LB6,BA
35387,Displacement due to conflict,Lebanon,LBN,Mount Lebanon,LB3,Aley,LB31,325,2023-12-05T00:00:00,2023,12,14,Conflict,,,South,LB6,BA
38272,Displacement due to conflict,Lebanon,LBN,South,LB6,Sour,LB63,4969,2023-12-05T00:00:00,2023,12,14,Conflict,,,South,LB6,BA
37553,Displacement due to conflict,Lebanon,LBN,South,LB6,Saida,LB61,7344,2023-12-05T00:00:00,2023,12,14,Conflict,,,El Nabatieh,LB4,BA
41956,Displacement due to conflict,Lebanon,LBN,Mount Lebanon,LB3,Chouf,LB33,1468,2023-12-05T00:00:00,2023,12,14,Conflict,,,El Nabatieh,LB4,BA
49535,Displacement due to conflict,Lebanon,LBN,South,LB6,Jezzine,LB62,7,2023-12-05T00:00:00,2023,12,14,Conflict,,,South,LB6,BA
48777,Displacement due to conflict,Lebanon,LBN,Baalbek-El Hermel,LB8,Baalbek,LB21,1124,2023-12-05T00:00:00,2023,12,14,Conflict,,,El Nabatieh,LB4,BA
47190,Displacement due to conflict,Lebanon,LBN,Baalbek-El Hermel,LB8,El Hermel,LB22,40,2023-12-05T00:00:00,2023,12,14,Conflict,,,El Nabatieh,LB4,BA
57959,Displacement due to conflict,Lebanon,LBN,Akkar,LB7,Akkar,LB51,8,2023-12-05T00:00:00,2023,12,14,Conflict,,,South,LB6,BA
57733,Displacement due to conflict,Lebanon,LBN,Akkar,LB7,Akkar,LB51,61,2023-12-05T00:00:00,2023,12,14,Conflict,,,El Nabatieh,LB4,BA
58808,Displacement due to conflict,Lebanon,LBN,South,LB6,Sour,LB63,12422,2023-12-05T00:00:00,2023,12,14,Conflict,,,El Nabatieh,LB4,BA
58828,Displacement due to conflict,Lebanon,LBN,Mount Lebanon,LB3,Baabda,LB32,31,2023-12-05T00:00:00,2023,12,14,Conflict,,,South,LB6,BA
65394,Displacement due to conflict,Lebanon,LBN,South,LB6,Jezzine,LB62,37,2023-12-05T00:00:00,2023,12,14,Conflict,,,El Nabatieh,LB4,BA
83822,Displacement due to conflict,Lebanon,LBN,Mount Lebanon,LB3,El Meten,LB36,862,2023-12-05T00:00:00,2023,12,14,Conflict,,,El Nabatieh,LB4,BA
77894,Displacement due to conflict,Lebanon,LBN,Beirut,LB1,Beirut,LB11,5795,2023-12-05T00:00:00,2023,12,14,Conflict,,,El Nabatieh,LB4,BA
74912,Displacement due to conflict,Lebanon,LBN,Bekaa,LB2,Zahle,LB25,392,2023-12-05T00:00:00,2023,12,14,Conflict,,,El Nabatieh,LB4,BA
87419,Displacement due to conflict,Lebanon,LBN,Baalbek-El Hermel,LB8,El Hermel,LB22,176,2023-12-05T00:00:00,2023,12,14,Conflict,,,Mount Lebanon,LB3,BA
88512,Displacement due to conflict,Lebanon,LBN,Mount Lebanon,LB3,Jbeil,LB34,125,2023-12-05T00:00:00,2023,12,14,Conflict,,,Mount Lebanon,LB3,BA
91249,Displacement due to conflict,Lebanon,LBN,Baalbek-El Hermel,LB8,Baalbek,LB21,40,2023-12-05T00:00:00,2023,12,14,Conflict,,,Mount Lebanon,LB3,BA
89459,Displacement due to conflict,Lebanon,LBN,Mount Lebanon,LB3,Jbeil,LB34,480,2023-12-05T00:00:00,2023,12,14,Conflict,,,El Nabatieh,LB4,BA
98222,Displacement due to conflict,Lebanon,LBN,Mount Lebanon,LB3,El Meten,LB36,107,2023-12-05T00:00:00,2023,12,14,Conflict,,,South,LB6,BA
98353,Displacement due to conflict,Lebanon,LBN,El Nabatieh,LB4,Marjaayoun,LB43,714,2023-12-05T00:00:00,2023,12,14,Conflict,,,Not available,Not available,BA
106163,Displacement due to conflict,Lebanon,LBN,Mount Lebanon,LB3,Baabda,LB32,1518,2023-12-05T00:00:00,2023,12,14,Conflict,,,El Nabatieh,LB4,BA
102902,Displacement due to conflict,Lebanon,LBN,Mount Lebanon,LB3,Kesrwane,LB35,10,2023-12-05T00:00:00,2023,12,14,Conflict,,,South,LB6,BA
102528,Displacement due to conflict,Lebanon,LBN,El Nabatieh,LB4,El Nabatieh,LB44,10522,2023-12-05T00:00:00,2023,12,14,Conflict,,,Not available,Not available,BA
103550,Displacement due to conflict,Lebanon,LBN,North,LB5,Tripoli,LB56,6,2023-12-05T00:00:00,2023,12,14,Conflict,,,South,LB6,BA
103555,Displacement due to conflict,Lebanon,LBN,Mount Lebanon,LB3,Baabda,LB32,14,2023-12-05T00:00:00,2023,12,14,Conflict,,,Bekaa,LB2,BA
105199,Displacement due to conflict,Lebanon,LBN,Mount Lebanon,LB3,Baabda,LB32,40,2023-12-05T00:00:00,2023,12,14,Conflict,,,Beirut,LB1,BA
102020,Displacement due to conflict,Lebanon,LBN,Bekaa,LB2,West Bekaa,LB24,154,2023-12-05T00:00:00,2023,12,14,Conflict,,,El Nabatieh,LB4,BA
115157,Displacement due to conflict,Lebanon,LBN,Baalbek-El Hermel,LB8,El Hermel,LB22,10,2023-12-05T00:00:00,2023,12,14,Conflict,,,South,LB6,BA
125875,Displacement due to conflict,Lebanon,LBN,Baalbek-El Hermel,LB8,Baalbek,LB21,20,2023-12-05T00:00:00,2023,12,14,Conflict,,,South,LB6,BA
120685,Displacement due to conflict,Lebanon,LBN,South,LB6,Saida,LB61,1579,2023-12-05T00:00:00,2023,12,14,Conflict,,,South,LB6,BA
132261,Displacement due to conflict,Lebanon,LBN,Bekaa,LB2,Zahle,LB25,4,2023-12-05T00:00:00,2023,12,14,Conflict,,,South,LB6,BA
126710,Displacement due to conflict,Lebanon,LBN,El Nabatieh,LB4,Bent Jbeil,LB41,2460,2023-12-12T00:00:00,2023,12,15,Conflict,,,Not available,Not available,BA
126018,Displacement due to conflict,Lebanon,LBN,Bekaa,LB2,West Bekaa,LB24,134,2023-12-12T00:00:00,2023,12,15,Conflict,,,El Nabatieh,LB4,BA
125370,Displacement due to conflict,Lebanon,LBN,El Nabatieh,LB4,El Nabatieh,LB44,12147,2023-12-12T00:00:00,2023,12,15,Conflict,,,Not available,Not available,BA
116108,Displacement due to conflict,Lebanon,LBN,Baalbek-El Hermel,LB8,El Hermel,LB22,10,2023-12-12T00:00:00,2023,12,15,Conflict,,,South,LB6,BA
117017,Displacement due to conflict,Lebanon,LBN,Mount Lebanon,LB3,Jbeil,LB34,480,2023-12-12T00:00:00,2023,12,15,Conflict,,,El Nabatieh,LB4,BA
100329,Displacement due to conflict,Lebanon,LBN,Mount Lebanon,LB3,Kesrwane,LB35,10,2023-12-12T00:00:00,2023,12,15,Conflict,,,South,LB6,BA
103554,Displacement due to conflict,Lebanon,LBN,El Nabatieh,LB4,Marjaayoun,LB43,979,2023-12-12T00:00:00,2023,12,15,Conflict,,,Not available,Not available,BA
102344,Displacement due to conflict,Lebanon,LBN,Bekaa,LB2,Rachaya,LB23,386,2023-12-12T00:00:00,2023,12,15,Conflict,,,El Nabatieh,LB4,BA
102812,Displacement due to conflict,Lebanon,LBN,Mount Lebanon,LB3,Chouf,LB33,1150,2023-12-12T00:00:00,2023,12,15,Conflict,,,El Nabatieh,LB4,BA
94063,Displacement due to conflict,Lebanon,LBN,North,LB5,El Batroun,LB52,26,2023-12-12T00:00:00,2023,12,15,Conflict,,,South,LB6,BA
95259,Displacement due to conflict,Lebanon,LBN,Mount Lebanon,LB3,Aley,LB31,545,2023-12-12T00:00:00,2023,12,15,Conflict,,,South,LB6,BA
94806,Displacement due to conflict,Lebanon,LBN,Akkar,LB7,Akkar,LB51,68,2023-12-12T00:00:00,2023,12,15,Conflict,,,El Nabatieh,LB4,BA
89662,Displacement due to conflict,Lebanon,LBN,Mount Lebanon,LB3,Kesrwane,LB35,838,2023-12-12T00:00:00,2023,12,15,Conflict,,,El Nabatieh,LB4,BA
90861,Displacement due to conflict,Lebanon,LBN,Beirut,LB1,Beirut,LB11,6355,2023-12-12T00:00:00,2023,12,15,Conflict,,,El Nabatieh,LB4,BA
85190,Displacement due to conflict,Lebanon,LBN,Mount Lebanon,LB3,Baabda,LB32,14,2023-12-12T00:00:00,2023,12,15,Conflict,,,Bekaa,LB2,BA
86403,Displacement due to conflict,Lebanon,LBN,South,LB6,Saida,LB61,8942,2023-12-12T00:00:00,2023,12,15,Conflict,,,El Nabatieh,LB4,BA
73652,Displacement due to conflict,Lebanon,LBN,Mount Lebanon,LB3,Baabda,LB32,7,2023-12-12T00:00:00,2023,12,15,Conflict,,,South,LB6,BA
71784,Displacement due to conflict,Lebanon,LBN,Mount Lebanon,LB3,El Meten,LB36,186,2023-12-12T00:00:00,2023,12,15,Conflict,,,El Nabatieh,LB4,BA
75591,Displacement due to conflict,Lebanon,LBN,Mount Lebanon,LB3,Jbeil,LB34,100,2023-12-12T00:00:00,2023,12,15,Conflict,,,Mount Lebanon,LB3,BA
84518,Displacement due to conflict,Lebanon,LBN,Mount Lebanon,LB3,Aley,LB31,100,2023-12-12T00:00:00,2023,12,15,Conflict,,,Mount Lebanon,LB3,BA
79089,Displacement due to conflict,Lebanon,LBN,Mount Lebanon,LB3,Chouf,LB33,175,2023-12-12T00:00:00,2023,12,15,Conflict,,,South,LB6,BA
78755,Displacement due to conflict,Lebanon,LBN,South,LB6,Saida,LB61,1689,2023-12-12T00:00:00,2023,12,15,Conflict,,,South,LB6,BA
68742,Displacement due to conflict,Lebanon,LBN,South,LB6,Sour,LB63,11577,2023-12-12T00:00:00,2023,12,15,Conflict,,,El Nabatieh,LB4,BA
68758,Displacement due to conflict,Lebanon,LBN,Mount Lebanon,LB3,Baabda,LB32,2098,2023-12-12T00:00:00,2023,12,15,Conflict,,,El Nabatieh,LB4,BA
57622,Displacement due to conflict,Lebanon,LBN,Mount Lebanon,LB3,Baabda,LB32,120,2023-12-12T00:00:00,2023,12,15,Conflict,,,Mount Lebanon,LB3,BA
62592,Displacement due to conflict,Lebanon,LBN,Baalbek-El Hermel,LB8,Baalbek,LB21,20,2023-12-12T00:00:00,2023,12,15,Conflict,,,South,LB6,BA
60272,Displacement due to conflict,Lebanon,LBN,South,LB6,Jezzine,LB62,17,2023-12-12T00:00:00,2023,12,15,Conflict,,,South,LB6,BA
48107,Displacement due to conflict,Lebanon,LBN,South,LB6,Sour,LB63,7004,2023-12-12T00:00:00,2023,12,15,Conflict,,,South,LB6,BA
43189,Displacement due to conflict,Lebanon,LBN,Mount Lebanon,LB3,El Meten,LB36,120,2023-12-12T00:00:00,2023,12,15,Conflict,,,Bekaa,LB2,BA
50224,Displacement due to conflict,Lebanon,LBN,South,LB6,Jezzine,LB62,37,2023-12-12T00:00:00,2023,12,15,Conflict,,,El Nabatieh,LB4,BA
56152,Displacement due to conflict,Lebanon,LBN,Mount Lebanon,LB3,Baabda,LB32,40,2023-12-12T00:00:00,2023,12,15,Conflict,,,Beirut,LB1,BA
40262,Displacement due to conflict,Lebanon,LBN,Baalbek-El Hermel,LB8,Baalbek,LB21,635,2023-12-12T00:00:00,2023,12,15,Conflict,,,El Nabatieh,LB4,BA
35215,Displacement due to conflict,Lebanon,LBN,Mount Lebanon,LB3,El Meten,LB36,254,2023-12-12T00:00:00,2023,12,15,Conflict,,,South,LB6,BA
20910,Displacement due to conflict,Lebanon,LBN,Baalbek-El Hermel,LB8,El Hermel,LB22,35,2023-12-12T00:00:00,2023,12,15,Conflict,,,El Nabatieh,LB4,BA
20796,Displacement due to conflict,Lebanon,LBN,El Nabatieh,LB4,Hasbaya,LB42,924,2023-12-12T00:00:00,2023,12,15,Conflict,,,Not available,Not available,BA
16011,Displacement due to conflict,Lebanon,LBN,Bekaa,LB2,Zahle,LB25,315,2023-12-12T00:00:00,2023,12,15,Conflict,,,El Nabatieh,LB4,BA
24332,Displacement due to conflict,Lebanon,LBN,Mount Lebanon,LB3,Aley,LB31,3867,2023-12-12T00:00:00,2023,12,15,Conflict,,,El Nabatieh,LB4,BA
25301,Displacement due to conflict,Lebanon,LBN,Baalbek-El Hermel,LB8,El Hermel,LB22,135,2023-12-12T00:00:00,2023,12,15,Conflict,,,Mount Lebanon,LB3,BA
11015,Displacement due to conflict,Lebanon,LBN,Akkar,LB7,Akkar,LB51,54,2023-12-12T00:00:00,2023,12,15,Conflict,,,South,LB6,BA
10790,Displacement due to conflict,Lebanon,LBN,Baalbek-El Hermel,LB8,El Hermel,LB22,45,2023-12-19T00:00:00,2023,12,16,Conflict,,,Mount Lebanon,LB3,BA
9922,Displacement due to conflict,Lebanon,LBN,Bekaa,LB2,Rachaya,LB23,35,2023-12-19T00:00:00,2023,12,16,Conflict,,,South,LB6,BA
3497,Displacement due to conflict,Lebanon,LBN,Mount Lebanon,LB3,Aley,LB31,95,2023-12-19T00:00:00,2023,12,16,Conflict,,,Mount Lebanon,LB3,BA
5417,Displacement due to conflict,Lebanon,LBN,Mount Lebanon,LB3,Baabda,LB32,2522,2023-12-19T00:00:00,2023,12,16,Conflict,,,El Nabatieh,LB4,BA
5171,Displacement due to conflict,Lebanon,LBN,Akkar,LB7,Akkar,LB51,1101,2023-12-19T00:00:00,2023,12,16,Conflict,,,El Nabatieh,LB4,BA
23594,Displacement due to conflict,Lebanon,LBN,El Nabatieh,LB4,Hasbaya,LB42,956,2023-12-19T00:00:00,2023,12,16,Conflict,,,Not available,Not available,BA
23037,Displacement due to conflict,Lebanon,LBN,El Nabatieh,LB4,El Nabatieh,LB44,12578,2023-12-19T00:00:00,2023,12,16,Conflict,,,Not available,Not available,BA
16510,Displacement due to conflict,Lebanon,LBN,Mount Lebanon,LB3,Chouf,LB33,246,2023-12-19T00:00:00,2023,12,16,Conflict,,,South,LB6,BA
34387,Displacement due to conflict,Lebanon,LBN,Mount Lebanon,LB3,Jbeil,LB34,100,2023-12-19T00:00:00,2023,12,16,Conflict,,,Mount Lebanon,LB3,BA
32230,Displacement due to conflict,Lebanon,LBN,South,LB6,Sour,LB63,8213,2023-12-19T00:00:00,2023,12,16,Conflict,,,South,LB6,BA
29106,Displacement due to conflict,Lebanon,LBN,South,LB6,Saida,LB61,1280,2023-12-19T00:00:00,2023,12,16,Conflict,,,South,LB6,BA
36347,Displacement due to conflict,Lebanon,LBN,Mount Lebanon,LB3,El Meten,LB36,565,2023-12-19T00:00:00,2023,12,16,Conflict,,,El Nabatieh,LB4,BA
50698,Displacement due to conflict,Lebanon,LBN,Mount Lebanon,LB3,Kesrwane,LB35,548,2023-12-19T00:00:00,2023,12,16,Conflict,,,El Nabatieh,LB4,BA
48182,Displacement due to conflict,Lebanon,LBN,Bekaa,LB2,West Bekaa,LB24,226,2023-12-19T00:00:00,2023,12,16,Conflict,,,El Nabatieh,LB4,BA
56573,Displacement due to conflict,Lebanon,LBN,Mount Lebanon,LB3,Baabda,LB32,120,2023-12-19T00:00:00,2023,12,16,Conflict,,,Mount Lebanon,LB3,BA
70566,Displacement due to conflict,Lebanon,LBN,South,LB6,Jezzine,LB62,73,2023-12-19T00:00:00,2023,12,16,Conflict,,,El Nabatieh,LB4,BA
69595,Displacement due to conflict,Lebanon,LBN,Baalbek-El Hermel,LB8,Baalbek,LB21,898,2023-12-19T00:00:00,2023,12,16,Conflict,,,El Nabatieh,LB4,BA
64431,Displacement due to conflict,Lebanon,LBN,Mount Lebanon,LB3,Aley,LB31,490,2023-12-19T00:00:00,2023,12,16,Conflict,,,South,LB6,BA
63808,Displacement due to conflict,Lebanon,LBN,Mount Lebanon,LB3,Aley,LB31,3604,2023-12-19T00:00:00,2023,12,16,Conflict,,,El Nabatieh,LB4,BA
67756,Displacement due to conflict,Lebanon,LBN,North,LB5,El Batroun,LB52,15,2023-12-19T00:00:00,2023,12,16,Conflict,,,El Nabatieh,LB4,BA
80943,Displacement due to conflict,Lebanon,LBN,Bekaa,LB2,Zahle,LB25,305,2023-12-19T00:00:00,2023,12,16,Conflict,,,El Nabatieh,LB4,BA
90014,Displacement due to conflict,Lebanon,LBN,North,LB5,El Batroun,LB52,11,2023-12-19T00:00:00,2023,12,16,Conflict,,,South,LB6,BA
88682,Displacement due to conflict,Lebanon,LBN,South,LB6,Jezzine,LB62,6,2023-12-19T00:00:00,2023,12,16,Conflict,,,South,LB6,BA
92889,Displacement due to conflict,Lebanon,LBN,South,LB6,Sour,LB63,13954,2023-12-19T00:00:00,2023,12,16,Conflict,,,El Nabatieh,LB4,BA
98095,Displacement due to conflict,Lebanon,LBN,El Nabatieh,LB4,Marjaayoun,LB43,1154,2023-12-19T00:00:00,2023,12,16,Conflict,,,Not available,Not available,BA
96899,Displacement due to conflict,Lebanon,LBN,El Nabatieh,LB4,Bent Jbeil,LB41,2895,2023-12-19T00:00:00,2023,12,16,Conflict,,,Not available,Not available,BA
95944,Displacement due to conflict,Lebanon,LBN,Beirut,LB1,Beirut,LB11,6890,2023-12-19T00:00:00,2023,12,16,Conflict,,,El Nabatieh,LB4,BA
104077,Displacement due to conflict,Lebanon,LBN,Baalbek-El Hermel,LB8,Baalbek,LB21,20,2023-12-19T00:00:00,2023,12,16,Conflict,,,South,LB6,BA
107541,Displacement due to conflict,Lebanon,LBN,Bekaa,LB2,Rachaya,LB23,334,2023-12-19T00:00:00,2023,12,16,Conflict,,,El Nabatieh,LB4,BA
116120,Displacement due to conflict,Lebanon,LBN,South,LB6,Saida,LB61,10338,2023-12-19T00:00:00,2023,12,16,Conflict,,,El Nabatieh,LB4,BA
115186,Displacement due to conflict,Lebanon,LBN,Baalbek-El Hermel,LB8,El Hermel,LB22,115,2023-12-19T00:00:00,2023,12,16,Conflict,,,El Nabatieh,LB4,BA
115420,Displacement due to conflict,Lebanon,LBN,Mount Lebanon,LB3,Baabda,LB32,7,2023-12-19T00:00:00,2023,12,16,Conflict,,,South,LB6,BA
127831,Displacement due to conflict,Lebanon,LBN,Akkar,LB7,Akkar,LB51,11,2023-12-19T00:00:00,2023,12,16,Conflict,,,South,LB6,BA
128402,Displacement due to conflict,Lebanon,LBN,Mount Lebanon,LB3,Jbeil,LB34,547,2023-12-19T00:00:00,2023,12,16,Conflict,,,El Nabatieh,LB4,BA
133312,Displacement due to conflict,Lebanon,LBN,Mount Lebanon,LB3,Chouf,LB33,2140,2023-12-19T00:00:00,2023,12,16,Conflict,,,El Nabatieh,LB4,BA
115865,Displacement due to conflict,Lebanon,LBN,South,LB6,Jezzine,LB62,91,2023-12-26T00:00:00,2023,12,17,Conflict,,,El Nabatieh,LB4,BA
125543,Displacement due to conflict,Lebanon,LBN,Bekaa,LB2,Zahle,LB25,310,2023-12-26T00:00:00,2023,12,17,Conflict,,,El Nabatieh,LB4,BA
120858,Displacement due to conflict,Lebanon,LBN,Mount Lebanon,LB3,Aley,LB31,490,2023-12-26T00:00:00,2023,12,17,Conflict,,,South,LB6,BA
119542,Displacement due to conflict,Lebanon,LBN,South,LB6,Sour,LB63,15222,2023-12-26T00:00:00,2023,12,17,Conflict,,,El Nabatieh,LB4,BA
110973,Displacement due to conflict,Lebanon,LBN,Baalbek-El Hermel,LB8,El Hermel,LB22,70,2023-12-26T00:00:00,2023,12,17,Conflict,,,Mount Lebanon,LB3,BA
104091,Displacement due to conflict,Lebanon,LBN,Mount Lebanon,LB3,Aley,LB31,95,2023-12-26T00:00:00,2023,12,17,Conflict,,,Mount Lebanon,LB3,BA
100328,Displacement due to conflict,Lebanon,LBN,Mount Lebanon,LB3,Chouf,LB33,276,2023-12-26T00:00:00,2023,12,17,Conflict,,,South,LB6,BA
101302,Displacement due to conflict,Lebanon,LBN,Mount Lebanon,LB3,Jbeil,LB34,557,2023-12-26T00:00:00,2023,12,17,Conflict,,,El Nabatieh,LB4,BA
92932,Displacement due to conflict,Lebanon,LBN,Mount Lebanon,LB3,El Meten,LB36,127,2023-12-26T00:00:00,2023,12,17,Conflict,,,South,LB6,BA
92820,Displacement due to conflict,Lebanon,LBN,El Nabatieh,LB4,Marjaayoun,LB43,1285,2023-12-26T00:00:00,2023,12,17,Conflict,,,Not available,Not available,BA
93989,Displacement due to conflict,Lebanon,LBN,Beirut,LB1,Beirut,LB11,5250,2023-12-26T00:00:00,2023,12,17,Conflict,,,El Nabatieh,LB4,BA
91124,Displacement due to conflict,Lebanon,LBN,North,LB5,El Batroun,LB52,2,2023-12-26T00:00:00,2023,12,17,Conflict,,,El Nabatieh,LB4,BA
88191,Displacement due to conflict,Lebanon,LBN,El Nabatieh,LB4,El Nabatieh,LB44,13146,2023-12-26T00:00:00,2023,12,17,Conflict,,,Not available,Not available,BA
86987,Displacement due to conflict,Lebanon,LBN,Mount Lebanon,LB3,Baabda,LB32,4542,2023-12-26T00:00:00,2023,12,17,Conflict,,,El Nabatieh,LB4,BA
83388,Displacement due to conflict,Lebanon,LBN,Baalbek-El Hermel,LB8,Baalbek,LB21,20,2023-12-26T00:00:00,2023,12,17,Conflict,,,South,LB6,BA
72104,Displacement due to conflict,Lebanon,LBN,Akkar,LB7,Akkar,LB51,166,2023-12-26T00:00:00,2023,12,17,Conflict,,,El Nabatieh,LB4,BA
74400,Displacement due to conflict,Lebanon,LBN,North,LB5,Zgharta,LB57,30,2023-12-26T00:00:00,2023,12,17,Conflict,,,El Nabatieh,LB4,BA
66248,Displacement due to conflict,Lebanon,LBN,Mount Lebanon,LB3,El Meten,LB36,463,2023-12-26T00:00:00,2023,12,17,Conflict,,,El Nabatieh,LB4,BA
69891,Displacement due to conflict,Lebanon,LBN,Akkar,LB7,Akkar,LB51,9,2023-12-26T00:00:00,2023,12,17,Conflict,,,South,LB6,BA
68795,Displacement due to conflict,Lebanon,LBN,Bekaa,LB2,Rachaya,LB23,255,2023-12-26T00:00:00,2023,12,17,Conflict,,,El Nabatieh,LB4,BA
58544,Displacement due to conflict,Lebanon,LBN,South,LB6,Saida,LB61,465,2023-12-26T00:00:00,2023,12,17,Conflict,,,South,LB6,BA
60511,Displacement due to conflict,Lebanon,LBN,Mount Lebanon,LB3,Baabda,LB32,6,2023-12-26T00:00:00,2023,12,17,Conflict,,,South,LB6,BA
49293,Displacement due to conflict,Lebanon,LBN,El Nabatieh,LB4,Hasbaya,LB42,1061,2023-12-26T00:00:00,2023,12,17,Conflict,,,Not available,Not available,BA
47355,Displacement due to conflict,Lebanon,LBN,Baalbek-El Hermel,LB8,Baalbek,LB21,848,2023-12-26T00:00:00,2023,12,17,Conflict,,,El Nabatieh,LB4,BA
37832,Displacement due to conflict,Lebanon,LBN,South,LB6,Sour,LB63,7928,2023-12-26T00:00:00,2023,12,17,Conflict,,,South,LB6,BA
42022,Displacement due to conflict,Lebanon,LBN,Mount Lebanon,LB3,Aley,LB31,3629,2023-12-26T00:00:00,2023,12,17,Conflict,,,El Nabatieh,LB4,BA
41608,Displacement due to conflict,Lebanon,LBN,Bekaa,LB2,Rachaya,LB23,35,2023-12-26T00:00:00,2023,12,17,Conflict,,,South,LB6,BA
35195,Displacement due to conflict,Lebanon,LBN,Mount Lebanon,LB3,Jbeil,LB34,100,2023-12-26T00:00:00,2023,12,17,Conflict,,,Mount Lebanon,LB3,BA
15119,Displacement due to conflict,Lebanon,LBN,Mount Lebanon,LB3,Chouf,LB33,2200,2023-12-26T00:00:00,2023,12,17,Conflict,,,El Nabatieh,LB4,BA
19683,Displacement due to conflict,Lebanon,LBN,Bekaa,LB2,West Bekaa,LB24,253,2023-12-26T00:00:00,2023,12,17,Conflict,,,El Nabatieh,LB4,BA
17790,Displacement due to conflict,Lebanon,LBN,North,LB5,El Koura,LB54,2,2023-12-26T00:00:00,2023,12,17,Conflict,,,El Nabatieh,LB4,BA
23176,Displacement due to conflict,Lebanon,LBN,Baalbek-El Hermel,LB8,El Hermel,LB22,90,2023-12-26T00:00:00,2023,12,17,Conflict,,,El Nabatieh,LB4,BA
21872,Displacement due to conflict,Lebanon,LBN,North,LB5,El Batroun,LB52,4,2023-12-26T00:00:00,2023,12,17,Conflict,,,South,LB6,BA
25171,Displacement due to conflict,Lebanon,LBN,El Nabatieh,LB4,Bent Jbeil,LB41,3085,2023-12-26T00:00:00,2023,12,17,Conflict,,,Not available,Not available,BA
26727,Displacement due to conflict,Lebanon,LBN,Mount Lebanon,LB3,Baabda,LB32,120,2023-12-26T00:00:00,2023,12,17,Conflict,,,Mount Lebanon,LB3,BA
281,Displacement due to conflict,Lebanon,LBN,Mount Lebanon,LB3,Kesrwane,LB35,566,2023-12-26T00:00:00,2023,12,17,Conflict,,,El Nabatieh,LB4,BA
13547,Displacement due to conflict,Lebanon,LBN,South,LB6,Saida,LB61,11673,2023-12-26T00:00:00,2023,12,17,Conflict,,,El Nabatieh,LB4,BA
12254,Displacement due to conflict,Lebanon,LBN,South,LB6,Sour,LB63,8427,2024-01-02T00:00:00,2024,1,18,Conflict,,,South,LB6,BA
460,Displacement due to conflict,Lebanon,LBN,Mount Lebanon,LB3,Aley,LB31,3964,2024-01-02T00:00:00,2024,1,18,Conflict,,,El Nabatieh,LB4,BA
1922,Displacement due to conflict,Lebanon,LBN,Mount Lebanon,LB3,Baabda,LB32,120,2024-01-02T00:00:00,2024,1,18,Conflict,,,Mount Lebanon,LB3,BA
22362,Displacement due to conflict,Lebanon,LBN,North,LB5,El Batroun,LB52,4,2024-01-02T00:00:00,2024,1,18,Conflict,,,South,LB6,BA
39918,Displacement due to conflict,Lebanon,LBN,Bekaa,LB2,Zahle,LB25,105,2024-01-02T00:00:00,2024,1,18,Conflict,,,El Nabatieh,LB4,BA
38473,Displacement due to conflict,Lebanon,LBN,Mount Lebanon,LB3,Jbeil,LB34,577,2024-01-02T00:00:00,2024,1,18,Conflict,,,El Nabatieh,LB4,BA
61035,Displacement due to conflict,Lebanon,LBN,South,LB6,Sour,LB63,15890,2024-01-02T00:00:00,2024,1,18,Conflict,,,El Nabatieh,LB4,BA
57369,Displacement due to conflict,Lebanon,LBN,Mount Lebanon,LB3,El Meten,LB36,2,2024-01-02T00:00:00,2024,1,18,Conflict,,,South,LB6,BA
65271,Displacement due to conflict,Lebanon,LBN,Beirut,LB1,Beirut,LB11,5070,2024-01-02T00:00:00,2024,1,18,Conflict,,,El Nabatieh,LB4,BA
74918,Displacement due to conflict,Lebanon,LBN,Akkar,LB7,Akkar,LB51,9,2024-01-02T00:00:00,2024,1,18,Conflict,,,South,LB6,BA
75782,Displacement due to conflict,Lebanon,LBN,South,LB6,Saida,LB61,305,2024-01-02T00:00:00,2024,1,18,Conflict,,,South,LB6,BA
83458,Displacement due to conflict,Lebanon,LBN,Mount Lebanon,LB3,Chouf,LB33,290,2024-01-02T00:00:00,2024,1,18,Conflict,,,South,LB6,BA
84373,Displacement due to conflict,Lebanon,LBN,El Nabatieh,LB4,Bent Jbeil,LB41,3346,2024-01-02T00:00:00,2024,1,18,Conflict,,,Not available,Not available,BA
82296,Displacement due to conflict,Lebanon,LBN,El Nabatieh,LB4,El Nabatieh,LB44,13791,2024-01-02T00:00:00,2024,1,18,Conflict,,,Not available,Not available,BA
82793,Displacement due to conflict,Lebanon,LBN,Mount Lebanon,LB3,Jbeil,LB34,120,2024-01-02T00:00:00,2024,1,18,Conflict,,,Mount Lebanon,LB3,BA
81721,Displacement due to conflict,Lebanon,LBN,South,LB6,Jezzine,LB62,87,2024-01-02T00:00:00,2024,1,18,Conflict,,,El Nabatieh,LB4,BA
80950,Displacement due to conflict,Lebanon,LBN,Bekaa,LB2,West Bekaa,LB24,143,2024-01-02T00:00:00,2024,1,18,Conflict,,,El Nabatieh,LB4,BA
80738,Displacement due to conflict,Lebanon,LBN,Mount Lebanon,LB3,Kesrwane,LB35,301,2024-01-02T00:00:00,2024,1,18,Conflict,,,El Nabatieh,LB4,BA
85262,Displacement due to conflict,Lebanon,LBN,Mount Lebanon,LB3,El Meten,LB36,930,2024-01-02T00:00:00,2024,1,18,Conflict,,,El Nabatieh,LB4,BA
94140,Displacement due to conflict,Lebanon,LBN,Mount Lebanon,LB3,Baabda,LB32,5375,2024-01-02T00:00:00,2024,1,18,Conflict,,,El Nabatieh,LB4,BA
94388,Displacement due to conflict,Lebanon,LBN,Baalbek-El Hermel,LB8,Baalbek,LB21,699,2024-01-02T00:00:00,2024,1,18,Conflict,,,El Nabatieh,LB4,BA
95754,Displacement due to conflict,Lebanon,LBN,Mount Lebanon,LB3,Aley,LB31,70,2024-01-02T00:00:00,2024,1,18,Conflict,,,South,LB6,BA
101303,Displacement due to conflict,Lebanon,LBN,El Nabatieh,LB4,Hasbaya,LB42,1167,2024-01-02T00:00:00,2024,1,18,Conflict,,,Not available,Not available,BA
101930,Displacement due to conflict,Lebanon,LBN,Mount Lebanon,LB3,Chouf,LB33,1734,2024-01-02T00:00:00,2024,1,18,Conflict,,,El Nabatieh,LB4,BA
99084,Displacement due to conflict,Lebanon,LBN,North,LB5,El Koura,LB54,2,2024-01-02T00:00:00,2024,1,18,Conflict,,,El Nabatieh,LB4,BA
105536,Displacement due to conflict,Lebanon,LBN,Baalbek-El Hermel,LB8,El Hermel,LB22,145,2024-01-02T00:00:00,2024,1,18,Conflict,,,El Nabatieh,LB4,BA
102875,Displacement due to conflict,Lebanon,LBN,Baalbek-El Hermel,LB8,Baalbek,LB21,20,2024-01-02T00:00:00,2024,1,18,Conflict,,,South,LB6,BA
110281,Displacement due to conflict,Lebanon,LBN,Mount Lebanon,LB3,Aley,LB31,95,2024-01-02T00:00:00,2024,1,18,Conflict,,,Mount Lebanon,LB3,BA
111636,Displacement due to conflict,Lebanon,LBN,South,LB6,Saida,LB61,11261,2024-01-02T00:00:00,2024,1,18,Conflict,,,El Nabatieh,LB4,BA
121946,Displacement due to conflict,Lebanon,LBN,Baalbek-El Hermel,LB8,El Hermel,LB22,70,2024-01-02T00:00:00,2024,1,18,Conflict,,,Mount Lebanon,LB3,BA
122993,Displacement due to conflict,Lebanon,LBN,El Nabatieh,LB4,Marjaayoun,LB43,1366,2024-01-02T00:00:00,2024,1,18,Conflict,,,Not available,Not available,BA
113791,Displacement due to conflict,Lebanon,LBN,Bekaa,LB2,Rachaya,LB23,35,2024-01-02T00:00:00,2024,1,18,Conflict,,,South,LB6,BA
133520,Displacement due to conflict,Lebanon,LBN,Akkar,LB7,Akkar,LB51,166,2024-01-02T00:00:00,2024,1,18,Conflict,,,El Nabatieh,LB4,BA
140371,Displacement due to conflict,Lebanon,LBN,Bekaa,LB2,Rachaya,LB23,332,2024-01-02T00:00:00,2024,1,18,Conflict,,,El Nabatieh,LB4,BA
133898,Displacement due to conflict,Lebanon,LBN,Mount Lebanon,LB3,Aley,LB31,4319,2024-01-09T00:00:00,2024,1,19,Conflict,,,El Nabatieh,LB4,BA
128707,Displacement due to conflict,Lebanon,LBN,Bekaa,LB2,Rachaya,LB23,35,2024-01-09T00:00:00,2024,1,19,Conflict,,,South,LB6,BA
117680,Displacement due to conflict,Lebanon,LBN,El Nabatieh,LB4,Marjaayoun,LB43,1410,2024-01-09T00:00:00,2024,1,19,Conflict,,,Not available,Not available,BA
125672,Displacement due to conflict,Lebanon,LBN,Baalbek-El Hermel,LB8,El Hermel,LB22,80,2024-01-09T00:00:00,2024,1,19,Conflict,,,El Nabatieh,LB4,BA
122409,Displacement due to conflict,Lebanon,LBN,North,LB5,El Koura,LB54,2,2024-01-09T00:00:00,2024,1,19,Conflict,,,El Nabatieh,LB4,BA
108062,Displacement due to conflict,Lebanon,LBN,Baalbek-El Hermel,LB8,Baalbek,LB21,20,2024-01-09T00:00:00,2024,1,19,Conflict,,,South,LB6,BA
99609,Displacement due to conflict,Lebanon,LBN,North,LB5,Zgharta,LB57,30,2024-01-09T00:00:00,2024,1,19,Conflict,,,El Nabatieh,LB4,BA
97187,Displacement due to conflict,Lebanon,LBN,Mount Lebanon,LB3,Jbeil,LB34,150,2024-01-09T00:00:00,2024,1,19,Conflict,,,Mount Lebanon,LB3,BA
97866,Displacement due to conflict,Lebanon,LBN,Mount Lebanon,LB3,Chouf,LB33,1728,2024-01-09T00:00:00,2024,1,19,Conflict,,,El Nabatieh,LB4,BA
98805,Displacement due to conflict,Lebanon,LBN,Mount Lebanon,LB3,Aley,LB31,95,2024-01-09T00:00:00,2024,1,19,Conflict,,,Mount Lebanon,LB3,BA
85516,Displacement due to conflict,Lebanon,LBN,South,LB6,Saida,LB61,11978,2024-01-09T00:00:00,2024,1,19,Conflict,,,El Nabatieh,LB4,BA
88930,Displacement due to conflict,Lebanon,LBN,Mount Lebanon,LB3,El Meten,LB36,987,2024-01-09T00:00:00,2024,1,19,Conflict,,,El Nabatieh,LB4,BA
79781,Displacement due to conflict,Lebanon,LBN,Mount Lebanon,LB3,Chouf,LB33,304,2024-01-09T00:00:00,2024,1,19,Conflict,,,South,LB6,BA
82183,Displacement due to conflict,Lebanon,LBN,Akkar,LB7,Akkar,LB51,9,2024-01-09T00:00:00,2024,1,19,Conflict,,,South,LB6,BA
73642,Displacement due to conflict,Lebanon,LBN,Akkar,LB7,Akkar,LB51,154,2024-01-09T00:00:00,2024,1,19,Conflict,,,El Nabatieh,LB4,BA
71537,Displacement due to conflict,Lebanon,LBN,Mount Lebanon,LB3,El Meten,LB36,2,2024-01-09T00:00:00,2024,1,19,Conflict,,,South,LB6,BA
66232,Displacement due to conflict,Lebanon,LBN,El Nabatieh,LB4,Hasbaya,LB42,921,2024-01-09T00:00:00,2024,1,19,Conflict,,,Not available,Not available,BA
69423,Displacement due to conflict,Lebanon,LBN,Mount Lebanon,LB3,Baabda,LB32,100,2024-01-09T00:00:00,2024,1,19,Conflict,,,Mount Lebanon,LB3,BA
31501,Displacement due to conflict,Lebanon,LBN,Mount Lebanon,LB3,Baabda,LB32,7068,2024-01-09T00:00:00,2024,1,19,Conflict,,,El Nabatieh,LB4,BA
31729,Displacement due to conflict,Lebanon,LBN,Baalbek-El Hermel,LB8,El Hermel,LB22,170,2024-01-09T00:00:00,2024,1,19,Conflict,,,Mount Lebanon,LB3,BA
49215,Displacement due to conflict,Lebanon,LBN,Bekaa,LB2,Zahle,LB25,226,2024-01-09T00:00:00,2024,1,19,Conflict,,,El Nabatieh,LB4,BA
55851,Displacement due to conflict,Lebanon,LBN,El Nabatieh,LB4,El Nabatieh,LB44,14236,2024-01-09T00:00:00,2024,1,19,Conflict,,,Not available,Not available,BA
55337,Displacement due to conflict,Lebanon,LBN,North,LB5,El Batroun,LB52,6,2024-01-09T00:00:00,2024,1,19,Conflict,,,South,LB6,BA
53050,Displacement due to conflict,Lebanon,LBN,Bekaa,LB2,West Bekaa,LB24,288,2024-01-09T00:00:00,2024,1,19,Conflict,,,El Nabatieh,LB4,BA
18536,Displacement due to conflict,Lebanon,LBN,South,LB6,Sour,LB63,8684,2024-01-09T00:00:00,2024,1,19,Conflict,,,South,LB6,BA
19766,Displacement due to conflict,Lebanon,LBN,Bekaa,LB2,West Bekaa,LB24,3,2024-01-09T00:00:00,2024,1,19,Conflict,,,South,LB6,BA
19055,Displacement due to conflict,Lebanon,LBN,Bekaa,LB2,Rachaya,LB23,350,2024-01-09T00:00:00,2024,1,19,Conflict,,,El Nabatieh,LB4,BA
19116,Displacement due to conflict,Lebanon,LBN,South,LB6,Jezzine,LB62,542,2024-01-09T00:00:00,2024,1,19,Conflict,,,El Nabatieh,LB4,BA
14727,Displacement due to conflict,Lebanon,LBN,South,LB6,Saida,LB61,355,2024-01-09T00:00:00,2024,1,19,Conflict,,,South,LB6,BA
18079,Displacement due to conflict,Lebanon,LBN,Beirut,LB1,Beirut,LB11,5700,2024-01-09T00:00:00,2024,1,19,Conflict,,,El Nabatieh,LB4,BA
4677,Displacement due to conflict,Lebanon,LBN,El Nabatieh,LB4,Bent Jbeil,LB41,3499,2024-01-09T00:00:00,2024,1,19,Conflict,,,Not available,Not available,BA
6617,Displacement due to conflict,Lebanon,LBN,Baalbek-El Hermel,LB8,Baalbek,LB21,20,2024-01-09T00:00:00,2024,1,19,Conflict,,,Mount Lebanon,LB3,BA
7525,Displacement due to conflict,Lebanon,LBN,Mount Lebanon,LB3,Aley,LB31,60,2024-01-09T00:00:00,2024,1,19,Conflict,,,South,LB6,BA
11736,Displacement due to conflict,Lebanon,LBN,Baalbek-El Hermel,LB8,Baalbek,LB21,527,2024-01-09T00:00:00,2024,1,19,Conflict,,,El Nabatieh,LB4,BA
13281,Displacement due to conflict,Lebanon,LBN,Mount Lebanon,LB3,Kesrwane,LB35,290,2024-01-09T00:00:00,2024,1,19,Conflict,,,El Nabatieh,LB4,BA
10676,Displacement due to conflict,Lebanon,LBN,South,LB6,Sour,LB63,16969,2024-01-09T00:00:00,2024,1,19,Conflict,,,El Nabatieh,LB4,BA
8986,Displacement due to conflict,Lebanon,LBN,Mount Lebanon,LB3,Jbeil,LB34,695,2024-01-09T00:00:00,2024,1,19,Conflict,,,El Nabatieh,LB4,BA
9658,Displacement due to conflict,Lebanon,LBN,El Nabatieh,LB4,Hasbaya,LB42,1212,2024-01-16T00:00:00,2024,1,20,Conflict,,,Not available,Not available,BA
14040,Displacement due to conflict,Lebanon,LBN,Mount Lebanon,LB3,Baabda,LB32,6649,2024-01-16T00:00:00,2024,1,20,Conflict,,,El Nabatieh,LB4,BA
12547,Displacement due to conflict,Lebanon,LBN,South,LB6,Sour,LB63,17049,2024-01-16T00:00:00,2024,1,20,Conflict,,,El Nabatieh,LB4,BA
7591,Displacement due to conflict,Lebanon,LBN,Bekaa,LB2,Zahle,LB25,231,2024-01-16T00:00:00,2024,1,20,Conflict,,,El Nabatieh,LB4,BA
5186,Displacement due to conflict,Lebanon,LBN,North,LB5,El Koura,LB54,6,2024-01-16T00:00:00,2024,1,20,Conflict,,,El Nabatieh,LB4,BA
14462,Displacement due to conflict,Lebanon,LBN,Mount Lebanon,LB3,Jbeil,LB34,692,2024-01-16T00:00:00,2024,1,20,Conflict,,,El Nabatieh,LB4,BA
24798,Displacement due to conflict,Lebanon,LBN,Mount Lebanon,LB3,Chouf,LB33,430,2024-01-16T00:00:00,2024,1,20,Conflict,,,South,LB6,BA
26373,Displacement due to conflict,Lebanon,LBN,North,LB5,El Batroun,LB52,5,2024-01-16T00:00:00,2024,1,20,Conflict,,,El Nabatieh,LB4,BA
55820,Displacement due to conflict,Lebanon,LBN,North,LB5,Tripoli,LB56,10,2024-01-16T00:00:00,2024,1,20,Conflict,,,El Nabatieh,LB4,BA
44187,Displacement due to conflict,Lebanon,LBN,Akkar,LB7,Akkar,LB51,10,2024-01-16T00:00:00,2024,1,20,Conflict,,,Baalbek-El Hermel,LB8,BA
31543,Displacement due to conflict,Lebanon,LBN,Akkar,LB7,Akkar,LB51,14,2024-01-16T00:00:00,2024,1,20,Conflict,,,South,LB6,BA
32196,Displacement due to conflict,Lebanon,LBN,Bekaa,LB2,Rachaya,LB23,325,2024-01-16T00:00:00,2024,1,20,Conflict,,,El Nabatieh,LB4,BA
30930,Displacement due to conflict,Lebanon,LBN,Mount Lebanon,LB3,Aley,LB31,95,2024-01-16T00:00:00,2024,1,20,Conflict,,,Mount Lebanon,LB3,BA
35214,Displacement due to conflict,Lebanon,LBN,Mount Lebanon,LB3,Aley,LB31,4314,2024-01-16T00:00:00,2024,1,20,Conflict,,,El Nabatieh,LB4,BA
37501,Displacement due to conflict,Lebanon,LBN,Akkar,LB7,Akkar,LB51,153,2024-01-16T00:00:00,2024,1,20,Conflict,,,El Nabatieh,LB4,BA
37094,Displacement due to conflict,Lebanon,LBN,El Nabatieh,LB4,El Nabatieh,LB44,14328,2024-01-16T00:00:00,2024,1,20,Conflict,,,Not available,Not available,BA
41280,Displacement due to conflict,Lebanon,LBN,Beirut,LB1,Beirut,LB11,5800,2024-01-16T00:00:00,2024,1,20,Conflict,,,El Nabatieh,LB4,BA
68088,Displacement due to conflict,Lebanon,LBN,South,LB6,Saida,LB61,320,2024-01-16T00:00:00,2024,1,20,Conflict,,,South,LB6,BA
66739,Displacement due to conflict,Lebanon,LBN,Mount Lebanon,LB3,Jbeil,LB34,150,2024-01-16T00:00:00,2024,1,20,Conflict,,,Mount Lebanon,LB3,BA
64448,Displacement due to conflict,Lebanon,LBN,Baalbek-El Hermel,LB8,Baalbek,LB21,20,2024-01-16T00:00:00,2024,1,20,Conflict,,,South,LB6,BA
58359,Displacement due to conflict,Lebanon,LBN,South,LB6,Jezzine,LB62,535,2024-01-16T00:00:00,2024,1,20,Conflict,,,El Nabatieh,LB4,BA
59018,Displacement due to conflict,Lebanon,LBN,North,LB5,Zgharta,LB57,30,2024-01-16T00:00:00,2024,1,20,Conflict,,,El Nabatieh,LB4,BA
75842,Displacement due to conflict,Lebanon,LBN,Mount Lebanon,LB3,El Meten,LB36,2,2024-01-16T00:00:00,2024,1,20,Conflict,,,South,LB6,BA
77217,Displacement due to conflict,Lebanon,LBN,North,LB5,El Batroun,LB52,6,2024-01-16T00:00:00,2024,1,20,Conflict,,,South,LB6,BA
91824,Displacement due to conflict,Lebanon,LBN,El Nabatieh,LB4,Bent Jbeil,LB41,3597,2024-01-16T00:00:00,2024,1,20,Conflict,,,Not available,Not available,BA
90986,Displacement due to conflict,Lebanon,LBN,Baalbek-El Hermel,LB8,Baalbek,LB21,20,2024-01-16T00:00:00,2024,1,20,Conflict,,,Mount Lebanon,LB3,BA
85405,Displacement due to conflict,Lebanon,LBN,Mount Lebanon,LB3,El Meten,LB36,1026,2024-01-16T00:00:00,2024,1,20,Conflict,,,El Nabatieh,LB4,BA
86268,Displacement due to conflict,Lebanon,LBN,South,LB6,Sour,LB63,9266,2024-01-16T00:00:00,2024,1,20,Conflict,,,South,LB6,BA
96280,Displacement due to conflict,Lebanon,LBN,Bekaa,LB2,Rachaya,LB23,35,2024-01-16T00:00:00,2024,1,20,Conflict,,,South,LB6,BA
95041,Displacement due to conflict,Lebanon,LBN,Mount Lebanon,LB3,Aley,LB31,60,2024-01-16T00:00:00,2024,1,20,Conflict,,,South,LB6,BA
108031,Displacement due to conflict,Lebanon,LBN,Mount Lebanon,LB3,Baabda,LB32,125,2024-01-16T00:00:00,2024,1,20,Conflict,,,Mount Lebanon,LB3,BA
109340,Displacement due to conflict,Lebanon,LBN,Mount Lebanon,LB3,Chouf,LB33,1678,2024-01-16T00:00:00,2024,1,20,Conflict,,,El Nabatieh,LB4,BA
106839,Displacement due to conflict,Lebanon,LBN,Bekaa,LB2,West Bekaa,LB24,298,2024-01-16T00:00:00,2024,1,20,Conflict,,,El Nabatieh,LB4,BA
110207,Displacement due to conflict,Lebanon,LBN,Mount Lebanon,LB3,Kesrwane,LB35,275,2024-01-16T00:00:00,2024,1,20,Conflict,,,El Nabatieh,LB4,BA
110168,Displacement due to conflict,Lebanon,LBN,Baalbek-El Hermel,LB8,El Hermel,LB22,95,2024-01-16T00:00:00,2024,1,20,Conflict,,,El Nabatieh,LB4,BA
126164,Displacement due to conflict,Lebanon,LBN,South,LB6,Saida,LB61,12138,2024-01-16T00:00:00,2024,1,20,Conflict,,,El Nabatieh,LB4,BA
123922,Displacement due to conflict,Lebanon,LBN,Baalbek-El Hermel,LB8,El Hermel,LB22,155,2024-01-16T00:00:00,2024,1,20,Conflict,,,Mount Lebanon,LB3,BA
117654,Displacement due to conflict,Lebanon,LBN,Baalbek-El Hermel,LB8,Baalbek,LB21,458,2024-01-16T00:00:00,2024,1,20,Conflict,,,El Nabatieh,LB4,BA
116026,Displacement due to conflict,Lebanon,LBN,Bekaa,LB2,West Bekaa,LB24,5,2024-01-16T00:00:00,2024,1,20,Conflict,,,South,LB6,BA
126517,Displacement due to conflict,Lebanon,LBN,El Nabatieh,LB4,Marjaayoun,LB43,1500,2024-01-16T00:00:00,2024,1,20,Conflict,,,Not available,Not available,BA
138917,Displacement due to conflict,Lebanon,LBN,Bekaa,LB2,Rachaya,LB23,35,2024-01-23T00:00:00,2024,1,21,Conflict,,,South,LB6,BA
117810,Displacement due to conflict,Lebanon,LBN,South,LB6,Sour,LB63,17429,2024-01-23T00:00:00,2024,1,21,Conflict,,,El Nabatieh,LB4,BA
116330,Displacement due to conflict,Lebanon,LBN,South,LB6,Jezzine,LB62,532,2024-01-23T00:00:00,2024,1,21,Conflict,,,El Nabatieh,LB4,BA
118761,Displacement due to conflict,Lebanon,LBN,Akkar,LB7,Akkar,LB51,14,2024-01-23T00:00:00,2024,1,21,Conflict,,,South,LB6,BA
122369,Displacement due to conflict,Lebanon,LBN,Mount Lebanon,LB3,Chouf,LB33,1662,2024-01-23T00:00:00,2024,1,21,Conflict,,,El Nabatieh,LB4,BA
109922,Displacement due to conflict,Lebanon,LBN,Mount Lebanon,LB3,Kesrwane,LB35,223,2024-01-23T00:00:00,2024,1,21,Conflict,,,El Nabatieh,LB4,BA
103184,Displacement due to conflict,Lebanon,LBN,Baalbek-El Hermel,LB8,Baalbek,LB21,20,2024-01-23T00:00:00,2024,1,21,Conflict,,,Mount Lebanon,LB3,BA
87519,Displacement due to conflict,Lebanon,LBN,Bekaa,LB2,Rachaya,LB23,325,2024-01-23T00:00:00,2024,1,21,Conflict,,,El Nabatieh,LB4,BA
91311,Displacement due to conflict,Lebanon,LBN,Mount Lebanon,LB3,Jbeil,LB34,150,2024-01-23T00:00:00,2024,1,21,Conflict,,,Mount Lebanon,LB3,BA
89429,Displacement due to conflict,Lebanon,LBN,Baalbek-El Hermel,LB8,El Hermel,LB22,80,2024-01-23T00:00:00,2024,1,21,Conflict,,,El Nabatieh,LB4,BA
76812,Displacement due to conflict,Lebanon,LBN,El Nabatieh,LB4,Hasbaya,LB42,969,2024-01-23T00:00:00,2024,1,21,Conflict,,,Not available,Not available,BA
71502,Displacement due to conflict,Lebanon,LBN,Bekaa,LB2,West Bekaa,LB24,357,2024-01-23T00:00:00,2024,1,21,Conflict,,,El Nabatieh,LB4,BA
72523,Displacement due to conflict,Lebanon,LBN,El Nabatieh,LB4,Bent Jbeil,LB41,3703,2024-01-23T00:00:00,2024,1,21,Conflict,,,Not available,Not available,BA
60469,Displacement due to conflict,Lebanon,LBN,Bekaa,LB2,Zahle,LB25,243,2024-01-23T00:00:00,2024,1,21,Conflict,,,El Nabatieh,LB4,BA
70132,Displacement due to conflict,Lebanon,LBN,Baalbek-El Hermel,LB8,Baalbek,LB21,483,2024-01-23T00:00:00,2024,1,21,Conflict,,,El Nabatieh,LB4,BA
41871,Displacement due to conflict,Lebanon,LBN,North,LB5,El Batroun,LB52,6,2024-01-23T00:00:00,2024,1,21,Conflict,,,South,LB6,BA
36009,Displacement due to conflict,Lebanon,LBN,Mount Lebanon,LB3,El Meten,LB36,1110,2024-01-23T00:00:00,2024,1,21,Conflict,,,El Nabatieh,LB4,BA
32699,Displacement due to conflict,Lebanon,LBN,El Nabatieh,LB4,Marjaayoun,LB43,1353,2024-01-23T00:00:00,2024,1,21,Conflict,,,Not available,Not available,BA
42963,Displacement due to conflict,Lebanon,LBN,Baalbek-El Hermel,LB8,El Hermel,LB22,170,2024-01-23T00:00:00,2024,1,21,Conflict,,,Mount Lebanon,LB3,BA
44608,Displacement due to conflict,Lebanon,LBN,South,LB6,Saida,LB61,12746,2024-01-23T00:00:00,2024,1,21,Conflict,,,El Nabatieh,LB4,BA
47340,Displacement due to conflict,Lebanon,LBN,North,LB5,Tripoli,LB56,10,2024-01-23T00:00:00,2024,1,21,Conflict,,,El Nabatieh,LB4,BA
55714,Displacement due to conflict,Lebanon,LBN,South,LB6,Sour,LB63,9243,2024-01-23T00:00:00,2024,1,21,Conflict,,,South,LB6,BA
55934,Displacement due to conflict,Lebanon,LBN,Mount Lebanon,LB3,El Meten,LB36,2,2024-01-23T00:00:00,2024,1,21,Conflict,,,South,LB6,BA
55083,Displacement due to conflict,Lebanon,LBN,Mount Lebanon,LB3,Aley,LB31,95,2024-01-23T00:00:00,2024,1,21,Conflict,,,Mount Lebanon,LB3,BA
53047,Displacement due to conflict,Lebanon,LBN,Bekaa,LB2,West Bekaa,LB24,5,2024-01-23T00:00:00,2024,1,21,Conflict,,,South,LB6,BA
52867,Displacement due to conflict,Lebanon,LBN,El Nabatieh,LB4,El Nabatieh,LB44,15553,2024-01-23T00:00:00,2024,1,21,Conflict,,,Not available,Not available,BA
52004,Displacement due to conflict,Lebanon,LBN,North,LB5,El Koura,LB54,6,2024-01-23T00:00:00,2024,1,21,Conflict,,,El Nabatieh,LB4,BA
52717,Displacement due to conflict,Lebanon,LBN,Mount Lebanon,LB3,Chouf,LB33,418,2024-01-23T00:00:00,2024,1,21,Conflict,,,South,LB6,BA
52399,Displacement due to conflict,Lebanon,LBN,Akkar,LB7,Akkar,LB51,157,2024-01-23T00:00:00,2024,1,21,Conflict,,,El Nabatieh,LB4,BA
28604,Displacement due to conflict,Lebanon,LBN,North,LB5,El Batroun,LB52,5,2024-01-23T00:00:00,2024,1,21,Conflict,,,El Nabatieh,LB4,BA
18766,Displacement due to conflict,Lebanon,LBN,Beirut,LB1,Beirut,LB11,6345,2024-01-23T00:00:00,2024,1,21,Conflict,,,El Nabatieh,LB4,BA
21148,Displacement due to conflict,Lebanon,LBN,North,LB5,Zgharta,LB57,5,2024-01-23T00:00:00,2024,1,21,Conflict,,,El Nabatieh,LB4,BA
5693,Displacement due to conflict,Lebanon,LBN,Mount Lebanon,LB3,Baabda,LB32,7636,2024-01-23T00:00:00,2024,1,21,Conflict,,,El Nabatieh,LB4,BA
5896,Displacement due to conflict,Lebanon,LBN,Mount Lebanon,LB3,Jbeil,LB34,692,2024-01-23T00:00:00,2024,1,21,Conflict,,,El Nabatieh,LB4,BA
7654,Displacement due to conflict,Lebanon,LBN,Baalbek-El Hermel,LB8,Baalbek,LB21,20,2024-01-23T00:00:00,2024,1,21,Conflict,,,South,LB6,BA
7185,Displacement due to conflict,Lebanon,LBN,Akkar,LB7,Akkar,LB51,3,2024-01-23T00:00:00,2024,1,21,Conflict,,,Baalbek-El Hermel,LB8,BA
1202,Displacement due to conflict,Lebanon,LBN,Mount Lebanon,LB3,Aley,LB31,60,2024-01-23T00:00:00,2024,1,21,Conflict,,,South,LB6,BA
1058,Displacement due to conflict,Lebanon,LBN,South,LB6,Saida,LB61,340,2024-01-23T00:00:00,2024,1,21,Conflict,,,South,LB6,BA
3765,Displacement due to conflict,Lebanon,LBN,Mount Lebanon,LB3,Aley,LB31,4544,2024-01-23T00:00:00,2024,1,21,Conflict,,,El Nabatieh,LB4,BA
8497,Displacement due to conflict,Lebanon,LBN,Mount Lebanon,LB3,Baabda,LB32,125,2024-01-23T00:00:00,2024,1,21,Conflict,,,Mount Lebanon,LB3,BA
7681,Displacement due to conflict,Lebanon,LBN,Mount Lebanon,LB3,Baabda,LB32,7780,2024-01-30T00:00:00,2024,1,22,Conflict,,,El Nabatieh,LB4,BA
6652,Displacement due to conflict,Lebanon,LBN,Mount Lebanon,LB3,Jbeil,LB34,479,2024-01-30T00:00:00,2024,1,22,Conflict,,,El Nabatieh,LB4,BA
21358,Displacement due to conflict,Lebanon,LBN,North,LB5,Zgharta,LB57,5,2024-01-30T00:00:00,2024,1,22,Conflict,,,El Nabatieh,LB4,BA
20270,Displacement due to conflict,Lebanon,LBN,Mount Lebanon,LB3,El Meten,LB36,2,2024-01-30T00:00:00,2024,1,22,Conflict,,,South,LB6,BA
24987,Displacement due to conflict,Lebanon,LBN,Baalbek-El Hermel,LB8,El Hermel,LB22,155,2024-01-30T00:00:00,2024,1,22,Conflict,,,Mount Lebanon,LB3,BA
50787,Displacement due to conflict,Lebanon,LBN,Bekaa,LB2,Rachaya,LB23,35,2024-01-30T00:00:00,2024,1,22,Conflict,,,South,LB6,BA
53994,Displacement due to conflict,Lebanon,LBN,Mount Lebanon,LB3,Chouf,LB33,1458,2024-01-30T00:00:00,2024,1,22,Conflict,,,El Nabatieh,LB4,BA
55675,Displacement due to conflict,Lebanon,LBN,Mount Lebanon,LB3,Aley,LB31,4108,2024-01-30T00:00:00,2024,1,22,Conflict,,,El Nabatieh,LB4,BA
48010,Displacement due to conflict,Lebanon,LBN,Akkar,LB7,Akkar,LB51,142,2024-01-30T00:00:00,2024,1,22,Conflict,,,El Nabatieh,LB4,BA
33591,Displacement due to conflict,Lebanon,LBN,El Nabatieh,LB4,Hasbaya,LB42,982,2024-01-30T00:00:00,2024,1,22,Conflict,,,Not available,Not available,BA
33351,Displacement due to conflict,Lebanon,LBN,Mount Lebanon,LB3,Kesrwane,LB35,221,2024-01-30T00:00:00,2024,1,22,Conflict,,,El Nabatieh,LB4,BA
35564,Displacement due to conflict,Lebanon,LBN,Bekaa,LB2,Zahle,LB25,211,2024-01-30T00:00:00,2024,1,22,Conflict,,,El Nabatieh,LB4,BA
31373,Displacement due to conflict,Lebanon,LBN,Mount Lebanon,LB3,Aley,LB31,95,2024-01-30T00:00:00,2024,1,22,Conflict,,,Mount Lebanon,LB3,BA
32144,Displacement due to conflict,Lebanon,LBN,Baalbek-El Hermel,LB8,Baalbek,LB21,20,2024-01-30T00:00:00,2024,1,22,Conflict,,,South,LB6,BA
31744,Displacement due to conflict,Lebanon,LBN,Mount Lebanon,LB3,Chouf,LB33,422,2024-01-30T00:00:00,2024,1,22,Conflict,,,South,LB6,BA
36297,Displacement due to conflict,Lebanon,LBN,El Nabatieh,LB4,Bent Jbeil,LB41,3732,2024-01-30T00:00:00,2024,1,22,Conflict,,,Not available,Not available,BA
40123,Displacement due to conflict,Lebanon,LBN,South,LB6,Saida,LB61,350,2024-01-30T00:00:00,2024,1,22,Conflict,,,South,LB6,BA
40081,Displacement due to conflict,Lebanon,LBN,North,LB5,El Batroun,LB52,4,2024-01-30T00:00:00,2024,1,22,Conflict,,,South,LB6,BA
71361,Displacement due to conflict,Lebanon,LBN,El Nabatieh,LB4,Marjaayoun,LB43,1386,2024-01-30T00:00:00,2024,1,22,Conflict,,,Not available,Not available,BA
69465,Displacement due to conflict,Lebanon,LBN,Akkar,LB7,Akkar,LB51,14,2024-01-30T00:00:00,2024,1,22,Conflict,,,South,LB6,BA
63689,Displacement due to conflict,Lebanon,LBN,Mount Lebanon,LB3,El Meten,LB36,1131,2024-01-30T00:00:00,2024,1,22,Conflict,,,El Nabatieh,LB4,BA
61292,Displacement due to conflict,Lebanon,LBN,Bekaa,LB2,Rachaya,LB23,317,2024-01-30T00:00:00,2024,1,22,Conflict,,,El Nabatieh,LB4,BA
57173,Displacement due to conflict,Lebanon,LBN,Bekaa,LB2,West Bekaa,LB24,5,2024-01-30T00:00:00,2024,1,22,Conflict,,,South,LB6,BA
72894,Displacement due to conflict,Lebanon,LBN,Beirut,LB1,Beirut,LB11,6345,2024-01-30T00:00:00,2024,1,22,Conflict,,,El Nabatieh,LB4,BA
74264,Displacement due to conflict,Lebanon,LBN,South,LB6,Saida,LB61,12643,2024-01-30T00:00:00,2024,1,22,Conflict,,,El Nabatieh,LB4,BA
75813,Displacement due to conflict,Lebanon,LBN,South,LB6,Sour,LB63,9505,2024-01-30T00:00:00,2024,1,22,Conflict,,,South,LB6,BA
82198,Displacement due to conflict,Lebanon,LBN,Mount Lebanon,LB3,Aley,LB31,50,2024-01-30T00:00:00,2024,1,22,Conflict,,,South,LB6,BA
81887,Displacement due to conflict,Lebanon,LBN,Baalbek-El Hermel,LB8,Baalbek,LB21,483,2024-01-30T00:00:00,2024,1,22,Conflict,,,El Nabatieh,LB4,BA
84243,Displacement due to conflict,Lebanon,LBN,Mount Lebanon,LB3,Jbeil,LB34,4,2024-01-30T00:00:00,2024,1,22,Conflict,,,South,LB6,BA
97304,Displacement due to conflict,Lebanon,LBN,South,LB6,Jezzine,LB62,532,2024-01-30T00:00:00,2024,1,22,Conflict,,,El Nabatieh,LB4,BA
98993,Displacement due to conflict,Lebanon,LBN,South,LB6,Sour,LB63,17692,2024-01-30T00:00:00,2024,1,22,Conflict,,,El Nabatieh,LB4,BA
101859,Displacement due to conflict,Lebanon,LBN,North,LB5,El Batroun,LB52,2,2024-01-30T00:00:00,2024,1,22,Conflict,,,El Nabatieh,LB4,BA
101457,Displacement due to conflict,Lebanon,LBN,Bekaa,LB2,West Bekaa,LB24,351,2024-01-30T00:00:00,2024,1,22,Conflict,,,El Nabatieh,LB4,BA
101081,Displacement due to conflict,Lebanon,LBN,North,LB5,Tripoli,LB56,12,2024-01-30T00:00:00,2024,1,22,Conflict,,,El Nabatieh,LB4,BA
110496,Displacement due to conflict,Lebanon,LBN,Mount Lebanon,LB3,Baabda,LB32,125,2024-01-30T00:00:00,2024,1,22,Conflict,,,Mount Lebanon,LB3,BA
112555,Displacement due to conflict,Lebanon,LBN,Baalbek-El Hermel,LB8,El Hermel,LB22,73,2024-01-30T00:00:00,2024,1,22,Conflict,,,El Nabatieh,LB4,BA
106872,Displacement due to conflict,Lebanon,LBN,Akkar,LB7,Akkar,LB51,3,2024-01-30T00:00:00,2024,1,22,Conflict,,,Baalbek-El Hermel,LB8,BA
126794,Displacement due to conflict,Lebanon,LBN,North,LB5,El Koura,LB54,6,2024-01-30T00:00:00,2024,1,22,Conflict,,,El Nabatieh,LB4,BA
127123,Displacement due to conflict,Lebanon,LBN,El Nabatieh,LB4,El Nabatieh,LB44,15765,2024-01-30T00:00:00,2024,1,22,Conflict,,,Not available,Not available,BA
129368,Displacement due to conflict,Lebanon,LBN,Baalbek-El Hermel,LB8,Baalbek,LB21,20,2024-01-30T00:00:00,2024,1,22,Conflict,,,Mount Lebanon,LB3,BA
126807,Displacement due to conflict,Lebanon,LBN,Akkar,LB7,Akkar,LB51,157,2024-02-06T00:00:00,2024,2,23,Conflict,,,El Nabatieh,LB4,BA
140648,Displacement due to conflict,Lebanon,LBN,Mount Lebanon,LB3,Baabda,LB32,7931,2024-02-06T00:00:00,2024,2,23,Conflict,,,El Nabatieh,LB4,BA
130658,Displacement due to conflict,Lebanon,LBN,North,LB5,Tripoli,LB56,12,2024-02-06T00:00:00,2024,2,23,Conflict,,,El Nabatieh,LB4,BA
113703,Displacement due to conflict,Lebanon,LBN,Mount Lebanon,LB3,Aley,LB31,4097,2024-02-06T00:00:00,2024,2,23,Conflict,,,El Nabatieh,LB4,BA
114001,Displacement due to conflict,Lebanon,LBN,South,LB6,Jezzine,LB62,482,2024-02-06T00:00:00,2024,2,23,Conflict,,,El Nabatieh,LB4,BA
106738,Displacement due to conflict,Lebanon,LBN,Mount Lebanon,LB3,Jbeil,LB34,4,2024-02-06T00:00:00,2024,2,23,Conflict,,,South,LB6,BA
106763,Displacement due to conflict,Lebanon,LBN,Mount Lebanon,LB3,Baabda,LB32,175,2024-02-06T00:00:00,2024,2,23,Conflict,,,Mount Lebanon,LB3,BA
112626,Displacement due to conflict,Lebanon,LBN,El Nabatieh,LB4,Bent Jbeil,LB41,3811,2024-02-06T00:00:00,2024,2,23,Conflict,,,Not available,Not available,BA
110251,Displacement due to conflict,Lebanon,LBN,Bekaa,LB2,West Bekaa,LB24,376,2024-02-06T00:00:00,2024,2,23,Conflict,,,El Nabatieh,LB4,BA
99190,Displacement due to conflict,Lebanon,LBN,Bekaa,LB2,West Bekaa,LB24,8,2024-02-06T00:00:00,2024,2,23,Conflict,,,South,LB6,BA
102943,Displacement due to conflict,Lebanon,LBN,South,LB6,Saida,LB61,414,2024-02-06T00:00:00,2024,2,23,Conflict,,,South,LB6,BA
98739,Displacement due to conflict,Lebanon,LBN,Mount Lebanon,LB3,Baabda,LB32,4,2024-02-06T00:00:00,2024,2,23,Conflict,,,South,LB6,BA
92416,Displacement due to conflict,Lebanon,LBN,Mount Lebanon,LB3,Aley,LB31,50,2024-02-06T00:00:00,2024,2,23,Conflict,,,South,LB6,BA
78360,Displacement due to conflict,Lebanon,LBN,El Nabatieh,LB4,El Nabatieh,LB44,15964,2024-02-06T00:00:00,2024,2,23,Conflict,,,Not available,Not available,BA
76184,Displacement due to conflict,Lebanon,LBN,Bekaa,LB2,Rachaya,LB23,35,2024-02-06T00:00:00,2024,2,23,Conflict,,,South,LB6,BA
58933,Displacement due to conflict,Lebanon,LBN,South,LB6,Sour,LB63,9066,2024-02-06T00:00:00,2024,2,23,Conflict,,,South,LB6,BA
62074,Displacement due to conflict,Lebanon,LBN,Akkar,LB7,Akkar,LB51,14,2024-02-06T00:00:00,2024,2,23,Conflict,,,South,LB6,BA
65571,Displacement due to conflict,Lebanon,LBN,Mount Lebanon,LB3,Aley,LB31,95,2024-02-06T00:00:00,2024,2,23,Conflict,,,Mount Lebanon,LB3,BA
65238,Displacement due to conflict,Lebanon,LBN,South,LB6,Sour,LB63,17692,2024-02-06T00:00:00,2024,2,23,Conflict,,,El Nabatieh,LB4,BA
65608,Displacement due to conflict,Lebanon,LBN,South,LB6,Saida,LB61,12711,2024-02-06T00:00:00,2024,2,23,Conflict,,,El Nabatieh,LB4,BA
70947,Displacement due to conflict,Lebanon,LBN,Mount Lebanon,LB3,El Meten,LB36,3,2024-02-06T00:00:00,2024,2,23,Conflict,,,South,LB6,BA
69815,Displacement due to conflict,Lebanon,LBN,Akkar,LB7,Akkar,LB51,6,2024-02-06T00:00:00,2024,2,23,Conflict,,,Baalbek-El Hermel,LB8,BA
42426,Displacement due to conflict,Lebanon,LBN,Mount Lebanon,LB3,Chouf,LB33,505,2024-02-06T00:00:00,2024,2,23,Conflict,,,South,LB6,BA
41248,Displacement due to conflict,Lebanon,LBN,El Nabatieh,LB4,Marjaayoun,LB43,1407,2024-02-06T00:00:00,2024,2,23,Conflict,,,Not available,Not available,BA
36868,Displacement due to conflict,Lebanon,LBN,North,LB5,Zgharta,LB57,5,2024-02-06T00:00:00,2024,2,23,Conflict,,,El Nabatieh,LB4,BA
32080,Displacement due to conflict,Lebanon,LBN,Mount Lebanon,LB3,Kesrwane,LB35,221,2024-02-06T00:00:00,2024,2,23,Conflict,,,El Nabatieh,LB4,BA
33972,Displacement due to conflict,Lebanon,LBN,El Nabatieh,LB4,Hasbaya,LB42,985,2024-02-06T00:00:00,2024,2,23,Conflict,,,Not available,Not available,BA
56117,Displacement due to conflict,Lebanon,LBN,Bekaa,LB2,Zahle,LB25,210,2024-02-06T00:00:00,2024,2,23,Conflict,,,El Nabatieh,LB4,BA
52877,Displacement due to conflict,Lebanon,LBN,Baalbek-El Hermel,LB8,Baalbek,LB21,20,2024-02-06T00:00:00,2024,2,23,Conflict,,,Mount Lebanon,LB3,BA
53403,Displacement due to conflict,Lebanon,LBN,Bekaa,LB2,Rachaya,LB23,340,2024-02-06T00:00:00,2024,2,23,Conflict,,,El Nabatieh,LB4,BA
23954,Displacement due to conflict,Lebanon,LBN,Mount Lebanon,LB3,Chouf,LB33,1733,2024-02-06T00:00:00,2024,2,23,Conflict,,,El Nabatieh,LB4,BA
23243,Displacement due to conflict,Lebanon,LBN,Mount Lebanon,LB3,Jbeil,LB34,499,2024-02-06T00:00:00,2024,2,23,Conflict,,,El Nabatieh,LB4,BA
28699,Displacement due to conflict,Lebanon,LBN,Mount Lebanon,LB3,El Meten,LB36,1075,2024-02-06T00:00:00,2024,2,23,Conflict,,,El Nabatieh,LB4,BA
20213,Displacement due to conflict,Lebanon,LBN,Beirut,LB1,Beirut,LB11,6445,2024-02-06T00:00:00,2024,2,23,Conflict,,,El Nabatieh,LB4,BA
19822,Displacement due to conflict,Lebanon,LBN,Baalbek-El Hermel,LB8,El Hermel,LB22,145,2024-02-06T00:00:00,2024,2,23,Conflict,,,El Nabatieh,LB4,BA
6146,Displacement due to conflict,Lebanon,LBN,North,LB5,El Koura,LB54,6,2024-02-06T00:00:00,2024,2,23,Conflict,,,El Nabatieh,LB4,BA
4251,Displacement due to conflict,Lebanon,LBN,Baalbek-El Hermel,LB8,Baalbek,LB21,403,2024-02-06T00:00:00,2024,2,23,Conflict,,,El Nabatieh,LB4,BA
13562,Displacement due to conflict,Lebanon,LBN,Baalbek-El Hermel,LB8,Baalbek,LB21,20,2024-02-06T00:00:00,2024,2,23,Conflict,,,South,LB6,BA
12265,Displacement due to conflict,Lebanon,LBN,Baalbek-El Hermel,LB8,El Hermel,LB22,35,2024-02-06T00:00:00,2024,2,23,Conflict,,,Mount Lebanon,LB3,BA
13173,Displacement due to conflict,Lebanon,LBN,Baalbek-El Hermel,LB8,El Hermel,LB22,30,2024-02-13T00:00:00,2024,2,24,Conflict,,,El Nabatieh,LB4,BA
14123,Displacement due to conflict,Lebanon,LBN,South,LB6,Sour,LB63,8842,2024-02-13T00:00:00,2024,2,24,Conflict,,,South,LB6,BA
7103,Displacement due to conflict,Lebanon,LBN,Mount Lebanon,LB3,Baabda,LB32,4,2024-02-13T00:00:00,2024,2,24,Conflict,,,South,LB6,BA
2346,Displacement due to conflict,Lebanon,LBN,Baalbek-El Hermel,LB8,El Hermel,LB22,150,2024-02-13T00:00:00,2024,2,24,Conflict,,,Mount Lebanon,LB3,BA
19046,Displacement due to conflict,Lebanon,LBN,Mount Lebanon,LB3,El Meten,LB36,5,2024-02-13T00:00:00,2024,2,24,Conflict,,,South,LB6,BA
20798,Displacement due to conflict,Lebanon,LBN,El Nabatieh,LB4,Hasbaya,LB42,972,2024-02-13T00:00:00,2024,2,24,Conflict,,,Not available,Not available,BA
14337,Displacement due to conflict,Lebanon,LBN,Mount Lebanon,LB3,El Meten,LB36,1130,2024-02-13T00:00:00,2024,2,24,Conflict,,,El Nabatieh,LB4,BA
22255,Displacement due to conflict,Lebanon,LBN,Baalbek-El Hermel,LB8,Baalbek,LB21,20,2024-02-13T00:00:00,2024,2,24,Conflict,,,South,LB6,BA
24295,Displacement due to conflict,Lebanon,LBN,El Nabatieh,LB4,Bent Jbeil,LB41,3887,2024-02-13T00:00:00,2024,2,24,Conflict,,,Not available,Not available,BA
53514,Displacement due to conflict,Lebanon,LBN,Mount Lebanon,LB3,Aley,LB31,4057,2024-02-13T00:00:00,2024,2,24,Conflict,,,El Nabatieh,LB4,BA
50934,Displacement due to conflict,Lebanon,LBN,Mount Lebanon,LB3,Chouf,LB33,1745,2024-02-13T00:00:00,2024,2,24,Conflict,,,El Nabatieh,LB4,BA
49858,Displacement due to conflict,Lebanon,LBN,El Nabatieh,LB4,Marjaayoun,LB43,1459,2024-02-13T00:00:00,2024,2,24,Conflict,,,Not available,Not available,BA
31275,Displacement due to conflict,Lebanon,LBN,Bekaa,LB2,West Bekaa,LB24,376,2024-02-13T00:00:00,2024,2,24,Conflict,,,El Nabatieh,LB4,BA
29285,Displacement due to conflict,Lebanon,LBN,Akkar,LB7,Akkar,LB51,6,2024-02-13T00:00:00,2024,2,24,Conflict,,,Baalbek-El Hermel,LB8,BA
37954,Displacement due to conflict,Lebanon,LBN,South,LB6,Saida,LB61,424,2024-02-13T00:00:00,2024,2,24,Conflict,,,South,LB6,BA
38547,Displacement due to conflict,Lebanon,LBN,Bekaa,LB2,Rachaya,LB23,35,2024-02-13T00:00:00,2024,2,24,Conflict,,,South,LB6,BA
41819,Displacement due to conflict,Lebanon,LBN,Akkar,LB7,Akkar,LB51,176,2024-02-13T00:00:00,2024,2,24,Conflict,,,El Nabatieh,LB4,BA
40422,Displacement due to conflict,Lebanon,LBN,Mount Lebanon,LB3,Kesrwane,LB35,221,2024-02-13T00:00:00,2024,2,24,Conflict,,,El Nabatieh,LB4,BA
70551,Displacement due to conflict,Lebanon,LBN,Bekaa,LB2,Zahle,LB25,210,2024-02-13T00:00:00,2024,2,24,Conflict,,,El Nabatieh,LB4,BA
69425,Displacement due to conflict,Lebanon,LBN,Mount Lebanon,LB3,Jbeil,LB34,509,2024-02-13T00:00:00,2024,2,24,Conflict,,,El Nabatieh,LB4,BA
65762,Displacement due to conflict,Lebanon,LBN,El Nabatieh,LB4,El Nabatieh,LB44,16132,2024-02-13T00:00:00,2024,2,24,Conflict,,,Not available,Not available,BA
61964,Displacement due to conflict,Lebanon,LBN,Bekaa,LB2,West Bekaa,LB24,8,2024-02-13T00:00:00,2024,2,24,Conflict,,,South,LB6,BA
62826,Displacement due to conflict,Lebanon,LBN,South,LB6,Jezzine,LB62,442,2024-02-13T00:00:00,2024,2,24,Conflict,,,El Nabatieh,LB4,BA
56409,Displacement due to conflict,Lebanon,LBN,North,LB5,Zgharta,LB57,5,2024-02-13T00:00:00,2024,2,24,Conflict,,,El Nabatieh,LB4,BA
72133,Displacement due to conflict,Lebanon,LBN,Mount Lebanon,LB3,Aley,LB31,50,2024-02-13T00:00:00,2024,2,24,Conflict,,,South,LB6,BA
94734,Displacement due to conflict,Lebanon,LBN,South,LB6,Sour,LB63,18033,2024-02-13T00:00:00,2024,2,24,Conflict,,,El Nabatieh,LB4,BA
97784,Displacement due to conflict,Lebanon,LBN,Mount Lebanon,LB3,Jbeil,LB34,10,2024-02-13T00:00:00,2024,2,24,Conflict,,,South,LB6,BA
89279,Displacement due to conflict,Lebanon,LBN,Bekaa,LB2,Rachaya,LB23,340,2024-02-13T00:00:00,2024,2,24,Conflict,,,El Nabatieh,LB4,BA
90869,Displacement due to conflict,Lebanon,LBN,Mount Lebanon,LB3,Baabda,LB32,8388,2024-02-13T00:00:00,2024,2,24,Conflict,,,El Nabatieh,LB4,BA
100548,Displacement due to conflict,Lebanon,LBN,North,LB5,El Batroun,LB52,22,2024-02-13T00:00:00,2024,2,24,Conflict,,,El Nabatieh,LB4,BA
112052,Displacement due to conflict,Lebanon,LBN,Baalbek-El Hermel,LB8,Baalbek,LB21,398,2024-02-13T00:00:00,2024,2,24,Conflict,,,El Nabatieh,LB4,BA
115178,Displacement due to conflict,Lebanon,LBN,Mount Lebanon,LB3,Chouf,LB33,482,2024-02-13T00:00:00,2024,2,24,Conflict,,,South,LB6,BA
116837,Displacement due to conflict,Lebanon,LBN,Beirut,LB1,Beirut,LB11,6685,2024-02-13T00:00:00,2024,2,24,Conflict,,,El Nabatieh,LB4,BA
119577,Displacement due to conflict,Lebanon,LBN,South,LB6,Saida,LB61,12879,2024-02-13T00:00:00,2024,2,24,Conflict,,,El Nabatieh,LB4,BA
125267,Displacement due to conflict,Lebanon,LBN,Baalbek-El Hermel,LB8,Baalbek,LB21,20,2024-02-13T00:00:00,2024,2,24,Conflict,,,Mount Lebanon,LB3,BA
132213,Displacement due to conflict,Lebanon,LBN,Mount Lebanon,LB3,Aley,LB31,95,2024-02-13T00:00:00,2024,2,24,Conflict,,,Mount Lebanon,LB3,BA
133594,Displacement due to conflict,Lebanon,LBN,North,LB5,Tripoli,LB56,7,2024-02-13T00:00:00,2024,2,24,Conflict,,,El Nabatieh,LB4,BA
127846,Displacement due to conflict,Lebanon,LBN,Akkar,LB7,Akkar,LB51,14,2024-02-13T00:00:00,2024,2,24,Conflict,,,South,LB6,BA
130302,Displacement due to conflict,Lebanon,LBN,North,LB5,El Koura,LB54,8,2024-02-13T00:00:00,2024,2,24,Conflict,,,El Nabatieh,LB4,BA
121459,Displacement due to conflict,Lebanon,LBN,Mount Lebanon,LB3,Chouf,LB33,317,2024-02-20T00:00:00,2024,2,25,Conflict,,,South,LB6,BA
118022,Displacement due to conflict,Lebanon,LBN,South,LB6,Saida,LB61,354,2024-02-20T00:00:00,2024,2,25,Conflict,,,South,LB6,BA
110470,Displacement due to conflict,Lebanon,LBN,North,LB5,Tripoli,LB56,7,2024-02-20T00:00:00,2024,2,25,Conflict,,,El Nabatieh,LB4,BA
100031,Displacement due to conflict,Lebanon,LBN,Beirut,LB1,Beirut,LB11,7065,2024-02-20T00:00:00,2024,2,25,Conflict,,,El Nabatieh,LB4,BA
99400,Displacement due to conflict,Lebanon,LBN,Baalbek-El Hermel,LB8,Baalbek,LB21,1377,2024-02-20T00:00:00,2024,2,25,Conflict,,,El Nabatieh,LB4,BA
99568,Displacement due to conflict,Lebanon,LBN,Bekaa,LB2,Rachaya,LB23,42,2024-02-20T00:00:00,2024,2,25,Conflict,,,South,LB6,BA
96630,Displacement due to conflict,Lebanon,LBN,North,LB5,El Batroun,LB52,45,2024-02-20T00:00:00,2024,2,25,Conflict,,,South,LB6,BA
76702,Displacement due to conflict,Lebanon,LBN,Mount Lebanon,LB3,Baabda,LB32,8454,2024-02-20T00:00:00,2024,2,25,Conflict,,,El Nabatieh,LB4,BA
77154,Displacement due to conflict,Lebanon,LBN,El Nabatieh,LB4,El Nabatieh,LB44,16134,2024-02-20T00:00:00,2024,2,25,Conflict,,,Not available,Not available,BA
77757,Displacement due to conflict,Lebanon,LBN,El Nabatieh,LB4,Hasbaya,LB42,951,2024-02-20T00:00:00,2024,2,25,Conflict,,,Not available,Not available,BA
77886,Displacement due to conflict,Lebanon,LBN,El Nabatieh,LB4,Marjaayoun,LB43,1575,2024-02-20T00:00:00,2024,2,25,Conflict,,,Not available,Not available,BA
83954,Displacement due to conflict,Lebanon,LBN,South,LB6,Sour,LB63,8706,2024-02-20T00:00:00,2024,2,25,Conflict,,,South,LB6,BA
81325,Displacement due to conflict,Lebanon,LBN,Mount Lebanon,LB3,Baabda,LB32,4,2024-02-20T00:00:00,2024,2,25,Conflict,,,South,LB6,BA
61111,Displacement due to conflict,Lebanon,LBN,Baalbek-El Hermel,LB8,El Hermel,LB22,140,2024-02-20T00:00:00,2024,2,25,Conflict,,,Mount Lebanon,LB3,BA
63833,Displacement due to conflict,Lebanon,LBN,South,LB6,Jezzine,LB62,482,2024-02-20T00:00:00,2024,2,25,Conflict,,,El Nabatieh,LB4,BA
69676,Displacement due to conflict,Lebanon,LBN,Mount Lebanon,LB3,Aley,LB31,4231,2024-02-20T00:00:00,2024,2,25,Conflict,,,El Nabatieh,LB4,BA
41800,Displacement due to conflict,Lebanon,LBN,Mount Lebanon,LB3,Kesrwane,LB35,2,2024-02-20T00:00:00,2024,2,25,Conflict,,,South,LB6,BA
41595,Displacement due to conflict,Lebanon,LBN,Mount Lebanon,LB3,Chouf,LB33,1717,2024-02-20T00:00:00,2024,2,25,Conflict,,,El Nabatieh,LB4,BA
41904,Displacement due to conflict,Lebanon,LBN,Baalbek-El Hermel,LB8,Baalbek,LB21,20,2024-02-20T00:00:00,2024,2,25,Conflict,,,South,LB6,BA
38690,Displacement due to conflict,Lebanon,LBN,Bekaa,LB2,Zahle,LB25,233,2024-02-20T00:00:00,2024,2,25,Conflict,,,El Nabatieh,LB4,BA
30027,Displacement due to conflict,Lebanon,LBN,Mount Lebanon,LB3,Jbeil,LB34,518,2024-02-20T00:00:00,2024,2,25,Conflict,,,El Nabatieh,LB4,BA
52702,Displacement due to conflict,Lebanon,LBN,Bekaa,LB2,West Bekaa,LB24,8,2024-02-20T00:00:00,2024,2,25,Conflict,,,South,LB6,BA
51327,Displacement due to conflict,Lebanon,LBN,Mount Lebanon,LB3,Kesrwane,LB35,226,2024-02-20T00:00:00,2024,2,25,Conflict,,,El Nabatieh,LB4,BA
51949,Displacement due to conflict,Lebanon,LBN,Akkar,LB7,Akkar,LB51,148,2024-02-20T00:00:00,2024,2,25,Conflict,,,El Nabatieh,LB4,BA
53248,Displacement due to conflict,Lebanon,LBN,North,LB5,El Batroun,LB52,2,2024-02-20T00:00:00,2024,2,25,Conflict,,,El Nabatieh,LB4,BA
52988,Displacement due to conflict,Lebanon,LBN,Bekaa,LB2,West Bekaa,LB24,361,2024-02-20T00:00:00,2024,2,25,Conflict,,,El Nabatieh,LB4,BA
43064,Displacement due to conflict,Lebanon,LBN,El Nabatieh,LB4,Bent Jbeil,LB41,4064,2024-02-20T00:00:00,2024,2,25,Conflict,,,Not available,Not available,BA
23660,Displacement due to conflict,Lebanon,LBN,Mount Lebanon,LB3,El Meten,LB36,1165,2024-02-20T00:00:00,2024,2,25,Conflict,,,El Nabatieh,LB4,BA
28662,Displacement due to conflict,Lebanon,LBN,Mount Lebanon,LB3,Aley,LB31,95,2024-02-20T00:00:00,2024,2,25,Conflict,,,Mount Lebanon,LB3,BA
27557,Displacement due to conflict,Lebanon,LBN,Mount Lebanon,LB3,El Meten,LB36,5,2024-02-20T00:00:00,2024,2,25,Conflict,,,South,LB6,BA
14449,Displacement due to conflict,Lebanon,LBN,Mount Lebanon,LB3,Aley,LB31,68,2024-02-20T00:00:00,2024,2,25,Conflict,,,South,LB6,BA
19337,Displacement due to conflict,Lebanon,LBN,South,LB6,Saida,LB61,12670,2024-02-20T00:00:00,2024,2,25,Conflict,,,El Nabatieh,LB4,BA
2321,Displacement due to conflict,Lebanon,LBN,Akkar,LB7,Akkar,LB51,6,2024-02-20T00:00:00,2024,2,25,Conflict,,,Baalbek-El Hermel,LB8,BA
2827,Displacement due to conflict,Lebanon,LBN,North,LB5,El Koura,LB54,6,2024-02-20T00:00:00,2024,2,25,Conflict,,,El Nabatieh,LB4,BA
4836,Displacement due to conflict,Lebanon,LBN,Baalbek-El Hermel,LB8,Baalbek,LB21,8,2024-02-20T00:00:00,2024,2,25,Conflict,,,Mount Lebanon,LB3,BA
12049,Displacement due to conflict,Lebanon,LBN,Akkar,LB7,Akkar,LB51,31,2024-02-20T00:00:00,2024,2,25,Conflict,,,South,LB6,BA
9004,Displacement due to conflict,Lebanon,LBN,Baalbek-El Hermel,LB8,El Hermel,LB22,50,2024-02-20T00:00:00,2024,2,25,Conflict,,,El Nabatieh,LB4,BA
9739,Displacement due to conflict,Lebanon,LBN,South,LB6,Sour,LB63,18273,2024-02-20T00:00:00,2024,2,25,Conflict,,,El Nabatieh,LB4,BA
10078,Displacement due to conflict,Lebanon,LBN,Bekaa,LB2,Rachaya,LB23,257,2024-02-20T00:00:00,2024,2,25,Conflict,,,El Nabatieh,LB4,BA
10766,Displacement due to conflict,Lebanon,LBN,Baalbek-El Hermel,LB8,El Hermel,LB22,85,2024-02-27T00:00:00,2024,2,26,Conflict,,,El Nabatieh,LB4,BA
1437,Displacement due to conflict,Lebanon,LBN,Mount Lebanon,LB3,Kesrwane,LB35,14,2024-02-27T00:00:00,2024,2,26,Conflict,,,South,LB6,BA
21370,Displacement due to conflict,Lebanon,LBN,North,LB5,El Minieh-Dennie,LB55,8,2024-02-27T00:00:00,2024,2,26,Conflict,,,El Nabatieh,LB4,BA
18083,Displacement due to conflict,Lebanon,LBN,Mount Lebanon,LB3,Aley,LB31,68,2024-02-27T00:00:00,2024,2,26,Conflict,,,South,LB6,BA
17084,Displacement due to conflict,Lebanon,LBN,Mount Lebanon,LB3,Baabda,LB32,8889,2024-02-27T00:00:00,2024,2,26,Conflict,,,El Nabatieh,LB4,BA
27454,Displacement due to conflict,Lebanon,LBN,El Nabatieh,LB4,Bent Jbeil,LB41,4432,2024-02-27T00:00:00,2024,2,26,Conflict,,,Not available,Not available,BA
28586,Displacement due to conflict,Lebanon,LBN,Bekaa,LB2,Zahle,LB25,233,2024-02-27T00:00:00,2024,2,26,Conflict,,,El Nabatieh,LB4,BA
25196,Displacement due to conflict,Lebanon,LBN,El Nabatieh,LB4,Hasbaya,LB42,1022,2024-02-27T00:00:00,2024,2,26,Conflict,,,Not available,Not available,BA
44819,Displacement due to conflict,Lebanon,LBN,South,LB6,Saida,LB61,359,2024-02-27T00:00:00,2024,2,26,Conflict,,,South,LB6,BA
46202,Displacement due to conflict,Lebanon,LBN,North,LB5,Tripoli,LB56,7,2024-02-27T00:00:00,2024,2,26,Conflict,,,El Nabatieh,LB4,BA
47992,Displacement due to conflict,Lebanon,LBN,Mount Lebanon,LB3,Chouf,LB33,317,2024-02-27T00:00:00,2024,2,26,Conflict,,,South,LB6,BA
52843,Displacement due to conflict,Lebanon,LBN,Akkar,LB7,Akkar,LB51,148,2024-02-27T00:00:00,2024,2,26,Conflict,,,El Nabatieh,LB4,BA
51105,Displacement due to conflict,Lebanon,LBN,Mount Lebanon,LB3,Baabda,LB32,4,2024-02-27T00:00:00,2024,2,26,Conflict,,,South,LB6,BA
32783,Displacement due to conflict,Lebanon,LBN,Bekaa,LB2,West Bekaa,LB24,385,2024-02-27T00:00:00,2024,2,26,Conflict,,,El Nabatieh,LB4,BA
41088,Displacement due to conflict,Lebanon,LBN,South,LB6,Jezzine,LB62,484,2024-02-27T00:00:00,2024,2,26,Conflict,,,El Nabatieh,LB4,BA
40139,Displacement due to conflict,Lebanon,LBN,Akkar,LB7,Akkar,LB51,25,2024-02-27T00:00:00,2024,2,26,Conflict,,,South,LB6,BA
69523,Displacement due to conflict,Lebanon,LBN,South,LB6,Saida,LB61,13203,2024-02-27T00:00:00,2024,2,26,Conflict,,,El Nabatieh,LB4,BA
63842,Displacement due to conflict,Lebanon,LBN,Mount Lebanon,LB3,Chouf,LB33,1622,2024-02-27T00:00:00,2024,2,26,Conflict,,,El Nabatieh,LB4,BA
82567,Displacement due to conflict,Lebanon,LBN,El Nabatieh,LB4,El Nabatieh,LB44,16027,2024-02-27T00:00:00,2024,2,26,Conflict,,,Not available,Not available,BA
83714,Displacement due to conflict,Lebanon,LBN,Baalbek-El Hermel,LB8,Baalbek,LB21,8,2024-02-27T00:00:00,2024,2,26,Conflict,,,Mount Lebanon,LB3,BA
77997,Displacement due to conflict,Lebanon,LBN,North,LB5,El Batroun,LB52,2,2024-02-27T00:00:00,2024,2,26,Conflict,,,El Nabatieh,LB4,BA
79974,Displacement due to conflict,Lebanon,LBN,South,LB6,Jezzine,LB62,20,2024-02-27T00:00:00,2024,2,26,Conflict,,,South,LB6,BA
80982,Displacement due to conflict,Lebanon,LBN,Baalbek-El Hermel,LB8,Baalbek,LB21,20,2024-02-27T00:00:00,2024,2,26,Conflict,,,South,LB6,BA
77427,Displacement due to conflict,Lebanon,LBN,South,LB6,Sour,LB63,8662,2024-02-27T00:00:00,2024,2,26,Conflict,,,South,LB6,BA
75453,Displacement due to conflict,Lebanon,LBN,Mount Lebanon,LB3,Kesrwane,LB35,225,2024-02-27T00:00:00,2024,2,26,Conflict,,,El Nabatieh,LB4,BA
72902,Displacement due to conflict,Lebanon,LBN,South,LB6,Sour,LB63,18403,2024-02-27T00:00:00,2024,2,26,Conflict,,,El Nabatieh,LB4,BA
95719,Displacement due to conflict,Lebanon,LBN,Bekaa,LB2,Rachaya,LB23,42,2024-02-27T00:00:00,2024,2,26,Conflict,,,South,LB6,BA
95171,Displacement due to conflict,Lebanon,LBN,Mount Lebanon,LB3,Jbeil,LB34,518,2024-02-27T00:00:00,2024,2,26,Conflict,,,El Nabatieh,LB4,BA
93998,Displacement due to conflict,Lebanon,LBN,Bekaa,LB2,West Bekaa,LB24,8,2024-02-27T00:00:00,2024,2,26,Conflict,,,South,LB6,BA
93485,Displacement due to conflict,Lebanon,LBN,Mount Lebanon,LB3,El Meten,LB36,5,2024-02-27T00:00:00,2024,2,26,Conflict,,,South,LB6,BA
99736,Displacement due to conflict,Lebanon,LBN,El Nabatieh,LB4,Marjaayoun,LB43,1611,2024-02-27T00:00:00,2024,2,26,Conflict,,,Not available,Not available,BA
101330,Displacement due to conflict,Lebanon,LBN,Baalbek-El Hermel,LB8,Baalbek,LB21,1368,2024-02-27T00:00:00,2024,2,26,Conflict,,,El Nabatieh,LB4,BA
102236,Displacement due to conflict,Lebanon,LBN,Akkar,LB7,Akkar,LB51,6,2024-02-27T00:00:00,2024,2,26,Conflict,,,Baalbek-El Hermel,LB8,BA
111448,Displacement due to conflict,Lebanon,LBN,Mount Lebanon,LB3,El Meten,LB36,1167,2024-02-27T00:00:00,2024,2,26,Conflict,,,El Nabatieh,LB4,BA
108699,Displacement due to conflict,Lebanon,LBN,Mount Lebanon,LB3,Aley,LB31,95,2024-02-27T00:00:00,2024,2,26,Conflict,,,Mount Lebanon,LB3,BA
116023,Displacement due to conflict,Lebanon,LBN,Baalbek-El Hermel,LB8,El Hermel,LB22,105,2024-02-27T00:00:00,2024,2,26,Conflict,,,Mount Lebanon,LB3,BA
115570,Displacement due to conflict,Lebanon,LBN,Bekaa,LB2,Rachaya,LB23,257,2024-02-27T00:00:00,2024,2,26,Conflict,,,El Nabatieh,LB4,BA
120056,Displacement due to conflict,Lebanon,LBN,North,LB5,El Koura,LB54,6,2024-02-27T00:00:00,2024,2,26,Conflict,,,El Nabatieh,LB4,BA
123846,Displacement due to conflict,Lebanon,LBN,Mount Lebanon,LB3,Aley,LB31,4268,2024-02-27T00:00:00,2024,2,26,Conflict,,,El Nabatieh,LB4,BA
130053,Displacement due to conflict,Lebanon,LBN,Beirut,LB1,Beirut,LB11,7115,2024-02-27T00:00:00,2024,2,26,Conflict,,,El Nabatieh,LB4,BA
133407,Displacement due to conflict,Lebanon,LBN,North,LB5,El Batroun,LB52,45,2024-02-27T00:00:00,2024,2,26,Conflict,,,South,LB6,BA
128776,Displacement due to conflict,Lebanon,LBN,Mount Lebanon,LB3,El Meten,LB36,5,2024-03-05T00:00:00,2024,3,27,Conflict,,,South,LB6,BA
121029,Displacement due to conflict,Lebanon,LBN,Bekaa,LB2,Rachaya,LB23,37,2024-03-05T00:00:00,2024,3,27,Conflict,,,South,LB6,BA
122416,Displacement due to conflict,Lebanon,LBN,Mount Lebanon,LB3,Kesrwane,LB35,15,2024-03-05T00:00:00,2024,3,27,Conflict,,,South,LB6,BA
113886,Displacement due to conflict,Lebanon,LBN,Mount Lebanon,LB3,Baabda,LB32,4,2024-03-05T00:00:00,2024,3,27,Conflict,,,South,LB6,BA
118556,Displacement due to conflict,Lebanon,LBN,South,LB6,Saida,LB61,396,2024-03-05T00:00:00,2024,3,27,Conflict,,,South,LB6,BA
119104,Displacement due to conflict,Lebanon,LBN,South,LB6,Saida,LB61,12511,2024-03-05T00:00:00,2024,3,27,Conflict,,,El Nabatieh,LB4,BA
116654,Displacement due to conflict,Lebanon,LBN,Mount Lebanon,LB3,Chouf,LB33,1670,2024-03-05T00:00:00,2024,3,27,Conflict,,,El Nabatieh,LB4,BA
108375,Displacement due to conflict,Lebanon,LBN,North,LB5,El Batroun,LB52,46,2024-03-05T00:00:00,2024,3,27,Conflict,,,South,LB6,BA
106641,Displacement due to conflict,Lebanon,LBN,Mount Lebanon,LB3,Jbeil,LB34,431,2024-03-05T00:00:00,2024,3,27,Conflict,,,El Nabatieh,LB4,BA
112236,Displacement due to conflict,Lebanon,LBN,Baalbek-El Hermel,LB8,Baalbek,LB21,8,2024-03-05T00:00:00,2024,3,27,Conflict,,,Mount Lebanon,LB3,BA
110205,Displacement due to conflict,Lebanon,LBN,Baalbek-El Hermel,LB8,El Hermel,LB22,140,2024-03-05T00:00:00,2024,3,27,Conflict,,,Mount Lebanon,LB3,BA
110569,Displacement due to conflict,Lebanon,LBN,Mount Lebanon,LB3,Aley,LB31,4445,2024-03-05T00:00:00,2024,3,27,Conflict,,,El Nabatieh,LB4,BA
110758,Displacement due to conflict,Lebanon,LBN,Mount Lebanon,LB3,Chouf,LB33,298,2024-03-05T00:00:00,2024,3,27,Conflict,,,South,LB6,BA
99525,Displacement due to conflict,Lebanon,LBN,Bekaa,LB2,West Bekaa,LB24,8,2024-03-05T00:00:00,2024,3,27,Conflict,,,South,LB6,BA
100453,Displacement due to conflict,Lebanon,LBN,North,LB5,Tripoli,LB56,7,2024-03-05T00:00:00,2024,3,27,Conflict,,,El Nabatieh,LB4,BA
92139,Displacement due to conflict,Lebanon,LBN,Akkar,LB7,Akkar,LB51,28,2024-03-05T00:00:00,2024,3,27,Conflict,,,South,LB6,BA
93753,Displacement due to conflict,Lebanon,LBN,North,LB5,El Koura,LB54,6,2024-03-05T00:00:00,2024,3,27,Conflict,,,El Nabatieh,LB4,BA
91558,Displacement due to conflict,Lebanon,LBN,South,LB6,Sour,LB63,18042,2024-03-05T00:00:00,2024,3,27,Conflict,,,El Nabatieh,LB4,BA
87212,Displacement due to conflict,Lebanon,LBN,El Nabatieh,LB4,Bent Jbeil,LB41,4613,2024-03-05T00:00:00,2024,3,27,Conflict,,,Not available,Not available,BA
86660,Displacement due to conflict,Lebanon,LBN,Beirut,LB1,Beirut,LB11,2,2024-03-05T00:00:00,2024,3,27,Conflict,,,South,LB6,BA
71805,Displacement due to conflict,Lebanon,LBN,Mount Lebanon,LB3,Aley,LB31,95,2024-03-05T00:00:00,2024,3,27,Conflict,,,Mount Lebanon,LB3,BA
77570,Displacement due to conflict,Lebanon,LBN,Mount Lebanon,LB3,Kesrwane,LB35,210,2024-03-05T00:00:00,2024,3,27,Conflict,,,El Nabatieh,LB4,BA
78071,Displacement due to conflict,Lebanon,LBN,Bekaa,LB2,Zahle,LB25,219,2024-03-05T00:00:00,2024,3,27,Conflict,,,El Nabatieh,LB4,BA
78076,Displacement due to conflict,Lebanon,LBN,Baalbek-El Hermel,LB8,Baalbek,LB21,1363,2024-03-05T00:00:00,2024,3,27,Conflict,,,El Nabatieh,LB4,BA
82481,Displacement due to conflict,Lebanon,LBN,North,LB5,El Minieh-Dennie,LB55,6,2024-03-05T00:00:00,2024,3,27,Conflict,,,El Nabatieh,LB4,BA
68358,Displacement due to conflict,Lebanon,LBN,Baalbek-El Hermel,LB8,El Hermel,LB22,50,2024-03-05T00:00:00,2024,3,27,Conflict,,,El Nabatieh,LB4,BA
70686,Displacement due to conflict,Lebanon,LBN,El Nabatieh,LB4,El Nabatieh,LB44,16249,2024-03-05T00:00:00,2024,3,27,Conflict,,,Not available,Not available,BA
37640,Displacement due to conflict,Lebanon,LBN,North,LB5,El Batroun,LB52,2,2024-03-05T00:00:00,2024,3,27,Conflict,,,El Nabatieh,LB4,BA
33386,Displacement due to conflict,Lebanon,LBN,South,LB6,Jezzine,LB62,74,2024-03-05T00:00:00,2024,3,27,Conflict,,,El Nabatieh,LB4,BA
34301,Displacement due to conflict,Lebanon,LBN,Bekaa,LB2,Rachaya,LB23,257,2024-03-05T00:00:00,2024,3,27,Conflict,,,El Nabatieh,LB4,BA
29960,Displacement due to conflict,Lebanon,LBN,Akkar,LB7,Akkar,LB51,6,2024-03-05T00:00:00,2024,3,27,Conflict,,,Baalbek-El Hermel,LB8,BA
50266,Displacement due to conflict,Lebanon,LBN,Beirut,LB1,Beirut,LB11,7322,2024-03-05T00:00:00,2024,3,27,Conflict,,,El Nabatieh,LB4,BA
53538,Displacement due to conflict,Lebanon,LBN,Mount Lebanon,LB3,Jbeil,LB34,30,2024-03-05T00:00:00,2024,3,27,Conflict,,,South,LB6,BA
47679,Displacement due to conflict,Lebanon,LBN,South,LB6,Jezzine,LB62,85,2024-03-05T00:00:00,2024,3,27,Conflict,,,South,LB6,BA
47913,Displacement due to conflict,Lebanon,LBN,El Nabatieh,LB4,Hasbaya,LB42,1019,2024-03-05T00:00:00,2024,3,27,Conflict,,,Not available,Not available,BA
46197,Displacement due to conflict,Lebanon,LBN,Mount Lebanon,LB3,Aley,LB31,68,2024-03-05T00:00:00,2024,3,27,Conflict,,,South,LB6,BA
20026,Displacement due to conflict,Lebanon,LBN,Mount Lebanon,LB3,Baabda,LB32,8915,2024-03-05T00:00:00,2024,3,27,Conflict,,,El Nabatieh,LB4,BA
3695,Displacement due to conflict,Lebanon,LBN,South,LB6,Sour,LB63,8538,2024-03-05T00:00:00,2024,3,27,Conflict,,,South,LB6,BA
6517,Displacement due to conflict,Lebanon,LBN,El Nabatieh,LB4,Marjaayoun,LB43,1550,2024-03-05T00:00:00,2024,3,27,Conflict,,,Not available,Not available,BA
12566,Displacement due to conflict,Lebanon,LBN,Mount Lebanon,LB3,El Meten,LB36,1539,2024-03-05T00:00:00,2024,3,27,Conflict,,,El Nabatieh,LB4,BA
9745,Displacement due to conflict,Lebanon,LBN,Akkar,LB7,Akkar,LB51,150,2024-03-05T00:00:00,2024,3,27,Conflict,,,El Nabatieh,LB4,BA
7959,Displacement due to conflict,Lebanon,LBN,Bekaa,LB2,West Bekaa,LB24,400,2024-03-05T00:00:00,2024,3,27,Conflict,,,El Nabatieh,LB4,BA
13297,Displacement due to conflict,Lebanon,LBN,South,LB6,Jezzine,LB62,84,2024-03-12T00:00:00,2024,3,28,Conflict,,,El Nabatieh,LB4,BA
5990,Displacement due to conflict,Lebanon,LBN,North,LB5,El Minieh-Dennie,LB55,11,2024-03-12T00:00:00,2024,3,28,Conflict,,,El Nabatieh,LB4,BA
4447,Displacement due to conflict,Lebanon,LBN,Bekaa,LB2,Zahle,LB25,219,2024-03-12T00:00:00,2024,3,28,Conflict,,,El Nabatieh,LB4,BA
1739,Displacement due to conflict,Lebanon,LBN,Mount Lebanon,LB3,Baabda,LB32,4,2024-03-12T00:00:00,2024,3,28,Conflict,,,South,LB6,BA
19991,Displacement due to conflict,Lebanon,LBN,Akkar,LB7,Akkar,LB51,139,2024-03-12T00:00:00,2024,3,28,Conflict,,,El Nabatieh,LB4,BA
19755,Displacement due to conflict,Lebanon,LBN,Mount Lebanon,LB3,Aley,LB31,4182,2024-03-12T00:00:00,2024,3,28,Conflict,,,El Nabatieh,LB4,BA
25258,Displacement due to conflict,Lebanon,LBN,North,LB5,Tripoli,LB56,6,2024-03-12T00:00:00,2024,3,28,Conflict,,,El Nabatieh,LB4,BA
44211,Displacement due to conflict,Lebanon,LBN,South,LB6,Sour,LB63,9088,2024-03-12T00:00:00,2024,3,28,Conflict,,,South,LB6,BA
43302,Displacement due to conflict,Lebanon,LBN,El Nabatieh,LB4,Marjaayoun,LB43,1546,2024-03-12T00:00:00,2024,3,28,Conflict,,,Not available,Not available,BA
48063,Displacement due to conflict,Lebanon,LBN,Akkar,LB7,Akkar,LB51,6,2024-03-12T00:00:00,2024,3,28,Conflict,,,Baalbek-El Hermel,LB8,BA
46785,Displacement due to conflict,Lebanon,LBN,North,LB5,El Batroun,LB52,46,2024-03-12T00:00:00,2024,3,28,Conflict,,,South,LB6,BA
31596,Displacement due to conflict,Lebanon,LBN,South,LB6,Saida,LB61,11670,2024-03-12T00:00:00,2024,3,28,Conflict,,,El Nabatieh,LB4,BA
36375,Displacement due to conflict,Lebanon,LBN,Baalbek-El Hermel,LB8,El Hermel,LB22,55,2024-03-12T00:00:00,2024,3,28,Conflict,,,El Nabatieh,LB4,BA
36047,Displacement due to conflict,Lebanon,LBN,Bekaa,LB2,West Bekaa,LB24,400,2024-03-12T00:00:00,2024,3,28,Conflict,,,El Nabatieh,LB4,BA
40085,Displacement due to conflict,Lebanon,LBN,North,LB5,El Koura,LB54,6,2024-03-12T00:00:00,2024,3,28,Conflict,,,El Nabatieh,LB4,BA
42532,Displacement due to conflict,Lebanon,LBN,Mount Lebanon,LB3,El Meten,LB36,5,2024-03-12T00:00:00,2024,3,28,Conflict,,,South,LB6,BA
63535,Displacement due to conflict,Lebanon,LBN,Mount Lebanon,LB3,Jbeil,LB34,30,2024-03-12T00:00:00,2024,3,28,Conflict,,,South,LB6,BA
58489,Displacement due to conflict,Lebanon,LBN,South,LB6,Sour,LB63,17599,2024-03-12T00:00:00,2024,3,28,Conflict,,,El Nabatieh,LB4,BA
79911,Displacement due to conflict,Lebanon,LBN,Beirut,LB1,Beirut,LB11,7384,2024-03-12T00:00:00,2024,3,28,Conflict,,,El Nabatieh,LB4,BA
76300,Displacement due to conflict,Lebanon,LBN,Baalbek-El Hermel,LB8,Baalbek,LB21,88,2024-03-12T00:00:00,2024,3,28,Conflict,,,Mount Lebanon,LB3,BA
73687,Displacement due to conflict,Lebanon,LBN,South,LB6,Saida,LB61,396,2024-03-12T00:00:00,2024,3,28,Conflict,,,South,LB6,BA
86854,Displacement due to conflict,Lebanon,LBN,Mount Lebanon,LB3,El Meten,LB36,2304,2024-03-12T00:00:00,2024,3,28,Conflict,,,El Nabatieh,LB4,BA
86988,Displacement due to conflict,Lebanon,LBN,South,LB6,Jezzine,LB62,85,2024-03-12T00:00:00,2024,3,28,Conflict,,,South,LB6,BA
84853,Displacement due to conflict,Lebanon,LBN,Bekaa,LB2,Rachaya,LB23,295,2024-03-12T00:00:00,2024,3,28,Conflict,,,El Nabatieh,LB4,BA
85040,Displacement due to conflict,Lebanon,LBN,Mount Lebanon,LB3,Jbeil,LB34,432,2024-03-12T00:00:00,2024,3,28,Conflict,,,El Nabatieh,LB4,BA
94179,Displacement due to conflict,Lebanon,LBN,Mount Lebanon,LB3,Aley,LB31,68,2024-03-12T00:00:00,2024,3,28,Conflict,,,South,LB6,BA
92515,Displacement due to conflict,Lebanon,LBN,El Nabatieh,LB4,El Nabatieh,LB44,16389,2024-03-12T00:00:00,2024,3,28,Conflict,,,Not available,Not available,BA
99199,Displacement due to conflict,Lebanon,LBN,Baalbek-El Hermel,LB8,Baalbek,LB21,1273,2024-03-12T00:00:00,2024,3,28,Conflict,,,El Nabatieh,LB4,BA
103772,Displacement due to conflict,Lebanon,LBN,El Nabatieh,LB4,Hasbaya,LB42,1013,2024-03-12T00:00:00,2024,3,28,Conflict,,,Not available,Not available,BA
105435,Displacement due to conflict,Lebanon,LBN,Mount Lebanon,LB3,Aley,LB31,95,2024-03-12T00:00:00,2024,3,28,Conflict,,,Mount Lebanon,LB3,BA
105259,Displacement due to conflict,Lebanon,LBN,Beirut,LB1,Beirut,LB11,2,2024-03-12T00:00:00,2024,3,28,Conflict,,,South,LB6,BA
107173,Displacement due to conflict,Lebanon,LBN,Akkar,LB7,Akkar,LB51,28,2024-03-12T00:00:00,2024,3,28,Conflict,,,South,LB6,BA
117413,Displacement due to conflict,Lebanon,LBN,Mount Lebanon,LB3,Chouf,LB33,297,2024-03-12T00:00:00,2024,3,28,Conflict,,,South,LB6,BA
119526,Displacement due to conflict,Lebanon,LBN,Baalbek-El Hermel,LB8,El Hermel,LB22,140,2024-03-12T00:00:00,2024,3,28,Conflict,,,Mount Lebanon,LB3,BA
113903,Displacement due to conflict,Lebanon,LBN,Mount Lebanon,LB3,Chouf,LB33,1708,2024-03-12T00:00:00,2024,3,28,Conflict,,,El Nabatieh,LB4,BA
120012,Displacement due to conflict,Lebanon,LBN,Bekaa,LB2,Rachaya,LB23,41,2024-03-12T00:00:00,2024,3,28,Conflict,,,South,LB6,BA
124770,Displacement due to conflict,Lebanon,LBN,El Nabatieh,LB4,Bent Jbeil,LB41,4677,2024-03-12T00:00:00,2024,3,28,Conflict,,,Not available,Not available,BA
126288,Displacement due to conflict,Lebanon,LBN,North,LB5,El Batroun,LB52,2,2024-03-12T00:00:00,2024,3,28,Conflict,,,El Nabatieh,LB4,BA
133752,Displacement due to conflict,Lebanon,LBN,Mount Lebanon,LB3,Kesrwane,LB35,210,2024-03-12T00:00:00,2024,3,28,Conflict,,,El Nabatieh,LB4,BA
140429,Displacement due to conflict,Lebanon,LBN,Mount Lebanon,LB3,Baabda,LB32,9293,2024-03-12T00:00:00,2024,3,28,Conflict,,,El Nabatieh,LB4,BA
140750,Displacement due to conflict,Lebanon,LBN,North,LB5,El Batroun,LB52,46,2024-03-19T00:00:00,2024,3,29,Conflict,,,South,LB6,BA
132490,Displacement due to conflict,Lebanon,LBN,Akkar,LB7,Akkar,LB51,28,2024-03-19T00:00:00,2024,3,29,Conflict,,,South,LB6,BA
130010,Displacement due to conflict,Lebanon,LBN,Mount Lebanon,LB3,El Meten,LB36,5,2024-03-19T00:00:00,2024,3,29,Conflict,,,South,LB6,BA
127346,Displacement due to conflict,Lebanon,LBN,South,LB6,Sour,LB63,9578,2024-03-19T00:00:00,2024,3,29,Conflict,,,South,LB6,BA
123360,Displacement due to conflict,Lebanon,LBN,El Nabatieh,LB4,Hasbaya,LB42,988,2024-03-19T00:00:00,2024,3,29,Conflict,,,Not available,Not available,BA
113043,Displacement due to conflict,Lebanon,LBN,North,LB5,El Koura,LB54,6,2024-03-19T00:00:00,2024,3,29,Conflict,,,El Nabatieh,LB4,BA
116370,Displacement due to conflict,Lebanon,LBN,Mount Lebanon,LB3,Aley,LB31,4082,2024-03-19T00:00:00,2024,3,29,Conflict,,,El Nabatieh,LB4,BA
108097,Displacement due to conflict,Lebanon,LBN,Bekaa,LB2,West Bekaa,LB24,400,2024-03-19T00:00:00,2024,3,29,Conflict,,,El Nabatieh,LB4,BA
104917,Displacement due to conflict,Lebanon,LBN,South,LB6,Jezzine,LB62,79,2024-03-19T00:00:00,2024,3,29,Conflict,,,El Nabatieh,LB4,BA
104366,Displacement due to conflict,Lebanon,LBN,Baalbek-El Hermel,LB8,El Hermel,LB22,130,2024-03-19T00:00:00,2024,3,29,Conflict,,,Mount Lebanon,LB3,BA
99923,Displacement due to conflict,Lebanon,LBN,Beirut,LB1,Beirut,LB11,6565,2024-03-19T00:00:00,2024,3,29,Conflict,,,El Nabatieh,LB4,BA
101800,Displacement due to conflict,Lebanon,LBN,Mount Lebanon,LB3,Chouf,LB33,1753,2024-03-19T00:00:00,2024,3,29,Conflict,,,El Nabatieh,LB4,BA
101174,Displacement due to conflict,Lebanon,LBN,El Nabatieh,LB4,El Nabatieh,LB44,16705,2024-03-19T00:00:00,2024,3,29,Conflict,,,Not available,Not available,BA
94550,Displacement due to conflict,Lebanon,LBN,Mount Lebanon,LB3,Baabda,LB32,9686,2024-03-19T00:00:00,2024,3,29,Conflict,,,El Nabatieh,LB4,BA
95038,Displacement due to conflict,Lebanon,LBN,Bekaa,LB2,Rachaya,LB23,41,2024-03-19T00:00:00,2024,3,29,Conflict,,,South,LB6,BA
87987,Displacement due to conflict,Lebanon,LBN,North,LB5,Tripoli,LB56,2,2024-03-19T00:00:00,2024,3,29,Conflict,,,El Nabatieh,LB4,BA
71981,Displacement due to conflict,Lebanon,LBN,Baalbek-El Hermel,LB8,Baalbek,LB21,7,2024-03-19T00:00:00,2024,3,29,Conflict,,,Mount Lebanon,LB3,BA
79805,Displacement due to conflict,Lebanon,LBN,South,LB6,Sour,LB63,16496,2024-03-19T00:00:00,2024,3,29,Conflict,,,El Nabatieh,LB4,BA
80437,Displacement due to conflict,Lebanon,LBN,North,LB5,El Minieh-Dennie,LB55,11,2024-03-19T00:00:00,2024,3,29,Conflict,,,El Nabatieh,LB4,BA
80363,Displacement due to conflict,Lebanon,LBN,Mount Lebanon,LB3,El Meten,LB36,2356,2024-03-19T00:00:00,2024,3,29,Conflict,,,El Nabatieh,LB4,BA
84541,Displacement due to conflict,Lebanon,LBN,South,LB6,Jezzine,LB62,85,2024-03-19T00:00:00,2024,3,29,Conflict,,,South,LB6,BA
57891,Displacement due to conflict,Lebanon,LBN,El Nabatieh,LB4,Marjaayoun,LB43,1582,2024-03-19T00:00:00,2024,3,29,Conflict,,,Not available,Not available,BA
57266,Displacement due to conflict,Lebanon,LBN,North,LB5,El Batroun,LB52,9,2024-03-19T00:00:00,2024,3,29,Conflict,,,El Nabatieh,LB4,BA
62085,Displacement due to conflict,Lebanon,LBN,Bekaa,LB2,Zahle,LB25,15,2024-03-19T00:00:00,2024,3,29,Conflict,,,Baalbek-El Hermel,LB8,BA
61651,Displacement due to conflict,Lebanon,LBN,Mount Lebanon,LB3,Aley,LB31,95,2024-03-19T00:00:00,2024,3,29,Conflict,,,Mount Lebanon,LB3,BA
60980,Displacement due to conflict,Lebanon,LBN,South,LB6,Saida,LB61,396,2024-03-19T00:00:00,2024,3,29,Conflict,,,South,LB6,BA
64702,Displacement due to conflict,Lebanon,LBN,South,LB6,Saida,LB61,11398,2024-03-19T00:00:00,2024,3,29,Conflict,,,El Nabatieh,LB4,BA
67073,Displacement due to conflict,Lebanon,LBN,Mount Lebanon,LB3,Kesrwane,LB35,210,2024-03-19T00:00:00,2024,3,29,Conflict,,,El Nabatieh,LB4,BA
40076,Displacement due to conflict,Lebanon,LBN,Mount Lebanon,LB3,Chouf,LB33,297,2024-03-19T00:00:00,2024,3,29,Conflict,,,South,LB6,BA
36068,Displacement due to conflict,Lebanon,LBN,Akkar,LB7,Akkar,LB51,6,2024-03-19T00:00:00,2024,3,29,Conflict,,,Baalbek-El Hermel,LB8,BA
38843,Displacement due to conflict,Lebanon,LBN,El Nabatieh,LB4,Bent Jbeil,LB41,4800,2024-03-19T00:00:00,2024,3,29,Conflict,,,Not available,Not available,BA
31881,Displacement due to conflict,Lebanon,LBN,Baalbek-El Hermel,LB8,El Hermel,LB22,55,2024-03-19T00:00:00,2024,3,29,Conflict,,,El Nabatieh,LB4,BA
43679,Displacement due to conflict,Lebanon,LBN,Akkar,LB7,Akkar,LB51,141,2024-03-19T00:00:00,2024,3,29,Conflict,,,El Nabatieh,LB4,BA
43727,Displacement due to conflict,Lebanon,LBN,Mount Lebanon,LB3,Baabda,LB32,4,2024-03-19T00:00:00,2024,3,29,Conflict,,,South,LB6,BA
28347,Displacement due to conflict,Lebanon,LBN,Mount Lebanon,LB3,Jbeil,LB34,418,2024-03-19T00:00:00,2024,3,29,Conflict,,,El Nabatieh,LB4,BA
26440,Displacement due to conflict,Lebanon,LBN,Bekaa,LB2,Rachaya,LB23,278,2024-03-19T00:00:00,2024,3,29,Conflict,,,El Nabatieh,LB4,BA
25983,Displacement due to conflict,Lebanon,LBN,Baalbek-El Hermel,LB8,Baalbek,LB21,1332,2024-03-19T00:00:00,2024,3,29,Conflict,,,El Nabatieh,LB4,BA
21606,Displacement due to conflict,Lebanon,LBN,Mount Lebanon,LB3,Baabda,LB32,4,2024-03-19T00:00:00,2024,3,29,Conflict,,,Bekaa,LB2,BA
21643,Displacement due to conflict,Lebanon,LBN,Baalbek-El Hermel,LB8,Baalbek,LB21,60,2024-03-19T00:00:00,2024,3,29,Conflict,,,Baalbek-El Hermel,LB8,BA
20876,Displacement due to conflict,Lebanon,LBN,Mount Lebanon,LB3,Aley,LB31,78,2024-03-19T00:00:00,2024,3,29,Conflict,,,South,LB6,BA
2493,Displacement due to conflict,Lebanon,LBN,Bekaa,LB2,Zahle,LB25,234,2024-03-19T00:00:00,2024,3,29,Conflict,,,El Nabatieh,LB4,BA
4848,Displacement due to conflict,Lebanon,LBN,Mount Lebanon,LB3,Jbeil,LB34,30,2024-03-19T00:00:00,2024,3,29,Conflict,,,South,LB6,BA
873,Displacement due to conflict,Lebanon,LBN,Bekaa,LB2,Zahle,LB25,15,2024-03-26T00:00:00,2024,3,30,Conflict,,,Baalbek-El Hermel,LB8,BA
43843,Displacement due to conflict,Lebanon,LBN,Akkar,LB7,Akkar,LB51,153,2024-03-26T00:00:00,2024,3,30,Conflict,,,El Nabatieh,LB4,BA
46313,Displacement due to conflict,Lebanon,LBN,Mount Lebanon,LB3,Baabda,LB32,4,2024-03-26T00:00:00,2024,3,30,Conflict,,,South,LB6,BA
45751,Displacement due to conflict,Lebanon,LBN,South,LB6,Saida,LB61,11438,2024-03-26T00:00:00,2024,3,30,Conflict,,,El Nabatieh,LB4,BA
47963,Displacement due to conflict,Lebanon,LBN,North,LB5,El Batroun,LB52,46,2024-03-26T00:00:00,2024,3,30,Conflict,,,South,LB6,BA
48246,Displacement due to conflict,Lebanon,LBN,Bekaa,LB2,Zahle,LB25,234,2024-03-26T00:00:00,2024,3,30,Conflict,,,El Nabatieh,LB4,BA
51679,Displacement due to conflict,Lebanon,LBN,Akkar,LB7,Akkar,LB51,6,2024-03-26T00:00:00,2024,3,30,Conflict,,,Baalbek-El Hermel,LB8,BA
31934,Displacement due to conflict,Lebanon,LBN,Bekaa,LB2,Rachaya,LB23,271,2024-03-26T00:00:00,2024,3,30,Conflict,,,El Nabatieh,LB4,BA
31559,Displacement due to conflict,Lebanon,LBN,El Nabatieh,LB4,El Nabatieh,LB44,18099,2024-03-26T00:00:00,2024,3,30,Conflict,,,El Nabatieh,LB4,BA
31675,Displacement due to conflict,Lebanon,LBN,Baalbek-El Hermel,LB8,Baalbek,LB21,45,2024-03-26T00:00:00,2024,3,30,Conflict,,,Baalbek-El Hermel,LB8,BA
29602,Displacement due to conflict,Lebanon,LBN,Mount Lebanon,LB3,Chouf,LB33,297,2024-03-26T00:00:00,2024,3,30,Conflict,,,South,LB6,BA
38512,Displacement due to conflict,Lebanon,LBN,Mount Lebanon,LB3,Aley,LB31,78,2024-03-26T00:00:00,2024,3,30,Conflict,,,South,LB6,BA
40651,Displacement due to conflict,Lebanon,LBN,El Nabatieh,LB4,Hasbaya,LB42,833,2024-03-26T00:00:00,2024,3,30,Conflict,,,El Nabatieh,LB4,BA
66812,Displacement due to conflict,Lebanon,LBN,Baalbek-El Hermel,LB8,Baalbek,LB21,87,2024-03-26T00:00:00,2024,3,30,Conflict,,,Mount Lebanon,LB3,BA
66712,Displacement due to conflict,Lebanon,LBN,Bekaa,LB2,Rachaya,LB23,41,2024-03-26T00:00:00,2024,3,30,Conflict,,,South,LB6,BA
71089,Displacement due to conflict,Lebanon,LBN,Baalbek-El Hermel,LB8,Baalbek,LB21,1333,2024-03-26T00:00:00,2024,3,30,Conflict,,,El Nabatieh,LB4,BA
71224,Displacement due to conflict,Lebanon,LBN,Mount Lebanon,LB3,Chouf,LB33,1755,2024-03-26T00:00:00,2024,3,30,Conflict,,,El Nabatieh,LB4,BA
62687,Displacement due to conflict,Lebanon,LBN,Mount Lebanon,LB3,Baabda,LB32,4,2024-03-26T00:00:00,2024,3,30,Conflict,,,Bekaa,LB2,BA
57444,Displacement due to conflict,Lebanon,LBN,South,LB6,Saida,LB61,396,2024-03-26T00:00:00,2024,3,30,Conflict,,,South,LB6,BA
59892,Displacement due to conflict,Lebanon,LBN,El Nabatieh,LB4,Marjaayoun,LB43,1955,2024-03-26T00:00:00,2024,3,30,Conflict,,,El Nabatieh,LB4,BA
83245,Displacement due to conflict,Lebanon,LBN,Akkar,LB7,Akkar,LB51,28,2024-03-26T00:00:00,2024,3,30,Conflict,,,South,LB6,BA
78044,Displacement due to conflict,Lebanon,LBN,Mount Lebanon,LB3,Baabda,LB32,10114,2024-03-26T00:00:00,2024,3,30,Conflict,,,El Nabatieh,LB4,BA
71770,Displacement due to conflict,Lebanon,LBN,Baalbek-El Hermel,LB8,El Hermel,LB22,120,2024-03-26T00:00:00,2024,3,30,Conflict,,,Mount Lebanon,LB3,BA
72973,Displacement due to conflict,Lebanon,LBN,South,LB6,Jezzine,LB62,84,2024-03-26T00:00:00,2024,3,30,Conflict,,,El Nabatieh,LB4,BA
76811,Displacement due to conflict,Lebanon,LBN,Mount Lebanon,LB3,Aley,LB31,95,2024-03-26T00:00:00,2024,3,30,Conflict,,,Mount Lebanon,LB3,BA
88596,Displacement due to conflict,Lebanon,LBN,North,LB5,El Batroun,LB52,9,2024-03-26T00:00:00,2024,3,30,Conflict,,,El Nabatieh,LB4,BA
96284,Displacement due to conflict,Lebanon,LBN,South,LB6,Jezzine,LB62,15,2024-03-26T00:00:00,2024,3,30,Conflict,,,South,LB6,BA
105313,Displacement due to conflict,Lebanon,LBN,Mount Lebanon,LB3,Jbeil,LB34,428,2024-03-26T00:00:00,2024,3,30,Conflict,,,El Nabatieh,LB4,BA
102908,Displacement due to conflict,Lebanon,LBN,South,LB6,Sour,LB63,16963,2024-03-26T00:00:00,2024,3,30,Conflict,,,El Nabatieh,LB4,BA
108024,Displacement due to conflict,Lebanon,LBN,Mount Lebanon,LB3,Kesrwane,LB35,210,2024-03-26T00:00:00,2024,3,30,Conflict,,,El Nabatieh,LB4,BA
107797,Displacement due to conflict,Lebanon,LBN,North,LB5,El Minieh-Dennie,LB55,11,2024-03-26T00:00:00,2024,3,30,Conflict,,,El Nabatieh,LB4,BA
106457,Displacement due to conflict,Lebanon,LBN,Mount Lebanon,LB3,El Meten,LB36,2364,2024-03-26T00:00:00,2024,3,30,Conflict,,,El Nabatieh,LB4,BA
110554,Displacement due to conflict,Lebanon,LBN,Baalbek-El Hermel,LB8,El Hermel,LB22,90,2024-03-26T00:00:00,2024,3,30,Conflict,,,El Nabatieh,LB4,BA
111155,Displacement due to conflict,Lebanon,LBN,Mount Lebanon,LB3,El Meten,LB36,5,2024-03-26T00:00:00,2024,3,30,Conflict,,,South,LB6,BA
118614,Displacement due to conflict,Lebanon,LBN,Bekaa,LB2,West Bekaa,LB24,383,2024-03-26T00:00:00,2024,3,30,Conflict,,,El Nabatieh,LB4,BA
124141,Displacement due to conflict,Lebanon,LBN,El Nabatieh,LB4,Bent Jbeil,LB41,5082,2024-03-26T00:00:00,2024,3,30,Conflict,,,El Nabatieh,LB4,BA
119643,Displacement due to conflict,Lebanon,LBN,Baalbek-El Hermel,LB8,Baalbek,LB21,24,2024-03-26T00:00:00,2024,3,30,Conflict,,,South,LB6,BA
119799,Displacement due to conflict,Lebanon,LBN,North,LB5,Tripoli,LB56,2,2024-03-26T00:00:00,2024,3,30,Conflict,,,El Nabatieh,LB4,BA
120686,Displacement due to conflict,Lebanon,LBN,Beirut,LB1,Beirut,LB11,5251,2024-03-26T00:00:00,2024,3,30,Conflict,,,El Nabatieh,LB4,BA
127828,Displacement due to conflict,Lebanon,LBN,Mount Lebanon,LB3,Aley,LB31,3571,2024-03-26T00:00:00,2024,3,30,Conflict,,,El Nabatieh,LB4,BA
129396,Displacement due to conflict,Lebanon,LBN,Mount Lebanon,LB3,Jbeil,LB34,30,2024-03-26T00:00:00,2024,3,30,Conflict,,,South,LB6,BA
140509,Displacement due to conflict,Lebanon,LBN,North,LB5,El Koura,LB54,6,2024-03-26T00:00:00,2024,3,30,Conflict,,,El Nabatieh,LB4,BA
134781,Displacement due to conflict,Lebanon,LBN,South,LB6,Sour,LB63,9430,2024-03-26T00:00:00,2024,3,30,Conflict,,,South,LB6,BA
132334,Displacement due to conflict,Lebanon,LBN,Mount Lebanon,LB3,El Meten,LB36,2328,2024-04-02T00:00:00,2024,4,31,Conflict,,,El Nabatieh,LB4,BA
128106,Displacement due to conflict,Lebanon,LBN,Baalbek-El Hermel,LB8,Baalbek,LB21,24,2024-04-02T00:00:00,2024,4,31,Conflict,,,South,LB6,BA
126891,Displacement due to conflict,Lebanon,LBN,Akkar,LB7,Akkar,LB51,6,2024-04-02T00:00:00,2024,4,31,Conflict,,,Baalbek-El Hermel,LB8,BA
124930,Displacement due to conflict,Lebanon,LBN,Akkar,LB7,Akkar,LB51,152,2024-04-02T00:00:00,2024,4,31,Conflict,,,El Nabatieh,LB4,BA
118223,Displacement due to conflict,Lebanon,LBN,North,LB5,El Koura,LB54,6,2024-04-02T00:00:00,2024,4,31,Conflict,,,El Nabatieh,LB4,BA
112140,Displacement due to conflict,Lebanon,LBN,South,LB6,Sour,LB63,9661,2024-04-02T00:00:00,2024,4,31,Conflict,,,South,LB6,BA
107260,Displacement due to conflict,Lebanon,LBN,Baalbek-El Hermel,LB8,Baalbek,LB21,4,2024-04-02T00:00:00,2024,4,31,Conflict,,,Mount Lebanon,LB3,BA
103779,Displacement due to conflict,Lebanon,LBN,Baalbek-El Hermel,LB8,El Hermel,LB22,155,2024-04-02T00:00:00,2024,4,31,Conflict,,,Mount Lebanon,LB3,BA
103549,Displacement due to conflict,Lebanon,LBN,Baalbek-El Hermel,LB8,El Hermel,LB22,55,2024-04-02T00:00:00,2024,4,31,Conflict,,,El Nabatieh,LB4,BA
97807,Displacement due to conflict,Lebanon,LBN,Mount Lebanon,LB3,Baabda,LB32,4,2024-04-02T00:00:00,2024,4,31,Conflict,,,South,LB6,BA
94929,Displacement due to conflict,Lebanon,LBN,South,LB6,Saida,LB61,404,2024-04-02T00:00:00,2024,4,31,Conflict,,,South,LB6,BA
88931,Displacement due to conflict,Lebanon,LBN,Mount Lebanon,LB3,Aley,LB31,3683,2024-04-02T00:00:00,2024,4,31,Conflict,,,El Nabatieh,LB4,BA
88369,Displacement due to conflict,Lebanon,LBN,Bekaa,LB2,West Bekaa,LB24,383,2024-04-02T00:00:00,2024,4,31,Conflict,,,El Nabatieh,LB4,BA
84673,Displacement due to conflict,Lebanon,LBN,North,LB5,El Batroun,LB52,46,2024-04-02T00:00:00,2024,4,31,Conflict,,,South,LB6,BA
86042,Displacement due to conflict,Lebanon,LBN,Bekaa,LB2,Rachaya,LB23,214,2024-04-02T00:00:00,2024,4,31,Conflict,,,El Nabatieh,LB4,BA
83362,Displacement due to conflict,Lebanon,LBN,Mount Lebanon,LB3,Aley,LB31,78,2024-04-02T00:00:00,2024,4,31,Conflict,,,South,LB6,BA
82546,Displacement due to conflict,Lebanon,LBN,North,LB5,El Minieh-Dennie,LB55,11,2024-04-02T00:00:00,2024,4,31,Conflict,,,El Nabatieh,LB4,BA
82000,Displacement due to conflict,Lebanon,LBN,El Nabatieh,LB4,Bent Jbeil,LB41,5372,2024-04-02T00:00:00,2024,4,31,Conflict,,,El Nabatieh,LB4,BA
81654,Displacement due to conflict,Lebanon,LBN,North,LB5,El Batroun,LB52,9,2024-04-02T00:00:00,2024,4,31,Conflict,,,El Nabatieh,LB4,BA
58717,Displacement due to conflict,Lebanon,LBN,Mount Lebanon,LB3,Chouf,LB33,289,2024-04-02T00:00:00,2024,4,31,Conflict,,,South,LB6,BA
62905,Displacement due to conflict,Lebanon,LBN,Mount Lebanon,LB3,Kesrwane,LB35,240,2024-04-02T00:00:00,2024,4,31,Conflict,,,El Nabatieh,LB4,BA
66182,Displacement due to conflict,Lebanon,LBN,El Nabatieh,LB4,El Nabatieh,LB44,19814,2024-04-02T00:00:00,2024,4,31,Conflict,,,El Nabatieh,LB4,BA
42407,Displacement due to conflict,Lebanon,LBN,South,LB6,Saida,LB61,11311,2024-04-02T00:00:00,2024,4,31,Conflict,,,El Nabatieh,LB4,BA
35899,Displacement due to conflict,Lebanon,LBN,Akkar,LB7,Akkar,LB51,28,2024-04-02T00:00:00,2024,4,31,Conflict,,,South,LB6,BA
29666,Displacement due to conflict,Lebanon,LBN,Mount Lebanon,LB3,Jbeil,LB34,30,2024-04-02T00:00:00,2024,4,31,Conflict,,,South,LB6,BA
29858,Displacement due to conflict,Lebanon,LBN,Mount Lebanon,LB3,Baabda,LB32,10277,2024-04-02T00:00:00,2024,4,31,Conflict,,,El Nabatieh,LB4,BA
30229,Displacement due to conflict,Lebanon,LBN,Mount Lebanon,LB3,Jbeil,LB34,446,2024-04-02T00:00:00,2024,4,31,Conflict,,,El Nabatieh,LB4,BA
30755,Displacement due to conflict,Lebanon,LBN,South,LB6,Jezzine,LB62,15,2024-04-02T00:00:00,2024,4,31,Conflict,,,South,LB6,BA
33890,Displacement due to conflict,Lebanon,LBN,Mount Lebanon,LB3,Aley,LB31,95,2024-04-02T00:00:00,2024,4,31,Conflict,,,Mount Lebanon,LB3,BA
33474,Displacement due to conflict,Lebanon,LBN,Baalbek-El Hermel,LB8,Baalbek,LB21,50,2024-04-02T00:00:00,2024,4,31,Conflict,,,Baalbek-El Hermel,LB8,BA
33279,Displacement due to conflict,Lebanon,LBN,South,LB6,Jezzine,LB62,84,2024-04-02T00:00:00,2024,4,31,Conflict,,,El Nabatieh,LB4,BA
33530,Displacement due to conflict,Lebanon,LBN,Beirut,LB1,Beirut,LB11,5291,2024-04-02T00:00:00,2024,4,31,Conflict,,,El Nabatieh,LB4,BA
50840,Displacement due to conflict,Lebanon,LBN,Bekaa,LB2,Zahle,LB25,239,2024-04-02T00:00:00,2024,4,31,Conflict,,,El Nabatieh,LB4,BA
56106,Displacement due to conflict,Lebanon,LBN,Bekaa,LB2,Rachaya,LB23,41,2024-04-02T00:00:00,2024,4,31,Conflict,,,South,LB6,BA
47619,Displacement due to conflict,Lebanon,LBN,Mount Lebanon,LB3,Chouf,LB33,1658,2024-04-02T00:00:00,2024,4,31,Conflict,,,El Nabatieh,LB4,BA
43256,Displacement due to conflict,Lebanon,LBN,Bekaa,LB2,Zahle,LB25,10,2024-04-02T00:00:00,2024,4,31,Conflict,,,Baalbek-El Hermel,LB8,BA
1768,Displacement due to conflict,Lebanon,LBN,Baalbek-El Hermel,LB8,Baalbek,LB21,1404,2024-04-02T00:00:00,2024,4,31,Conflict,,,El Nabatieh,LB4,BA
11357,Displacement due to conflict,Lebanon,LBN,Mount Lebanon,LB3,Baabda,LB32,4,2024-04-02T00:00:00,2024,4,31,Conflict,,,Bekaa,LB2,BA
19528,Displacement due to conflict,Lebanon,LBN,South,LB6,Sour,LB63,16542,2024-04-02T00:00:00,2024,4,31,Conflict,,,El Nabatieh,LB4,BA
17322,Displacement due to conflict,Lebanon,LBN,El Nabatieh,LB4,Marjaayoun,LB43,2009,2024-04-02T00:00:00,2024,4,31,Conflict,,,El Nabatieh,LB4,BA
25665,Displacement due to conflict,Lebanon,LBN,Bekaa,LB2,Rachaya,LB23,6,2024-04-02T00:00:00,2024,4,31,Conflict,,,Bekaa,LB2,BA
26331,Displacement due to conflict,Lebanon,LBN,El Nabatieh,LB4,Hasbaya,LB42,910,2024-04-02T00:00:00,2024,4,31,Conflict,,,El Nabatieh,LB4,BA
21959,Displacement due to conflict,Lebanon,LBN,Mount Lebanon,LB3,El Meten,LB36,5,2024-04-02T00:00:00,2024,4,31,Conflict,,,South,LB6,BA
19455,Displacement due to conflict,Lebanon,LBN,Mount Lebanon,LB3,Chouf,LB33,1677,2024-04-09T00:00:00,2024,4,32,Conflict,,,El Nabatieh,LB4,BA
19826,Displacement due to conflict,Lebanon,LBN,South,LB6,Saida,LB61,11329,2024-04-09T00:00:00,2024,4,32,Conflict,,,El Nabatieh,LB4,BA
11572,Displacement due to conflict,Lebanon,LBN,Mount Lebanon,LB3,Jbeil,LB34,441,2024-04-09T00:00:00,2024,4,32,Conflict,,,El Nabatieh,LB4,BA
11794,Displacement due to conflict,Lebanon,LBN,El Nabatieh,LB4,El Nabatieh,LB44,18820,2024-04-09T00:00:00,2024,4,32,Conflict,,,El Nabatieh,LB4,BA
140,Displacement due to conflict,Lebanon,LBN,Mount Lebanon,LB3,Baabda,LB32,10563,2024-04-09T00:00:00,2024,4,32,Conflict,,,El Nabatieh,LB4,BA
3863,Displacement due to conflict,Lebanon,LBN,Bekaa,LB2,Rachaya,LB23,41,2024-04-09T00:00:00,2024,4,32,Conflict,,,South,LB6,BA
7508,Displacement due to conflict,Lebanon,LBN,Mount Lebanon,LB3,Baabda,LB32,4,2024-04-09T00:00:00,2024,4,32,Conflict,,,Bekaa,LB2,BA
43127,Displacement due to conflict,Lebanon,LBN,El Nabatieh,LB4,Bent Jbeil,LB41,4964,2024-04-09T00:00:00,2024,4,32,Conflict,,,El Nabatieh,LB4,BA
43425,Displacement due to conflict,Lebanon,LBN,Baalbek-El Hermel,LB8,Baalbek,LB21,4,2024-04-09T00:00:00,2024,4,32,Conflict,,,Mount Lebanon,LB3,BA
53844,Displacement due to conflict,Lebanon,LBN,Akkar,LB7,Akkar,LB51,28,2024-04-09T00:00:00,2024,4,32,Conflict,,,South,LB6,BA
30912,Displacement due to conflict,Lebanon,LBN,South,LB6,Sour,LB63,9725,2024-04-09T00:00:00,2024,4,32,Conflict,,,South,LB6,BA
29720,Displacement due to conflict,Lebanon,LBN,Bekaa,LB2,Rachaya,LB23,220,2024-04-09T00:00:00,2024,4,32,Conflict,,,El Nabatieh,LB4,BA
64361,Displacement due to conflict,Lebanon,LBN,Mount Lebanon,LB3,Baabda,LB32,4,2024-04-09T00:00:00,2024,4,32,Conflict,,,South,LB6,BA
68005,Displacement due to conflict,Lebanon,LBN,Baalbek-El Hermel,LB8,Baalbek,LB21,1418,2024-04-09T00:00:00,2024,4,32,Conflict,,,El Nabatieh,LB4,BA
69450,Displacement due to conflict,Lebanon,LBN,Beirut,LB1,Beirut,LB11,5300,2024-04-09T00:00:00,2024,4,32,Conflict,,,El Nabatieh,LB4,BA
69056,Displacement due to conflict,Lebanon,LBN,North,LB5,El Batroun,LB52,9,2024-04-09T00:00:00,2024,4,32,Conflict,,,El Nabatieh,LB4,BA
63340,Displacement due to conflict,Lebanon,LBN,South,LB6,Saida,LB61,394,2024-04-09T00:00:00,2024,4,32,Conflict,,,South,LB6,BA
61101,Displacement due to conflict,Lebanon,LBN,Mount Lebanon,LB3,Aley,LB31,95,2024-04-09T00:00:00,2024,4,32,Conflict,,,Mount Lebanon,LB3,BA
56356,Displacement due to conflict,Lebanon,LBN,Mount Lebanon,LB3,Aley,LB31,68,2024-04-09T00:00:00,2024,4,32,Conflict,,,South,LB6,BA
81380,Displacement due to conflict,Lebanon,LBN,Bekaa,LB2,Zahle,LB25,10,2024-04-09T00:00:00,2024,4,32,Conflict,,,Baalbek-El Hermel,LB8,BA
78770,Displacement due to conflict,Lebanon,LBN,South,LB6,Jezzine,LB62,15,2024-04-09T00:00:00,2024,4,32,Conflict,,,South,LB6,BA
79187,Displacement due to conflict,Lebanon,LBN,El Nabatieh,LB4,Marjaayoun,LB43,1809,2024-04-09T00:00:00,2024,4,32,Conflict,,,El Nabatieh,LB4,BA
75731,Displacement due to conflict,Lebanon,LBN,Akkar,LB7,Akkar,LB51,6,2024-04-09T00:00:00,2024,4,32,Conflict,,,Baalbek-El Hermel,LB8,BA
86139,Displacement due to conflict,Lebanon,LBN,Akkar,LB7,Akkar,LB51,152,2024-04-09T00:00:00,2024,4,32,Conflict,,,El Nabatieh,LB4,BA
94356,Displacement due to conflict,Lebanon,LBN,Mount Lebanon,LB3,El Meten,LB36,5,2024-04-09T00:00:00,2024,4,32,Conflict,,,South,LB6,BA
102707,Displacement due to conflict,Lebanon,LBN,North,LB5,El Minieh-Dennie,LB55,11,2024-04-09T00:00:00,2024,4,32,Conflict,,,El Nabatieh,LB4,BA
105878,Displacement due to conflict,Lebanon,LBN,Mount Lebanon,LB3,Jbeil,LB34,30,2024-04-09T00:00:00,2024,4,32,Conflict,,,South,LB6,BA
101032,Displacement due to conflict,Lebanon,LBN,Mount Lebanon,LB3,Chouf,LB33,289,2024-04-09T00:00:00,2024,4,32,Conflict,,,South,LB6,BA
101432,Displacement due to conflict,Lebanon,LBN,Baalbek-El Hermel,LB8,Baalbek,LB21,24,2024-04-09T00:00:00,2024,4,32,Conflict,,,South,LB6,BA
102054,Displacement due to conflict,Lebanon,LBN,Baalbek-El Hermel,LB8,Baalbek,LB21,65,2024-04-09T00:00:00,2024,4,32,Conflict,,,Baalbek-El Hermel,LB8,BA
108350,Displacement due to conflict,Lebanon,LBN,El Nabatieh,LB4,Hasbaya,LB42,997,2024-04-09T00:00:00,2024,4,32,Conflict,,,El Nabatieh,LB4,BA
109717,Displacement due to conflict,Lebanon,LBN,South,LB6,Jezzine,LB62,84,2024-04-09T00:00:00,2024,4,32,Conflict,,,El Nabatieh,LB4,BA
119267,Displacement due to conflict,Lebanon,LBN,Bekaa,LB2,Zahle,LB25,239,2024-04-09T00:00:00,2024,4,32,Conflict,,,El Nabatieh,LB4,BA
116658,Displacement due to conflict,Lebanon,LBN,South,LB6,Sour,LB63,16333,2024-04-09T00:00:00,2024,4,32,Conflict,,,El Nabatieh,LB4,BA
113563,Displacement due to conflict,Lebanon,LBN,Baalbek-El Hermel,LB8,El Hermel,LB22,63,2024-04-09T00:00:00,2024,4,32,Conflict,,,El Nabatieh,LB4,BA
114309,Displacement due to conflict,Lebanon,LBN,Bekaa,LB2,West Bekaa,LB24,384,2024-04-09T00:00:00,2024,4,32,Conflict,,,El Nabatieh,LB4,BA
115398,Displacement due to conflict,Lebanon,LBN,Mount Lebanon,LB3,Kesrwane,LB35,240,2024-04-09T00:00:00,2024,4,32,Conflict,,,El Nabatieh,LB4,BA
126314,Displacement due to conflict,Lebanon,LBN,North,LB5,El Batroun,LB52,46,2024-04-09T00:00:00,2024,4,32,Conflict,,,South,LB6,BA
124137,Displacement due to conflict,Lebanon,LBN,Mount Lebanon,LB3,Aley,LB31,3683,2024-04-09T00:00:00,2024,4,32,Conflict,,,El Nabatieh,LB4,BA
121398,Displacement due to conflict,Lebanon,LBN,Mount Lebanon,LB3,El Meten,LB36,2284,2024-04-09T00:00:00,2024,4,32,Conflict,,,El Nabatieh,LB4,BA
129946,Displacement due to conflict,Lebanon,LBN,North,LB5,El Koura,LB54,6,2024-04-09T00:00:00,2024,4,32,Conflict,,,El Nabatieh,LB4,BA
128277,Displacement due to conflict,Lebanon,LBN,Baalbek-El Hermel,LB8,El Hermel,LB22,155,2024-04-09T00:00:00,2024,4,32,Conflict,,,Mount Lebanon,LB3,BA
132233,Displacement due to conflict,Lebanon,LBN,Bekaa,LB2,West Bekaa,LB24,60,2024-04-09T00:00:00,2024,4,32,Conflict,,,South,LB6,BA
133718,Displacement due to conflict,Lebanon,LBN,Akkar,LB7,Akkar,LB51,28,2024-04-16T00:00:00,2024,4,33,Conflict,,,South,LB6,BA
126802,Displacement due to conflict,Lebanon,LBN,North,LB5,El Minieh-Dennie,LB55,5,2024-04-16T00:00:00,2024,4,33,Conflict,,,Bekaa,LB2,BA
118243,Displacement due to conflict,Lebanon,LBN,Baalbek-El Hermel,LB8,Baalbek,LB21,35,2024-04-16T00:00:00,2024,4,33,Conflict,,,Baalbek-El Hermel,LB8,BA
117987,Displacement due to conflict,Lebanon,LBN,Bekaa,LB2,Zahle,LB25,254,2024-04-16T00:00:00,2024,4,33,Conflict,,,El Nabatieh,LB4,BA
107727,Displacement due to conflict,Lebanon,LBN,Akkar,LB7,Akkar,LB51,6,2024-04-16T00:00:00,2024,4,33,Conflict,,,Baalbek-El Hermel,LB8,BA
106359,Displacement due to conflict,Lebanon,LBN,South,LB6,Saida,LB61,11386,2024-04-16T00:00:00,2024,4,33,Conflict,,,El Nabatieh,LB4,BA
106389,Displacement due to conflict,Lebanon,LBN,El Nabatieh,LB4,Marjaayoun,LB43,1789,2024-04-16T00:00:00,2024,4,33,Conflict,,,El Nabatieh,LB4,BA
106745,Displacement due to conflict,Lebanon,LBN,Mount Lebanon,LB3,Jbeil,LB34,10,2024-04-16T00:00:00,2024,4,33,Conflict,,,Mount Lebanon,LB3,BA
103638,Displacement due to conflict,Lebanon,LBN,South,LB6,Sour,LB63,16334,2024-04-16T00:00:00,2024,4,33,Conflict,,,El Nabatieh,LB4,BA
93172,Displacement due to conflict,Lebanon,LBN,Mount Lebanon,LB3,El Meten,LB36,3244,2024-04-16T00:00:00,2024,4,33,Conflict,,,El Nabatieh,LB4,BA
97517,Displacement due to conflict,Lebanon,LBN,North,LB5,El Koura,LB54,6,2024-04-16T00:00:00,2024,4,33,Conflict,,,El Nabatieh,LB4,BA
97447,Displacement due to conflict,Lebanon,LBN,El Nabatieh,LB4,Hasbaya,LB42,797,2024-04-16T00:00:00,2024,4,33,Conflict,,,El Nabatieh,LB4,BA
89668,Displacement due to conflict,Lebanon,LBN,Baalbek-El Hermel,LB8,Baalbek,LB21,24,2024-04-16T00:00:00,2024,4,33,Conflict,,,South,LB6,BA
91117,Displacement due to conflict,Lebanon,LBN,Bekaa,LB2,West Bekaa,LB24,399,2024-04-16T00:00:00,2024,4,33,Conflict,,,El Nabatieh,LB4,BA
77853,Displacement due to conflict,Lebanon,LBN,Mount Lebanon,LB3,Chouf,LB33,289,2024-04-16T00:00:00,2024,4,33,Conflict,,,South,LB6,BA
74655,Displacement due to conflict,Lebanon,LBN,Mount Lebanon,LB3,El Meten,LB36,5,2024-04-16T00:00:00,2024,4,33,Conflict,,,South,LB6,BA
78518,Displacement due to conflict,Lebanon,LBN,Mount Lebanon,LB3,Baabda,LB32,4,2024-04-16T00:00:00,2024,4,33,Conflict,,,South,LB6,BA
80959,Displacement due to conflict,Lebanon,LBN,Mount Lebanon,LB3,Baabda,LB32,10630,2024-04-16T00:00:00,2024,4,33,Conflict,,,El Nabatieh,LB4,BA
80088,Displacement due to conflict,Lebanon,LBN,South,LB6,Jezzine,LB62,84,2024-04-16T00:00:00,2024,4,33,Conflict,,,El Nabatieh,LB4,BA
57176,Displacement due to conflict,Lebanon,LBN,Baalbek-El Hermel,LB8,Baalbek,LB21,1567,2024-04-16T00:00:00,2024,4,33,Conflict,,,El Nabatieh,LB4,BA
63040,Displacement due to conflict,Lebanon,LBN,Mount Lebanon,LB3,Chouf,LB33,1525,2024-04-16T00:00:00,2024,4,33,Conflict,,,El Nabatieh,LB4,BA
68496,Displacement due to conflict,Lebanon,LBN,Bekaa,LB2,Rachaya,LB23,220,2024-04-16T00:00:00,2024,4,33,Conflict,,,El Nabatieh,LB4,BA
64633,Displacement due to conflict,Lebanon,LBN,South,LB6,Sour,LB63,9624,2024-04-16T00:00:00,2024,4,33,Conflict,,,South,LB6,BA
64402,Displacement due to conflict,Lebanon,LBN,Mount Lebanon,LB3,Jbeil,LB34,426,2024-04-16T00:00:00,2024,4,33,Conflict,,,El Nabatieh,LB4,BA
35645,Displacement due to conflict,Lebanon,LBN,Mount Lebanon,LB3,Baabda,LB32,4,2024-04-16T00:00:00,2024,4,33,Conflict,,,Bekaa,LB2,BA
42338,Displacement due to conflict,Lebanon,LBN,Bekaa,LB2,Rachaya,LB23,41,2024-04-16T00:00:00,2024,4,33,Conflict,,,South,LB6,BA
41435,Displacement due to conflict,Lebanon,LBN,Baalbek-El Hermel,LB8,El Hermel,LB22,63,2024-04-16T00:00:00,2024,4,33,Conflict,,,El Nabatieh,LB4,BA
55701,Displacement due to conflict,Lebanon,LBN,Mount Lebanon,LB3,Aley,LB31,95,2024-04-16T00:00:00,2024,4,33,Conflict,,,Mount Lebanon,LB3,BA
51399,Displacement due to conflict,Lebanon,LBN,Baalbek-El Hermel,LB8,Baalbek,LB21,4,2024-04-16T00:00:00,2024,4,33,Conflict,,,Mount Lebanon,LB3,BA
47650,Displacement due to conflict,Lebanon,LBN,Mount Lebanon,LB3,Kesrwane,LB35,180,2024-04-16T00:00:00,2024,4,33,Conflict,,,El Nabatieh,LB4,BA
49313,Displacement due to conflict,Lebanon,LBN,El Nabatieh,LB4,Bent Jbeil,LB41,5002,2024-04-16T00:00:00,2024,4,33,Conflict,,,El Nabatieh,LB4,BA
1172,Displacement due to conflict,Lebanon,LBN,Mount Lebanon,LB3,Aley,LB31,60,2024-04-16T00:00:00,2024,4,33,Conflict,,,South,LB6,BA
2104,Displacement due to conflict,Lebanon,LBN,Mount Lebanon,LB3,Jbeil,LB34,30,2024-04-16T00:00:00,2024,4,33,Conflict,,,South,LB6,BA
2168,Displacement due to conflict,Lebanon,LBN,Akkar,LB7,Akkar,LB51,142,2024-04-16T00:00:00,2024,4,33,Conflict,,,El Nabatieh,LB4,BA
13223,Displacement due to conflict,Lebanon,LBN,Baalbek-El Hermel,LB8,El Hermel,LB22,155,2024-04-16T00:00:00,2024,4,33,Conflict,,,Mount Lebanon,LB3,BA
9941,Displacement due to conflict,Lebanon,LBN,Mount Lebanon,LB3,Aley,LB31,3630,2024-04-16T00:00:00,2024,4,33,Conflict,,,El Nabatieh,LB4,BA
10068,Displacement due to conflict,Lebanon,LBN,El Nabatieh,LB4,El Nabatieh,LB44,18639,2024-04-16T00:00:00,2024,4,33,Conflict,,,El Nabatieh,LB4,BA
21667,Displacement due to conflict,Lebanon,LBN,South,LB6,Jezzine,LB62,15,2024-04-16T00:00:00,2024,4,33,Conflict,,,South,LB6,BA
21325,Displacement due to conflict,Lebanon,LBN,North,LB5,El Batroun,LB52,9,2024-04-16T00:00:00,2024,4,33,Conflict,,,El Nabatieh,LB4,BA
16993,Displacement due to conflict,Lebanon,LBN,Bekaa,LB2,Zahle,LB25,10,2024-04-16T00:00:00,2024,4,33,Conflict,,,Baalbek-El Hermel,LB8,BA
17484,Displacement due to conflict,Lebanon,LBN,North,LB5,El Minieh-Dennie,LB55,6,2024-04-16T00:00:00,2024,4,33,Conflict,,,El Nabatieh,LB4,BA
23259,Displacement due to conflict,Lebanon,LBN,North,LB5,El Batroun,LB52,46,2024-04-16T00:00:00,2024,4,33,Conflict,,,South,LB6,BA
25055,Displacement due to conflict,Lebanon,LBN,Beirut,LB1,Beirut,LB11,5350,2024-04-16T00:00:00,2024,4,33,Conflict,,,El Nabatieh,LB4,BA
24525,Displacement due to conflict,Lebanon,LBN,Bekaa,LB2,West Bekaa,LB24,60,2024-04-16T00:00:00,2024,4,33,Conflict,,,South,LB6,BA
28487,Displacement due to conflict,Lebanon,LBN,South,LB6,Saida,LB61,389,2024-04-16T00:00:00,2024,4,33,Conflict,,,South,LB6,BA
17580,Displacement due to conflict,Lebanon,LBN,Akkar,LB7,Akkar,LB51,21,2024-04-30T00:00:00,2024,4,34,Conflict,,,South,LB6,BA
15925,Displacement due to conflict,Lebanon,LBN,North,LB5,El Minieh-Dennie,LB55,6,2024-04-30T00:00:00,2024,4,34,Conflict,,,El Nabatieh,LB4,BA
14693,Displacement due to conflict,Lebanon,LBN,Mount Lebanon,LB3,Aley,LB31,3650,2024-04-30T00:00:00,2024,4,34,Conflict,,,El Nabatieh,LB4,BA
18674,Displacement due to conflict,Lebanon,LBN,Akkar,LB7,Akkar,LB51,6,2024-04-30T00:00:00,2024,4,34,Conflict,,,Baalbek-El Hermel,LB8,BA
8374,Displacement due to conflict,Lebanon,LBN,Bekaa,LB2,Zahle,LB25,239,2024-04-30T00:00:00,2024,4,34,Conflict,,,El Nabatieh,LB4,BA
8675,Displacement due to conflict,Lebanon,LBN,Baalbek-El Hermel,LB8,Baalbek,LB21,24,2024-04-30T00:00:00,2024,4,34,Conflict,,,South,LB6,BA
12875,Displacement due to conflict,Lebanon,LBN,Mount Lebanon,LB3,Baabda,LB32,11067,2024-04-30T00:00:00,2024,4,34,Conflict,,,El Nabatieh,LB4,BA
1436,Displacement due to conflict,Lebanon,LBN,El Nabatieh,LB4,Hasbaya,LB42,727,2024-04-30T00:00:00,2024,4,34,Conflict,,,El Nabatieh,LB4,BA
7443,Displacement due to conflict,Lebanon,LBN,El Nabatieh,LB4,Marjaayoun,LB43,1963,2024-04-30T00:00:00,2024,4,34,Conflict,,,El Nabatieh,LB4,BA
6798,Displacement due to conflict,Lebanon,LBN,Akkar,LB7,Akkar,LB51,142,2024-04-30T00:00:00,2024,4,34,Conflict,,,El Nabatieh,LB4,BA
45738,Displacement due to conflict,Lebanon,LBN,South,LB6,Jezzine,LB62,88,2024-04-30T00:00:00,2024,4,34,Conflict,,,El Nabatieh,LB4,BA
52240,Displacement due to conflict,Lebanon,LBN,Bekaa,LB2,Rachaya,LB23,41,2024-04-30T00:00:00,2024,4,34,Conflict,,,South,LB6,BA
50816,Displacement due to conflict,Lebanon,LBN,North,LB5,El Batroun,LB52,8,2024-04-30T00:00:00,2024,4,34,Conflict,,,El Nabatieh,LB4,BA
50416,Displacement due to conflict,Lebanon,LBN,Bekaa,LB2,West Bekaa,LB24,60,2024-04-30T00:00:00,2024,4,34,Conflict,,,South,LB6,BA
49821,Displacement due to conflict,Lebanon,LBN,Bekaa,LB2,West Bekaa,LB24,434,2024-04-30T00:00:00,2024,4,34,Conflict,,,El Nabatieh,LB4,BA
55493,Displacement due to conflict,Lebanon,LBN,Mount Lebanon,LB3,El Meten,LB36,3247,2024-04-30T00:00:00,2024,4,34,Conflict,,,El Nabatieh,LB4,BA
55342,Displacement due to conflict,Lebanon,LBN,Baalbek-El Hermel,LB8,El Hermel,LB22,63,2024-04-30T00:00:00,2024,4,34,Conflict,,,El Nabatieh,LB4,BA
54659,Displacement due to conflict,Lebanon,LBN,Baalbek-El Hermel,LB8,Baalbek,LB21,30,2024-04-30T00:00:00,2024,4,34,Conflict,,,Baalbek-El Hermel,LB8,BA
54285,Displacement due to conflict,Lebanon,LBN,Mount Lebanon,LB3,Kesrwane,LB35,180,2024-04-30T00:00:00,2024,4,34,Conflict,,,El Nabatieh,LB4,BA
29433,Displacement due to conflict,Lebanon,LBN,South,LB6,Saida,LB61,339,2024-04-30T00:00:00,2024,4,34,Conflict,,,South,LB6,BA
30299,Displacement due to conflict,Lebanon,LBN,Mount Lebanon,LB3,Chouf,LB33,1555,2024-04-30T00:00:00,2024,4,34,Conflict,,,El Nabatieh,LB4,BA
32191,Displacement due to conflict,Lebanon,LBN,North,LB5,El Batroun,LB52,46,2024-04-30T00:00:00,2024,4,34,Conflict,,,South,LB6,BA
69109,Displacement due to conflict,Lebanon,LBN,Mount Lebanon,LB3,El Meten,LB36,5,2024-04-30T00:00:00,2024,4,34,Conflict,,,South,LB6,BA
70685,Displacement due to conflict,Lebanon,LBN,South,LB6,Sour,LB63,9746,2024-04-30T00:00:00,2024,4,34,Conflict,,,South,LB6,BA
61021,Displacement due to conflict,Lebanon,LBN,El Nabatieh,LB4,Bent Jbeil,LB41,5274,2024-04-30T00:00:00,2024,4,34,Conflict,,,El Nabatieh,LB4,BA
58573,Displacement due to conflict,Lebanon,LBN,Mount Lebanon,LB3,Baabda,LB32,4,2024-04-30T00:00:00,2024,4,34,Conflict,,,South,LB6,BA
59910,Displacement due to conflict,Lebanon,LBN,Baalbek-El Hermel,LB8,Baalbek,LB21,1546,2024-04-30T00:00:00,2024,4,34,Conflict,,,El Nabatieh,LB4,BA
79135,Displacement due to conflict,Lebanon,LBN,South,LB6,Sour,LB63,16426,2024-04-30T00:00:00,2024,4,34,Conflict,,,El Nabatieh,LB4,BA
82082,Displacement due to conflict,Lebanon,LBN,Mount Lebanon,LB3,Chouf,LB33,295,2024-04-30T00:00:00,2024,4,34,Conflict,,,South,LB6,BA
72927,Displacement due to conflict,Lebanon,LBN,Mount Lebanon,LB3,Aley,LB31,95,2024-04-30T00:00:00,2024,4,34,Conflict,,,Mount Lebanon,LB3,BA
73113,Displacement due to conflict,Lebanon,LBN,Beirut,LB1,Beirut,LB11,5348,2024-04-30T00:00:00,2024,4,34,Conflict,,,El Nabatieh,LB4,BA
72256,Displacement due to conflict,Lebanon,LBN,North,LB5,El Minieh-Dennie,LB55,5,2024-04-30T00:00:00,2024,4,34,Conflict,,,Bekaa,LB2,BA
77738,Displacement due to conflict,Lebanon,LBN,Bekaa,LB2,Rachaya,LB23,220,2024-04-30T00:00:00,2024,4,34,Conflict,,,El Nabatieh,LB4,BA
89820,Displacement due to conflict,Lebanon,LBN,Baalbek-El Hermel,LB8,Baalbek,LB21,4,2024-04-30T00:00:00,2024,4,34,Conflict,,,Mount Lebanon,LB3,BA
89844,Displacement due to conflict,Lebanon,LBN,Mount Lebanon,LB3,Aley,LB31,60,2024-04-30T00:00:00,2024,4,34,Conflict,,,South,LB6,BA
87831,Displacement due to conflict,Lebanon,LBN,South,LB6,Saida,LB61,11258,2024-04-30T00:00:00,2024,4,34,Conflict,,,El Nabatieh,LB4,BA
102443,Displacement due to conflict,Lebanon,LBN,Mount Lebanon,LB3,Jbeil,LB34,30,2024-04-30T00:00:00,2024,4,34,Conflict,,,South,LB6,BA
99791,Displacement due to conflict,Lebanon,LBN,Mount Lebanon,LB3,Jbeil,LB34,422,2024-04-30T00:00:00,2024,4,34,Conflict,,,El Nabatieh,LB4,BA
112418,Displacement due to conflict,Lebanon,LBN,Bekaa,LB2,Zahle,LB25,2,2024-04-30T00:00:00,2024,4,34,Conflict,,,Baalbek-El Hermel,LB8,BA
115348,Displacement due to conflict,Lebanon,LBN,El Nabatieh,LB4,El Nabatieh,LB44,18203,2024-04-30T00:00:00,2024,4,34,Conflict,,,El Nabatieh,LB4,BA
121899,Displacement due to conflict,Lebanon,LBN,North,LB5,El Koura,LB54,6,2024-04-30T00:00:00,2024,4,34,Conflict,,,El Nabatieh,LB4,BA
132014,Displacement due to conflict,Lebanon,LBN,Baalbek-El Hermel,LB8,El Hermel,LB22,155,2024-04-30T00:00:00,2024,4,34,Conflict,,,Mount Lebanon,LB3,BA
130052,Displacement due to conflict,Lebanon,LBN,Baalbek-El Hermel,LB8,Baalbek,LB21,1584,2024-05-14T00:00:00,2024,5,35,Conflict,,,El Nabatieh,LB4,BA
121529,Displacement due to conflict,Lebanon,LBN,North,LB5,El Batroun,LB52,26,2024-05-14T00:00:00,2024,5,35,Conflict,,,South,LB6,BA
120874,Displacement due to conflict,Lebanon,LBN,Bekaa,LB2,West Bekaa,LB24,453,2024-05-14T00:00:00,2024,5,35,Conflict,,,El Nabatieh,LB4,BA
114372,Displacement due to conflict,Lebanon,LBN,Mount Lebanon,LB3,El Meten,LB36,3252,2024-05-14T00:00:00,2024,5,35,Conflict,,,El Nabatieh,LB4,BA
112664,Displacement due to conflict,Lebanon,LBN,Beirut,LB1,Beirut,LB11,5497,2024-05-14T00:00:00,2024,5,35,Conflict,,,El Nabatieh,LB4,BA
112886,Displacement due to conflict,Lebanon,LBN,Bekaa,LB2,Zahle,LB25,2,2024-05-14T00:00:00,2024,5,35,Conflict,,,Baalbek-El Hermel,LB8,BA
107147,Displacement due to conflict,Lebanon,LBN,Bekaa,LB2,West Bekaa,LB24,60,2024-05-14T00:00:00,2024,5,35,Conflict,,,South,LB6,BA
108325,Displacement due to conflict,Lebanon,LBN,Mount Lebanon,LB3,Aley,LB31,95,2024-05-14T00:00:00,2024,5,35,Conflict,,,Mount Lebanon,LB3,BA
105925,Displacement due to conflict,Lebanon,LBN,Baalbek-El Hermel,LB8,El Hermel,LB22,63,2024-05-14T00:00:00,2024,5,35,Conflict,,,El Nabatieh,LB4,BA
85095,Displacement due to conflict,Lebanon,LBN,Akkar,LB7,Akkar,LB51,20,2024-05-14T00:00:00,2024,5,35,Conflict,,,South,LB6,BA
89644,Displacement due to conflict,Lebanon,LBN,North,LB5,El Koura,LB54,6,2024-05-14T00:00:00,2024,5,35,Conflict,,,El Nabatieh,LB4,BA
88717,Displacement due to conflict,Lebanon,LBN,South,LB6,Jezzine,LB62,88,2024-05-14T00:00:00,2024,5,35,Conflict,,,El Nabatieh,LB4,BA
97560,Displacement due to conflict,Lebanon,LBN,Akkar,LB7,Akkar,LB51,6,2024-05-14T00:00:00,2024,5,35,Conflict,,,Baalbek-El Hermel,LB8,BA
98754,Displacement due to conflict,Lebanon,LBN,El Nabatieh,LB4,Bent Jbeil,LB41,5345,2024-05-14T00:00:00,2024,5,35,Conflict,,,El Nabatieh,LB4,BA
96034,Displacement due to conflict,Lebanon,LBN,El Nabatieh,LB4,Hasbaya,LB42,763,2024-05-14T00:00:00,2024,5,35,Conflict,,,El Nabatieh,LB4,BA
97057,Displacement due to conflict,Lebanon,LBN,North,LB5,El Minieh-Dennie,LB55,5,2024-05-14T00:00:00,2024,5,35,Conflict,,,Bekaa,LB2,BA
77369,Displacement due to conflict,Lebanon,LBN,Bekaa,LB2,Rachaya,LB23,53,2024-05-14T00:00:00,2024,5,35,Conflict,,,South,LB6,BA
75184,Displacement due to conflict,Lebanon,LBN,Mount Lebanon,LB3,Chouf,LB33,1742,2024-05-14T00:00:00,2024,5,35,Conflict,,,El Nabatieh,LB4,BA
58422,Displacement due to conflict,Lebanon,LBN,Mount Lebanon,LB3,Jbeil,LB34,431,2024-05-14T00:00:00,2024,5,35,Conflict,,,El Nabatieh,LB4,BA
61678,Displacement due to conflict,Lebanon,LBN,El Nabatieh,LB4,El Nabatieh,LB44,18363,2024-05-14T00:00:00,2024,5,35,Conflict,,,El Nabatieh,LB4,BA
70901,Displacement due to conflict,Lebanon,LBN,El Nabatieh,LB4,Marjaayoun,LB43,1930,2024-05-14T00:00:00,2024,5,35,Conflict,,,El Nabatieh,LB4,BA
68866,Displacement due to conflict,Lebanon,LBN,Baalbek-El Hermel,LB8,El Hermel,LB22,155,2024-05-14T00:00:00,2024,5,35,Conflict,,,Mount Lebanon,LB3,BA
69374,Displacement due to conflict,Lebanon,LBN,South,LB6,Saida,LB61,339,2024-05-14T00:00:00,2024,5,35,Conflict,,,South,LB6,BA
68337,Displacement due to conflict,Lebanon,LBN,Baalbek-El Hermel,LB8,Baalbek,LB21,24,2024-05-14T00:00:00,2024,5,35,Conflict,,,South,LB6,BA
65974,Displacement due to conflict,Lebanon,LBN,Mount Lebanon,LB3,Kesrwane,LB35,168,2024-05-14T00:00:00,2024,5,35,Conflict,,,El Nabatieh,LB4,BA
30741,Displacement due to conflict,Lebanon,LBN,Mount Lebanon,LB3,Baabda,LB32,11228,2024-05-14T00:00:00,2024,5,35,Conflict,,,El Nabatieh,LB4,BA
29978,Displacement due to conflict,Lebanon,LBN,Akkar,LB7,Akkar,LB51,134,2024-05-14T00:00:00,2024,5,35,Conflict,,,El Nabatieh,LB4,BA
33489,Displacement due to conflict,Lebanon,LBN,North,LB5,El Batroun,LB52,2,2024-05-14T00:00:00,2024,5,35,Conflict,,,El Nabatieh,LB4,BA
35657,Displacement due to conflict,Lebanon,LBN,Mount Lebanon,LB3,Baabda,LB32,4,2024-05-14T00:00:00,2024,5,35,Conflict,,,South,LB6,BA
54924,Displacement due to conflict,Lebanon,LBN,South,LB6,Saida,LB61,11260,2024-05-14T00:00:00,2024,5,35,Conflict,,,El Nabatieh,LB4,BA
50315,Displacement due to conflict,Lebanon,LBN,Baalbek-El Hermel,LB8,Baalbek,LB21,4,2024-05-14T00:00:00,2024,5,35,Conflict,,,Mount Lebanon,LB3,BA
46138,Displacement due to conflict,Lebanon,LBN,South,LB6,Sour,LB63,16576,2024-05-14T00:00:00,2024,5,35,Conflict,,,El Nabatieh,LB4,BA
43054,Displacement due to conflict,Lebanon,LBN,Mount Lebanon,LB3,Chouf,LB33,295,2024-05-14T00:00:00,2024,5,35,Conflict,,,South,LB6,BA
7001,Displacement due to conflict,Lebanon,LBN,Mount Lebanon,LB3,Jbeil,LB34,30,2024-05-14T00:00:00,2024,5,35,Conflict,,,South,LB6,BA
4549,Displacement due to conflict,Lebanon,LBN,Mount Lebanon,LB3,Aley,LB31,60,2024-05-14T00:00:00,2024,5,35,Conflict,,,South,LB6,BA
4734,Displacement due to conflict,Lebanon,LBN,Bekaa,LB2,Rachaya,LB23,227,2024-05-14T00:00:00,2024,5,35,Conflict,,,El Nabatieh,LB4,BA
4966,Displacement due to conflict,Lebanon,LBN,North,LB5,El Minieh-Dennie,LB55,6,2024-05-14T00:00:00,2024,5,35,Conflict,,,El Nabatieh,LB4,BA
1761,Displacement due to conflict,Lebanon,LBN,Mount Lebanon,LB3,Aley,LB31,3653,2024-05-14T00:00:00,2024,5,35,Conflict,,,El Nabatieh,LB4,BA
12123,Displacement due to conflict,Lebanon,LBN,Bekaa,LB2,Zahle,LB25,234,2024-05-14T00:00:00,2024,5,35,Conflict,,,El Nabatieh,LB4,BA
19950,Displacement due to conflict,Lebanon,LBN,South,LB6,Sour,LB63,9663,2024-05-14T00:00:00,2024,5,35,Conflict,,,South,LB6,BA
27972,Displacement due to conflict,Lebanon,LBN,Baalbek-El Hermel,LB8,Baalbek,LB21,30,2024-05-14T00:00:00,2024,5,35,Conflict,,,Baalbek-El Hermel,LB8,BA
25606,Displacement due to conflict,Lebanon,LBN,Mount Lebanon,LB3,El Meten,LB36,5,2024-05-14T00:00:00,2024,5,35,Conflict,,,South,LB6,BA
25714,Displacement due to conflict,Lebanon,LBN,Bekaa,LB2,Zahle,LB25,2,2024-05-28T00:00:00,2024,5,36,Conflict,,,Baalbek-El Hermel,LB8,BA
23716,Displacement due to conflict,Lebanon,LBN,South,LB6,Sour,LB63,16719,2024-05-28T00:00:00,2024,5,36,Conflict,,,El Nabatieh,LB4,BA
23477,Displacement due to conflict,Lebanon,LBN,North,LB5,El Batroun,LB52,26,2024-05-28T00:00:00,2024,5,36,Conflict,,,South,LB6,BA
22134,Displacement due to conflict,Lebanon,LBN,Mount Lebanon,LB3,Aley,LB31,95,2024-05-28T00:00:00,2024,5,36,Conflict,,,Mount Lebanon,LB3,BA
22922,Displacement due to conflict,Lebanon,LBN,Baalbek-El Hermel,LB8,Baalbek,LB21,4,2024-05-28T00:00:00,2024,5,36,Conflict,,,Mount Lebanon,LB3,BA
21112,Displacement due to conflict,Lebanon,LBN,Bekaa,LB2,Rachaya,LB23,53,2024-05-28T00:00:00,2024,5,36,Conflict,,,South,LB6,BA
14813,Displacement due to conflict,Lebanon,LBN,Mount Lebanon,LB3,Baabda,LB32,4,2024-05-28T00:00:00,2024,5,36,Conflict,,,South,LB6,BA
13006,Displacement due to conflict,Lebanon,LBN,Mount Lebanon,LB3,El Meten,LB36,5,2024-05-28T00:00:00,2024,5,36,Conflict,,,South,LB6,BA
13130,Displacement due to conflict,Lebanon,LBN,North,LB5,El Minieh-Dennie,LB55,5,2024-05-28T00:00:00,2024,5,36,Conflict,,,Bekaa,LB2,BA
12117,Displacement due to conflict,Lebanon,LBN,El Nabatieh,LB4,Bent Jbeil,LB41,5483,2024-05-28T00:00:00,2024,5,36,Conflict,,,El Nabatieh,LB4,BA
821,Displacement due to conflict,Lebanon,LBN,El Nabatieh,LB4,El Nabatieh,LB44,18508,2024-05-28T00:00:00,2024,5,36,Conflict,,,El Nabatieh,LB4,BA
47606,Displacement due to conflict,Lebanon,LBN,Mount Lebanon,LB3,Baabda,LB32,11259,2024-05-28T00:00:00,2024,5,36,Conflict,,,El Nabatieh,LB4,BA
46831,Displacement due to conflict,Lebanon,LBN,South,LB6,Saida,LB61,354,2024-05-28T00:00:00,2024,5,36,Conflict,,,South,LB6,BA
49938,Displacement due to conflict,Lebanon,LBN,South,LB6,Sour,LB63,9647,2024-05-28T00:00:00,2024,5,36,Conflict,,,South,LB6,BA
52216,Displacement due to conflict,Lebanon,LBN,Bekaa,LB2,Rachaya,LB23,227,2024-05-28T00:00:00,2024,5,36,Conflict,,,El Nabatieh,LB4,BA
54918,Displacement due to conflict,Lebanon,LBN,Akkar,LB7,Akkar,LB51,16,2024-05-28T00:00:00,2024,5,36,Conflict,,,South,LB6,BA
54783,Displacement due to conflict,Lebanon,LBN,South,LB6,Saida,LB61,11127,2024-05-28T00:00:00,2024,5,36,Conflict,,,El Nabatieh,LB4,BA
53803,Displacement due to conflict,Lebanon,LBN,North,LB5,El Batroun,LB52,2,2024-05-28T00:00:00,2024,5,36,Conflict,,,El Nabatieh,LB4,BA
36189,Displacement due to conflict,Lebanon,LBN,El Nabatieh,LB4,Marjaayoun,LB43,1728,2024-05-28T00:00:00,2024,5,36,Conflict,,,El Nabatieh,LB4,BA
37106,Displacement due to conflict,Lebanon,LBN,Mount Lebanon,LB3,Aley,LB31,3678,2024-05-28T00:00:00,2024,5,36,Conflict,,,El Nabatieh,LB4,BA
29004,Displacement due to conflict,Lebanon,LBN,Akkar,LB7,Akkar,LB51,124,2024-05-28T00:00:00,2024,5,36,Conflict,,,El Nabatieh,LB4,BA
31174,Displacement due to conflict,Lebanon,LBN,El Nabatieh,LB4,Hasbaya,LB42,800,2024-05-28T00:00:00,2024,5,36,Conflict,,,El Nabatieh,LB4,BA
64833,Displacement due to conflict,Lebanon,LBN,Bekaa,LB2,West Bekaa,LB24,60,2024-05-28T00:00:00,2024,5,36,Conflict,,,South,LB6,BA
70829,Displacement due to conflict,Lebanon,LBN,Baalbek-El Hermel,LB8,Baalbek,LB21,24,2024-05-28T00:00:00,2024,5,36,Conflict,,,South,LB6,BA
60992,Displacement due to conflict,Lebanon,LBN,Mount Lebanon,LB3,Jbeil,LB34,435,2024-05-28T00:00:00,2024,5,36,Conflict,,,El Nabatieh,LB4,BA
61490,Displacement due to conflict,Lebanon,LBN,Baalbek-El Hermel,LB8,El Hermel,LB22,58,2024-05-28T00:00:00,2024,5,36,Conflict,,,El Nabatieh,LB4,BA
59408,Displacement due to conflict,Lebanon,LBN,Mount Lebanon,LB3,Jbeil,LB34,30,2024-05-28T00:00:00,2024,5,36,Conflict,,,South,LB6,BA
59025,Displacement due to conflict,Lebanon,LBN,Beirut,LB1,Beirut,LB11,5507,2024-05-28T00:00:00,2024,5,36,Conflict,,,El Nabatieh,LB4,BA
76204,Displacement due to conflict,Lebanon,LBN,Mount Lebanon,LB3,Kesrwane,LB35,168,2024-05-28T00:00:00,2024,5,36,Conflict,,,El Nabatieh,LB4,BA
77502,Displacement due to conflict,Lebanon,LBN,South,LB6,Jezzine,LB62,59,2024-05-28T00:00:00,2024,5,36,Conflict,,,El Nabatieh,LB4,BA
77711,Displacement due to conflict,Lebanon,LBN,Akkar,LB7,Akkar,LB51,6,2024-05-28T00:00:00,2024,5,36,Conflict,,,Baalbek-El Hermel,LB8,BA
73608,Displacement due to conflict,Lebanon,LBN,Mount Lebanon,LB3,Chouf,LB33,303,2024-05-28T00:00:00,2024,5,36,Conflict,,,South,LB6,BA
82291,Displacement due to conflict,Lebanon,LBN,Baalbek-El Hermel,LB8,Baalbek,LB21,30,2024-05-28T00:00:00,2024,5,36,Conflict,,,Baalbek-El Hermel,LB8,BA
78988,Displacement due to conflict,Lebanon,LBN,Mount Lebanon,LB3,Aley,LB31,60,2024-05-28T00:00:00,2024,5,36,Conflict,,,South,LB6,BA
80796,Displacement due to conflict,Lebanon,LBN,Baalbek-El Hermel,LB8,Baalbek,LB21,1534,2024-05-28T00:00:00,2024,5,36,Conflict,,,El Nabatieh,LB4,BA
97339,Displacement due to conflict,Lebanon,LBN,Bekaa,LB2,Zahle,LB25,234,2024-05-28T00:00:00,2024,5,36,Conflict,,,El Nabatieh,LB4,BA
92639,Displacement due to conflict,Lebanon,LBN,Mount Lebanon,LB3,Chouf,LB33,1885,2024-05-28T00:00:00,2024,5,36,Conflict,,,El Nabatieh,LB4,BA
87220,Displacement due to conflict,Lebanon,LBN,Baalbek-El Hermel,LB8,El Hermel,LB22,155,2024-05-28T00:00:00,2024,5,36,Conflict,,,Mount Lebanon,LB3,BA
86559,Displacement due to conflict,Lebanon,LBN,North,LB5,El Minieh-Dennie,LB55,6,2024-05-28T00:00:00,2024,5,36,Conflict,,,El Nabatieh,LB4,BA
99932,Displacement due to conflict,Lebanon,LBN,Bekaa,LB2,West Bekaa,LB24,453,2024-05-28T00:00:00,2024,5,36,Conflict,,,El Nabatieh,LB4,BA
117795,Displacement due to conflict,Lebanon,LBN,Mount Lebanon,LB3,El Meten,LB36,3247,2024-05-28T00:00:00,2024,5,36,Conflict,,,El Nabatieh,LB4,BA
120199,Displacement due to conflict,Lebanon,LBN,North,LB5,El Koura,LB54,6,2024-05-28T00:00:00,2024,5,36,Conflict,,,El Nabatieh,LB4,BA
121058,Displacement due to conflict,Lebanon,LBN,Bekaa,LB2,West Bekaa,LB24,453,2024-06-11T00:00:00,2024,6,37,Conflict,,,El Nabatieh,LB4,BA
113565,Displacement due to conflict,Lebanon,LBN,South,LB6,Saida,LB61,339,2024-06-11T00:00:00,2024,6,37,Conflict,,,South,LB6,BA
115597,Displacement due to conflict,Lebanon,LBN,Akkar,LB7,Akkar,LB51,94,2024-06-11T00:00:00,2024,6,37,Conflict,,,El Nabatieh,LB4,BA
115632,Displacement due to conflict,Lebanon,LBN,Bekaa,LB2,Rachaya,LB23,61,2024-06-11T00:00:00,2024,6,37,Conflict,,,South,LB6,BA
126910,Displacement due to conflict,Lebanon,LBN,Mount Lebanon,LB3,Aley,LB31,95,2024-06-11T00:00:00,2024,6,37,Conflict,,,Mount Lebanon,LB3,BA
130540,Displacement due to conflict,Lebanon,LBN,Baalbek-El Hermel,LB8,El Hermel,LB22,58,2024-06-11T00:00:00,2024,6,37,Conflict,,,El Nabatieh,LB4,BA
134806,Displacement due to conflict,Lebanon,LBN,Bekaa,LB2,Rachaya,LB23,227,2024-06-11T00:00:00,2024,6,37,Conflict,,,El Nabatieh,LB4,BA
100307,Displacement due to conflict,Lebanon,LBN,Mount Lebanon,LB3,Jbeil,LB34,453,2024-06-11T00:00:00,2024,6,37,Conflict,,,El Nabatieh,LB4,BA
105243,Displacement due to conflict,Lebanon,LBN,Baalbek-El Hermel,LB8,Baalbek,LB21,1554,2024-06-11T00:00:00,2024,6,37,Conflict,,,El Nabatieh,LB4,BA
103349,Displacement due to conflict,Lebanon,LBN,South,LB6,Saida,LB61,11053,2024-06-11T00:00:00,2024,6,37,Conflict,,,El Nabatieh,LB4,BA
87226,Displacement due to conflict,Lebanon,LBN,Bekaa,LB2,Zahle,LB25,184,2024-06-11T00:00:00,2024,6,37,Conflict,,,El Nabatieh,LB4,BA
84676,Displacement due to conflict,Lebanon,LBN,Mount Lebanon,LB3,El Meten,LB36,5,2024-06-11T00:00:00,2024,6,37,Conflict,,,South,LB6,BA
90527,Displacement due to conflict,Lebanon,LBN,El Nabatieh,LB4,Hasbaya,LB42,808,2024-06-11T00:00:00,2024,6,37,Conflict,,,El Nabatieh,LB4,BA
97412,Displacement due to conflict,Lebanon,LBN,Akkar,LB7,Akkar,LB51,6,2024-06-11T00:00:00,2024,6,37,Conflict,,,Baalbek-El Hermel,LB8,BA
81454,Displacement due to conflict,Lebanon,LBN,North,LB5,El Koura,LB54,6,2024-06-11T00:00:00,2024,6,37,Conflict,,,El Nabatieh,LB4,BA
75471,Displacement due to conflict,Lebanon,LBN,El Nabatieh,LB4,Marjaayoun,LB43,1726,2024-06-11T00:00:00,2024,6,37,Conflict,,,El Nabatieh,LB4,BA
58606,Displacement due to conflict,Lebanon,LBN,El Nabatieh,LB4,Bent Jbeil,LB41,5398,2024-06-11T00:00:00,2024,6,37,Conflict,,,El Nabatieh,LB4,BA
56854,Displacement due to conflict,Lebanon,LBN,South,LB6,Jezzine,LB62,37,2024-06-11T00:00:00,2024,6,37,Conflict,,,El Nabatieh,LB4,BA
60898,Displacement due to conflict,Lebanon,LBN,Mount Lebanon,LB3,Baabda,LB32,4,2024-06-11T00:00:00,2024,6,37,Conflict,,,South,LB6,BA
60576,Displacement due to conflict,Lebanon,LBN,Mount Lebanon,LB3,Chouf,LB33,290,2024-06-11T00:00:00,2024,6,37,Conflict,,,South,LB6,BA
64390,Displacement due to conflict,Lebanon,LBN,Mount Lebanon,LB3,Chouf,LB33,1918,2024-06-11T00:00:00,2024,6,37,Conflict,,,El Nabatieh,LB4,BA
63625,Displacement due to conflict,Lebanon,LBN,South,LB6,Sour,LB63,16728,2024-06-11T00:00:00,2024,6,37,Conflict,,,El Nabatieh,LB4,BA
67030,Displacement due to conflict,Lebanon,LBN,Mount Lebanon,LB3,Aley,LB31,60,2024-06-11T00:00:00,2024,6,37,Conflict,,,South,LB6,BA
30936,Displacement due to conflict,Lebanon,LBN,North,LB5,El Minieh-Dennie,LB55,6,2024-06-11T00:00:00,2024,6,37,Conflict,,,El Nabatieh,LB4,BA
32758,Displacement due to conflict,Lebanon,LBN,Mount Lebanon,LB3,Baabda,LB32,11269,2024-06-11T00:00:00,2024,6,37,Conflict,,,El Nabatieh,LB4,BA
37774,Displacement due to conflict,Lebanon,LBN,Mount Lebanon,LB3,Aley,LB31,4866,2024-06-11T00:00:00,2024,6,37,Conflict,,,El Nabatieh,LB4,BA
51754,Displacement due to conflict,Lebanon,LBN,North,LB5,El Batroun,LB52,26,2024-06-11T00:00:00,2024,6,37,Conflict,,,South,LB6,BA
47536,Displacement due to conflict,Lebanon,LBN,Mount Lebanon,LB3,El Meten,LB36,3347,2024-06-11T00:00:00,2024,6,37,Conflict,,,El Nabatieh,LB4,BA
48889,Displacement due to conflict,Lebanon,LBN,Bekaa,LB2,West Bekaa,LB24,60,2024-06-11T00:00:00,2024,6,37,Conflict,,,South,LB6,BA
48711,Displacement due to conflict,Lebanon,LBN,Mount Lebanon,LB3,Kesrwane,LB35,168,2024-06-11T00:00:00,2024,6,37,Conflict,,,El Nabatieh,LB4,BA
48760,Displacement due to conflict,Lebanon,LBN,Baalbek-El Hermel,LB8,El Hermel,LB22,155,2024-06-11T00:00:00,2024,6,37,Conflict,,,Mount Lebanon,LB3,BA
42790,Displacement due to conflict,Lebanon,LBN,Baalbek-El Hermel,LB8,Baalbek,LB21,24,2024-06-11T00:00:00,2024,6,37,Conflict,,,South,LB6,BA
5396,Displacement due to conflict,Lebanon,LBN,El Nabatieh,LB4,El Nabatieh,LB44,18398,2024-06-11T00:00:00,2024,6,37,Conflict,,,El Nabatieh,LB4,BA
8415,Displacement due to conflict,Lebanon,LBN,South,LB6,Sour,LB63,9746,2024-06-11T00:00:00,2024,6,37,Conflict,,,South,LB6,BA
8302,Displacement due to conflict,Lebanon,LBN,Akkar,LB7,Akkar,LB51,14,2024-06-11T00:00:00,2024,6,37,Conflict,,,South,LB6,BA
20575,Displacement due to conflict,Lebanon,LBN,Baalbek-El Hermel,LB8,Baalbek,LB21,4,2024-06-11T00:00:00,2024,6,37,Conflict,,,Mount Lebanon,LB3,BA
25297,Displacement due to conflict,Lebanon,LBN,Beirut,LB1,Beirut,LB11,5588,2024-06-11T00:00:00,2024,6,37,Conflict,,,El Nabatieh,LB4,BA
27796,Displacement due to conflict,Lebanon,LBN,Baalbek-El Hermel,LB8,El Hermel,LB22,150,2024-06-25T00:00:00,2024,6,38,Conflict,,,Mount Lebanon,LB3,BA
27549,Displacement due to conflict,Lebanon,LBN,Bekaa,LB2,Zahle,LB25,184,2024-06-25T00:00:00,2024,6,38,Conflict,,,El Nabatieh,LB4,BA
27254,Displacement due to conflict,Lebanon,LBN,South,LB6,Sour,LB63,10051,2024-06-25T00:00:00,2024,6,38,Conflict,,,South,LB6,BA
27638,Displacement due to conflict,Lebanon,LBN,Bekaa,LB2,Rachaya,LB23,61,2024-06-25T00:00:00,2024,6,38,Conflict,,,South,LB6,BA
19210,Displacement due to conflict,Lebanon,LBN,El Nabatieh,LB4,Bent Jbeil,LB41,5469,2024-06-25T00:00:00,2024,6,38,Conflict,,,El Nabatieh,LB4,BA
8450,Displacement due to conflict,Lebanon,LBN,Bekaa,LB2,West Bekaa,LB24,478,2024-06-25T00:00:00,2024,6,38,Conflict,,,El Nabatieh,LB4,BA
11739,Displacement due to conflict,Lebanon,LBN,Akkar,LB7,Akkar,LB51,108,2024-06-25T00:00:00,2024,6,38,Conflict,,,El Nabatieh,LB4,BA
5712,Displacement due to conflict,Lebanon,LBN,South,LB6,Sour,LB63,17051,2024-06-25T00:00:00,2024,6,38,Conflict,,,El Nabatieh,LB4,BA
1239,Displacement due to conflict,Lebanon,LBN,Mount Lebanon,LB3,Jbeil,LB34,439,2024-06-25T00:00:00,2024,6,38,Conflict,,,El Nabatieh,LB4,BA
2473,Displacement due to conflict,Lebanon,LBN,Mount Lebanon,LB3,Baabda,LB32,4,2024-06-25T00:00:00,2024,6,38,Conflict,,,South,LB6,BA
3051,Displacement due to conflict,Lebanon,LBN,North,LB5,El Minieh-Dennie,LB55,6,2024-06-25T00:00:00,2024,6,38,Conflict,,,El Nabatieh,LB4,BA
42612,Displacement due to conflict,Lebanon,LBN,Mount Lebanon,LB3,Aley,LB31,65,2024-06-25T00:00:00,2024,6,38,Conflict,,,South,LB6,BA
43188,Displacement due to conflict,Lebanon,LBN,Beirut,LB1,Beirut,LB11,6268,2024-06-25T00:00:00,2024,6,38,Conflict,,,El Nabatieh,LB4,BA
48202,Displacement due to conflict,Lebanon,LBN,Mount Lebanon,LB3,Chouf,LB33,288,2024-06-25T00:00:00,2024,6,38,Conflict,,,South,LB6,BA
54316,Displacement due to conflict,Lebanon,LBN,Mount Lebanon,LB3,Kesrwane,LB35,168,2024-06-25T00:00:00,2024,6,38,Conflict,,,El Nabatieh,LB4,BA
54366,Displacement due to conflict,Lebanon,LBN,South,LB6,Saida,LB61,11111,2024-06-25T00:00:00,2024,6,38,Conflict,,,El Nabatieh,LB4,BA
34146,Displacement due to conflict,Lebanon,LBN,Mount Lebanon,LB3,Chouf,LB33,1960,2024-06-25T00:00:00,2024,6,38,Conflict,,,El Nabatieh,LB4,BA
30081,Displacement due to conflict,Lebanon,LBN,South,LB6,Saida,LB61,340,2024-06-25T00:00:00,2024,6,38,Conflict,,,South,LB6,BA
64416,Displacement due to conflict,Lebanon,LBN,Baalbek-El Hermel,LB8,Baalbek,LB21,1597,2024-06-25T00:00:00,2024,6,38,Conflict,,,El Nabatieh,LB4,BA
67861,Displacement due to conflict,Lebanon,LBN,South,LB6,Jezzine,LB62,32,2024-06-25T00:00:00,2024,6,38,Conflict,,,El Nabatieh,LB4,BA
75116,Displacement due to conflict,Lebanon,LBN,Mount Lebanon,LB3,El Meten,LB36,3326,2024-06-25T00:00:00,2024,6,38,Conflict,,,El Nabatieh,LB4,BA
76244,Displacement due to conflict,Lebanon,LBN,Baalbek-El Hermel,LB8,Baalbek,LB21,24,2024-06-25T00:00:00,2024,6,38,Conflict,,,South,LB6,BA
72004,Displacement due to conflict,Lebanon,LBN,North,LB5,El Koura,LB54,6,2024-06-25T00:00:00,2024,6,38,Conflict,,,El Nabatieh,LB4,BA
82190,Displacement due to conflict,Lebanon,LBN,Akkar,LB7,Akkar,LB51,6,2024-06-25T00:00:00,2024,6,38,Conflict,,,Baalbek-El Hermel,LB8,BA
79453,Displacement due to conflict,Lebanon,LBN,Mount Lebanon,LB3,Aley,LB31,95,2024-06-25T00:00:00,2024,6,38,Conflict,,,Mount Lebanon,LB3,BA
97224,Displacement due to conflict,Lebanon,LBN,North,LB5,El Batroun,LB52,26,2024-06-25T00:00:00,2024,6,38,Conflict,,,South,LB6,BA
95122,Displacement due to conflict,Lebanon,LBN,Baalbek-El Hermel,LB8,Baalbek,LB21,4,2024-06-25T00:00:00,2024,6,38,Conflict,,,Mount Lebanon,LB3,BA
90716,Displacement due to conflict,Lebanon,LBN,Bekaa,LB2,West Bekaa,LB24,60,2024-06-25T00:00:00,2024,6,38,Conflict,,,South,LB6,BA
89638,Displacement due to conflict,Lebanon,LBN,El Nabatieh,LB4,El Nabatieh,LB44,18326,2024-06-25T00:00:00,2024,6,38,Conflict,,,El Nabatieh,LB4,BA
100981,Displacement due to conflict,Lebanon,LBN,Baalbek-El Hermel,LB8,El Hermel,LB22,58,2024-06-25T00:00:00,2024,6,38,Conflict,,,El Nabatieh,LB4,BA
106747,Displacement due to conflict,Lebanon,LBN,Bekaa,LB2,Rachaya,LB23,221,2024-06-25T00:00:00,2024,6,38,Conflict,,,El Nabatieh,LB4,BA
130731,Displacement due to conflict,Lebanon,LBN,Akkar,LB7,Akkar,LB51,14,2024-06-25T00:00:00,2024,6,38,Conflict,,,South,LB6,BA
128525,Displacement due to conflict,Lebanon,LBN,Mount Lebanon,LB3,El Meten,LB36,5,2024-06-25T00:00:00,2024,6,38,Conflict,,,South,LB6,BA
116167,Displacement due to conflict,Lebanon,LBN,El Nabatieh,LB4,Hasbaya,LB42,857,2024-06-25T00:00:00,2024,6,38,Conflict,,,El Nabatieh,LB4,BA
118327,Displacement due to conflict,Lebanon,LBN,Mount Lebanon,LB3,Aley,LB31,4896,2024-06-25T00:00:00,2024,6,38,Conflict,,,El Nabatieh,LB4,BA
122175,Displacement due to conflict,Lebanon,LBN,Mount Lebanon,LB3,Baabda,LB32,11299,2024-06-25T00:00:00,2024,6,38,Conflict,,,El Nabatieh,LB4,BA
125957,Displacement due to conflict,Lebanon,LBN,El Nabatieh,LB4,Marjaayoun,LB43,1776,2024-06-25T00:00:00,2024,6,38,Conflict,,,El Nabatieh,LB4,BA
125480,Displacement due to conflict,Lebanon,LBN,South,LB6,Sour,LB63,17176,2024-07-09T00:00:00,2024,7,39,Conflict,,,El Nabatieh,LB4,BA
118140,Displacement due to conflict,Lebanon,LBN,Bekaa,LB2,Rachaya,LB23,183,2024-07-09T00:00:00,2024,7,39,Conflict,,,El Nabatieh,LB4,BA
117027,Displacement due to conflict,Lebanon,LBN,Mount Lebanon,LB3,Baabda,LB32,4,2024-07-09T00:00:00,2024,7,39,Conflict,,,South,LB6,BA
115464,Displacement due to conflict,Lebanon,LBN,South,LB6,Sour,LB63,10103,2024-07-09T00:00:00,2024,7,39,Conflict,,,South,LB6,BA
133733,Displacement due to conflict,Lebanon,LBN,Bekaa,LB2,West Bekaa,LB24,463,2024-07-09T00:00:00,2024,7,39,Conflict,,,El Nabatieh,LB4,BA
100033,Displacement due to conflict,Lebanon,LBN,Baalbek-El Hermel,LB8,El Hermel,LB22,58,2024-07-09T00:00:00,2024,7,39,Conflict,,,El Nabatieh,LB4,BA
103662,Displacement due to conflict,Lebanon,LBN,Baalbek-El Hermel,LB8,El Hermel,LB22,150,2024-07-09T00:00:00,2024,7,39,Conflict,,,Mount Lebanon,LB3,BA
103791,Displacement due to conflict,Lebanon,LBN,Baalbek-El Hermel,LB8,Baalbek,LB21,1608,2024-07-09T00:00:00,2024,7,39,Conflict,,,El Nabatieh,LB4,BA
105930,Displacement due to conflict,Lebanon,LBN,Akkar,LB7,Akkar,LB51,109,2024-07-09T00:00:00,2024,7,39,Conflict,,,El Nabatieh,LB4,BA
104089,Displacement due to conflict,Lebanon,LBN,El Nabatieh,LB4,Hasbaya,LB42,851,2024-07-09T00:00:00,2024,7,39,Conflict,,,El Nabatieh,LB4,BA
89479,Displacement due to conflict,Lebanon,LBN,Bekaa,LB2,Zahle,LB25,184,2024-07-09T00:00:00,2024,7,39,Conflict,,,El Nabatieh,LB4,BA
90859,Displacement due to conflict,Lebanon,LBN,Mount Lebanon,LB3,Chouf,LB33,1955,2024-07-09T00:00:00,2024,7,39,Conflict,,,El Nabatieh,LB4,BA
87155,Displacement due to conflict,Lebanon,LBN,El Nabatieh,LB4,Bent Jbeil,LB41,5659,2024-07-09T00:00:00,2024,7,39,Conflict,,,El Nabatieh,LB4,BA
96474,Displacement due to conflict,Lebanon,LBN,South,LB6,Jezzine,LB62,27,2024-07-09T00:00:00,2024,7,39,Conflict,,,El Nabatieh,LB4,BA
95827,Displacement due to conflict,Lebanon,LBN,Mount Lebanon,LB3,El Meten,LB36,3326,2024-07-09T00:00:00,2024,7,39,Conflict,,,El Nabatieh,LB4,BA
79393,Displacement due to conflict,Lebanon,LBN,North,LB5,El Koura,LB54,6,2024-07-09T00:00:00,2024,7,39,Conflict,,,El Nabatieh,LB4,BA
79841,Displacement due to conflict,Lebanon,LBN,Mount Lebanon,LB3,Baabda,LB32,11319,2024-07-09T00:00:00,2024,7,39,Conflict,,,El Nabatieh,LB4,BA
79954,Displacement due to conflict,Lebanon,LBN,Mount Lebanon,LB3,Aley,LB31,120,2024-07-09T00:00:00,2024,7,39,Conflict,,,Mount Lebanon,LB3,BA
76416,Displacement due to conflict,Lebanon,LBN,El Nabatieh,LB4,El Nabatieh,LB44,19140,2024-07-09T00:00:00,2024,7,39,Conflict,,,El Nabatieh,LB4,BA
74957,Displacement due to conflict,Lebanon,LBN,El Nabatieh,LB4,Marjaayoun,LB43,1801,2024-07-09T00:00:00,2024,7,39,Conflict,,,El Nabatieh,LB4,BA
68135,Displacement due to conflict,Lebanon,LBN,Bekaa,LB2,West Bekaa,LB24,60,2024-07-09T00:00:00,2024,7,39,Conflict,,,South,LB6,BA
71133,Displacement due to conflict,Lebanon,LBN,South,LB6,Saida,LB61,342,2024-07-09T00:00:00,2024,7,39,Conflict,,,South,LB6,BA
63039,Displacement due to conflict,Lebanon,LBN,Bekaa,LB2,Rachaya,LB23,61,2024-07-09T00:00:00,2024,7,39,Conflict,,,South,LB6,BA
31285,Displacement due to conflict,Lebanon,LBN,Mount Lebanon,LB3,El Meten,LB36,7,2024-07-09T00:00:00,2024,7,39,Conflict,,,South,LB6,BA
34846,Displacement due to conflict,Lebanon,LBN,South,LB6,Saida,LB61,11111,2024-07-09T00:00:00,2024,7,39,Conflict,,,El Nabatieh,LB4,BA
32462,Displacement due to conflict,Lebanon,LBN,Akkar,LB7,Akkar,LB51,16,2024-07-09T00:00:00,2024,7,39,Conflict,,,South,LB6,BA
33524,Displacement due to conflict,Lebanon,LBN,Mount Lebanon,LB3,Aley,LB31,4896,2024-07-09T00:00:00,2024,7,39,Conflict,,,El Nabatieh,LB4,BA
52056,Displacement due to conflict,Lebanon,LBN,Mount Lebanon,LB3,Chouf,LB33,286,2024-07-09T00:00:00,2024,7,39,Conflict,,,South,LB6,BA
51443,Displacement due to conflict,Lebanon,LBN,Baalbek-El Hermel,LB8,Baalbek,LB21,4,2024-07-09T00:00:00,2024,7,39,Conflict,,,Mount Lebanon,LB3,BA
46397,Displacement due to conflict,Lebanon,LBN,North,LB5,El Minieh-Dennie,LB55,6,2024-07-09T00:00:00,2024,7,39,Conflict,,,El Nabatieh,LB4,BA
1371,Displacement due to conflict,Lebanon,LBN,North,LB5,El Batroun,LB52,26,2024-07-09T00:00:00,2024,7,39,Conflict,,,South,LB6,BA
11920,Displacement due to conflict,Lebanon,LBN,Mount Lebanon,LB3,Aley,LB31,65,2024-07-09T00:00:00,2024,7,39,Conflict,,,South,LB6,BA
13427,Displacement due to conflict,Lebanon,LBN,Mount Lebanon,LB3,Kesrwane,LB35,167,2024-07-09T00:00:00,2024,7,39,Conflict,,,El Nabatieh,LB4,BA
10220,Displacement due to conflict,Lebanon,LBN,Beirut,LB1,Beirut,LB11,6268,2024-07-09T00:00:00,2024,7,39,Conflict,,,El Nabatieh,LB4,BA
10364,Displacement due to conflict,Lebanon,LBN,Akkar,LB7,Akkar,LB51,6,2024-07-09T00:00:00,2024,7,39,Conflict,,,Baalbek-El Hermel,LB8,BA
18124,Displacement due to conflict,Lebanon,LBN,Mount Lebanon,LB3,Jbeil,LB34,439,2024-07-09T00:00:00,2024,7,39,Conflict,,,El Nabatieh,LB4,BA
16316,Displacement due to conflict,Lebanon,LBN,North,LB5,El Batroun,LB52,26,2024-07-23T00:00:00,2024,7,40,Conflict,,,South,LB6,BA
15710,Displacement due to conflict,Lebanon,LBN,Bekaa,LB2,Zahle,LB25,190,2024-07-23T00:00:00,2024,7,40,Conflict,,,El Nabatieh,LB4,BA
18213,Displacement due to conflict,Lebanon,LBN,Baalbek-El Hermel,LB8,Baalbek,LB21,13,2024-07-23T00:00:00,2024,7,40,Conflict,,,South,LB6,BA
27764,Displacement due to conflict,Lebanon,LBN,Baalbek-El Hermel,LB8,El Hermel,LB22,58,2024-07-23T00:00:00,2024,7,40,Conflict,,,El Nabatieh,LB4,BA
27128,Displacement due to conflict,Lebanon,LBN,Akkar,LB7,Akkar,LB51,13,2024-07-23T00:00:00,2024,7,40,Conflict,,,South,LB6,BA
22889,Displacement due to conflict,Lebanon,LBN,El Nabatieh,LB4,Bent Jbeil,LB41,5619,2024-07-23T00:00:00,2024,7,40,Conflict,,,El Nabatieh,LB4,BA
24220,Displacement due to conflict,Lebanon,LBN,Baalbek-El Hermel,LB8,Baalbek,LB21,1624,2024-07-23T00:00:00,2024,7,40,Conflict,,,El Nabatieh,LB4,BA
11993,Displacement due to conflict,Lebanon,LBN,Baalbek-El Hermel,LB8,Baalbek,LB21,4,2024-07-23T00:00:00,2024,7,40,Conflict,,,Mount Lebanon,LB3,BA
11160,Displacement due to conflict,Lebanon,LBN,Akkar,LB7,Akkar,LB51,6,2024-07-23T00:00:00,2024,7,40,Conflict,,,Baalbek-El Hermel,LB8,BA
3417,Displacement due to conflict,Lebanon,LBN,Baalbek-El Hermel,LB8,El Hermel,LB22,150,2024-07-23T00:00:00,2024,7,40,Conflict,,,Mount Lebanon,LB3,BA
6685,Displacement due to conflict,Lebanon,LBN,South,LB6,Saida,LB61,10998,2024-07-23T00:00:00,2024,7,40,Conflict,,,El Nabatieh,LB4,BA
42624,Displacement due to conflict,Lebanon,LBN,Mount Lebanon,LB3,El Meten,LB36,3326,2024-07-23T00:00:00,2024,7,40,Conflict,,,El Nabatieh,LB4,BA
49348,Displacement due to conflict,Lebanon,LBN,Bekaa,LB2,West Bekaa,LB24,463,2024-07-23T00:00:00,2024,7,40,Conflict,,,El Nabatieh,LB4,BA
34129,Displacement due to conflict,Lebanon,LBN,Mount Lebanon,LB3,Jbeil,LB34,429,2024-07-23T00:00:00,2024,7,40,Conflict,,,El Nabatieh,LB4,BA
31484,Displacement due to conflict,Lebanon,LBN,Mount Lebanon,LB3,Baabda,LB32,4,2024-07-23T00:00:00,2024,7,40,Conflict,,,South,LB6,BA
37020,Displacement due to conflict,Lebanon,LBN,Mount Lebanon,LB3,Chouf,LB33,1987,2024-07-23T00:00:00,2024,7,40,Conflict,,,El Nabatieh,LB4,BA
62698,Displacement due to conflict,Lebanon,LBN,Mount Lebanon,LB3,El Meten,LB36,37,2024-07-23T00:00:00,2024,7,40,Conflict,,,South,LB6,BA
62560,Displacement due to conflict,Lebanon,LBN,North,LB5,El Koura,LB54,6,2024-07-23T00:00:00,2024,7,40,Conflict,,,El Nabatieh,LB4,BA
57540,Displacement due to conflict,Lebanon,LBN,Mount Lebanon,LB3,Aley,LB31,4926,2024-07-23T00:00:00,2024,7,40,Conflict,,,El Nabatieh,LB4,BA
58831,Displacement due to conflict,Lebanon,LBN,El Nabatieh,LB4,Hasbaya,LB42,856,2024-07-23T00:00:00,2024,7,40,Conflict,,,El Nabatieh,LB4,BA
69782,Displacement due to conflict,Lebanon,LBN,Beirut,LB1,Beirut,LB11,6268,2024-07-23T00:00:00,2024,7,40,Conflict,,,El Nabatieh,LB4,BA
75218,Displacement due to conflict,Lebanon,LBN,Akkar,LB7,Akkar,LB51,116,2024-07-23T00:00:00,2024,7,40,Conflict,,,El Nabatieh,LB4,BA
76072,Displacement due to conflict,Lebanon,LBN,Mount Lebanon,LB3,Chouf,LB33,280,2024-07-23T00:00:00,2024,7,40,Conflict,,,South,LB6,BA
71416,Displacement due to conflict,Lebanon,LBN,South,LB6,Saida,LB61,342,2024-07-23T00:00:00,2024,7,40,Conflict,,,South,LB6,BA
78367,Displacement due to conflict,Lebanon,LBN,Mount Lebanon,LB3,Aley,LB31,65,2024-07-23T00:00:00,2024,7,40,Conflict,,,South,LB6,BA
92523,Displacement due to conflict,Lebanon,LBN,South,LB6,Sour,LB63,10531,2024-07-23T00:00:00,2024,7,40,Conflict,,,South,LB6,BA
87906,Displacement due to conflict,Lebanon,LBN,Mount Lebanon,LB3,Baabda,LB32,11331,2024-07-23T00:00:00,2024,7,40,Conflict,,,El Nabatieh,LB4,BA
85094,Displacement due to conflict,Lebanon,LBN,South,LB6,Sour,LB63,17289,2024-07-23T00:00:00,2024,7,40,Conflict,,,El Nabatieh,LB4,BA
99601,Displacement due to conflict,Lebanon,LBN,Mount Lebanon,LB3,Aley,LB31,120,2024-07-23T00:00:00,2024,7,40,Conflict,,,Mount Lebanon,LB3,BA
108605,Displacement due to conflict,Lebanon,LBN,Bekaa,LB2,Rachaya,LB23,242,2024-07-23T00:00:00,2024,7,40,Conflict,,,El Nabatieh,LB4,BA
111267,Displacement due to conflict,Lebanon,LBN,El Nabatieh,LB4,El Nabatieh,LB44,19362,2024-07-23T00:00:00,2024,7,40,Conflict,,,El Nabatieh,LB4,BA
131887,Displacement due to conflict,Lebanon,LBN,South,LB6,Jezzine,LB62,34,2024-07-23T00:00:00,2024,7,40,Conflict,,,El Nabatieh,LB4,BA
130372,Displacement due to conflict,Lebanon,LBN,El Nabatieh,LB4,Marjaayoun,LB43,1880,2024-07-23T00:00:00,2024,7,40,Conflict,,,El Nabatieh,LB4,BA
116375,Displacement due to conflict,Lebanon,LBN,Mount Lebanon,LB3,Kesrwane,LB35,149,2024-07-23T00:00:00,2024,7,40,Conflict,,,El Nabatieh,LB4,BA
123139,Displacement due to conflict,Lebanon,LBN,North,LB5,El Minieh-Dennie,LB55,6,2024-07-23T00:00:00,2024,7,40,Conflict,,,El Nabatieh,LB4,BA
125526,Displacement due to conflict,Lebanon,LBN,Bekaa,LB2,Zahle,LB25,2,2024-08-08T00:00:00,2024,8,41,Conflict,,,South,LB6,BA
122544,Displacement due to conflict,Lebanon,LBN,El Nabatieh,LB4,Bent Jbeil,LB41,5807,2024-08-08T00:00:00,2024,8,41,Conflict,,,El Nabatieh,LB4,BA
122821,Displacement due to conflict,Lebanon,LBN,Mount Lebanon,LB3,Jbeil,LB34,424,2024-08-08T00:00:00,2024,8,41,Conflict,,,El Nabatieh,LB4,BA
129099,Displacement due to conflict,Lebanon,LBN,Beirut,LB1,Beirut,LB11,5,2024-08-08T00:00:00,2024,8,41,Conflict,,,Mount Lebanon,LB3,BA
127013,Displacement due to conflict,Lebanon,LBN,Bekaa,LB2,Zahle,LB25,72,2024-08-08T00:00:00,2024,8,41,Conflict,,,Beirut,LB1,BA
127582,Displacement due to conflict,Lebanon,LBN,Mount Lebanon,LB3,Baabda,LB32,12,2024-08-08T00:00:00,2024,8,41,Conflict,,,Mount Lebanon,LB3,BA
140385,Displacement due to conflict,Lebanon,LBN,South,LB6,Saida,LB61,347,2024-08-08T00:00:00,2024,8,41,Conflict,,,South,LB6,BA
138842,Displacement due to conflict,Lebanon,LBN,South,LB6,Sour,LB63,17456,2024-08-08T00:00:00,2024,8,41,Conflict,,,El Nabatieh,LB4,BA
106308,Displacement due to conflict,Lebanon,LBN,Beirut,LB1,Beirut,LB11,6845,2024-08-08T00:00:00,2024,8,41,Conflict,,,El Nabatieh,LB4,BA
106329,Displacement due to conflict,Lebanon,LBN,Mount Lebanon,LB3,Aley,LB31,227,2024-08-08T00:00:00,2024,8,41,Conflict,,,Mount Lebanon,LB3,BA
99562,Displacement due to conflict,Lebanon,LBN,El Nabatieh,LB4,El Nabatieh,LB44,19906,2024-08-08T00:00:00,2024,8,41,Conflict,,,El Nabatieh,LB4,BA
85418,Displacement due to conflict,Lebanon,LBN,Baalbek-El Hermel,LB8,El Hermel,LB22,83,2024-08-08T00:00:00,2024,8,41,Conflict,,,El Nabatieh,LB4,BA
89107,Displacement due to conflict,Lebanon,LBN,Akkar,LB7,Akkar,LB51,21,2024-08-08T00:00:00,2024,8,41,Conflict,,,South,LB6,BA
92555,Displacement due to conflict,Lebanon,LBN,South,LB6,Sour,LB63,10594,2024-08-08T00:00:00,2024,8,41,Conflict,,,South,LB6,BA
72760,Displacement due to conflict,Lebanon,LBN,Bekaa,LB2,Zahle,LB25,198,2024-08-08T00:00:00,2024,8,41,Conflict,,,El Nabatieh,LB4,BA
74808,Displacement due to conflict,Lebanon,LBN,North,LB5,El Batroun,LB52,26,2024-08-08T00:00:00,2024,8,41,Conflict,,,South,LB6,BA
75443,Displacement due to conflict,Lebanon,LBN,Mount Lebanon,LB3,Baabda,LB32,11547,2024-08-08T00:00:00,2024,8,41,Conflict,,,El Nabatieh,LB4,BA
70425,Displacement due to conflict,Lebanon,LBN,Mount Lebanon,LB3,El Meten,LB36,3631,2024-08-08T00:00:00,2024,8,41,Conflict,,,El Nabatieh,LB4,BA
70775,Displacement due to conflict,Lebanon,LBN,Mount Lebanon,LB3,Jbeil,LB34,110,2024-08-08T00:00:00,2024,8,41,Conflict,,,Mount Lebanon,LB3,BA
68868,Displacement due to conflict,Lebanon,LBN,Bekaa,LB2,Rachaya,LB23,238,2024-08-08T00:00:00,2024,8,41,Conflict,,,El Nabatieh,LB4,BA
66366,Displacement due to conflict,Lebanon,LBN,Mount Lebanon,LB3,Aley,LB31,105,2024-08-08T00:00:00,2024,8,41,Conflict,,,South,LB6,BA
66509,Displacement due to conflict,Lebanon,LBN,North,LB5,El Koura,LB54,6,2024-08-08T00:00:00,2024,8,41,Conflict,,,El Nabatieh,LB4,BA
60139,Displacement due to conflict,Lebanon,LBN,El Nabatieh,LB4,Hasbaya,LB42,814,2024-08-08T00:00:00,2024,8,41,Conflict,,,El Nabatieh,LB4,BA
63432,Displacement due to conflict,Lebanon,LBN,Baalbek-El Hermel,LB8,El Hermel,LB22,145,2024-08-08T00:00:00,2024,8,41,Conflict,,,Mount Lebanon,LB3,BA
62718,Displacement due to conflict,Lebanon,LBN,Baalbek-El Hermel,LB8,Baalbek,LB21,13,2024-08-08T00:00:00,2024,8,41,Conflict,,,South,LB6,BA
37543,Displacement due to conflict,Lebanon,LBN,Mount Lebanon,LB3,Chouf,LB33,4,2024-08-08T00:00:00,2024,8,41,Conflict,,,Beirut,LB1,BA
42327,Displacement due to conflict,Lebanon,LBN,Mount Lebanon,LB3,Jbeil,LB34,35,2024-08-08T00:00:00,2024,8,41,Conflict,,,South,LB6,BA
39445,Displacement due to conflict,Lebanon,LBN,Baalbek-El Hermel,LB8,Baalbek,LB21,137,2024-08-08T00:00:00,2024,8,41,Conflict,,,Mount Lebanon,LB3,BA
30188,Displacement due to conflict,Lebanon,LBN,Bekaa,LB2,West Bekaa,LB24,463,2024-08-08T00:00:00,2024,8,41,Conflict,,,El Nabatieh,LB4,BA
29118,Displacement due to conflict,Lebanon,LBN,Baalbek-El Hermel,LB8,Baalbek,LB21,1626,2024-08-08T00:00:00,2024,8,41,Conflict,,,El Nabatieh,LB4,BA
32770,Displacement due to conflict,Lebanon,LBN,Mount Lebanon,LB3,Chouf,LB33,348,2024-08-08T00:00:00,2024,8,41,Conflict,,,South,LB6,BA
49432,Displacement due to conflict,Lebanon,LBN,North,LB5,Zgharta,LB57,15,2024-08-08T00:00:00,2024,8,41,Conflict,,,South,LB6,BA
42987,Displacement due to conflict,Lebanon,LBN,Mount Lebanon,LB3,El Meten,LB36,43,2024-08-08T00:00:00,2024,8,41,Conflict,,,South,LB6,BA
46203,Displacement due to conflict,Lebanon,LBN,El Nabatieh,LB4,Marjaayoun,LB43,1904,2024-08-08T00:00:00,2024,8,41,Conflict,,,El Nabatieh,LB4,BA
47629,Displacement due to conflict,Lebanon,LBN,Bekaa,LB2,Rachaya,LB23,8,2024-08-08T00:00:00,2024,8,41,Conflict,,,Beirut,LB1,BA
6889,Displacement due to conflict,Lebanon,LBN,Mount Lebanon,LB3,Kesrwane,LB35,215,2024-08-08T00:00:00,2024,8,41,Conflict,,,El Nabatieh,LB4,BA
7131,Displacement due to conflict,Lebanon,LBN,Akkar,LB7,Akkar,LB51,116,2024-08-08T00:00:00,2024,8,41,Conflict,,,El Nabatieh,LB4,BA
3808,Displacement due to conflict,Lebanon,LBN,Mount Lebanon,LB3,Aley,LB31,5505,2024-08-08T00:00:00,2024,8,41,Conflict,,,El Nabatieh,LB4,BA
8024,Displacement due to conflict,Lebanon,LBN,South,LB6,Jezzine,LB62,29,2024-08-08T00:00:00,2024,8,41,Conflict,,,El Nabatieh,LB4,BA
26856,Displacement due to conflict,Lebanon,LBN,Mount Lebanon,LB3,Baabda,LB32,4,2024-08-08T00:00:00,2024,8,41,Conflict,,,South,LB6,BA
26073,Displacement due to conflict,Lebanon,LBN,Akkar,LB7,Akkar,LB51,50,2024-08-08T00:00:00,2024,8,41,Conflict,,,Beirut,LB1,BA
28406,Displacement due to conflict,Lebanon,LBN,South,LB6,Saida,LB61,11272,2024-08-08T00:00:00,2024,8,41,Conflict,,,El Nabatieh,LB4,BA
19386,Displacement due to conflict,Lebanon,LBN,Mount Lebanon,LB3,Chouf,LB33,2115,2024-08-08T00:00:00,2024,8,41,Conflict,,,El Nabatieh,LB4,BA
20574,Displacement due to conflict,Lebanon,LBN,Bekaa,LB2,Zahle,LB25,243,2024-08-15T00:00:00,2024,8,42,Conflict,,,Beirut,LB1,BA
14937,Displacement due to conflict,Lebanon,LBN,El Nabatieh,LB4,Hasbaya,LB42,824,2024-08-15T00:00:00,2024,8,42,Conflict,,,El Nabatieh,LB4,BA
23312,Displacement due to conflict,Lebanon,LBN,Mount Lebanon,LB3,Aley,LB31,119,2024-08-15T00:00:00,2024,8,42,Conflict,,,South,LB6,BA
21857,Displacement due to conflict,Lebanon,LBN,Mount Lebanon,LB3,Baabda,LB32,333,2024-08-15T00:00:00,2024,8,42,Conflict,,,South,LB6,BA
7845,Displacement due to conflict,Lebanon,LBN,Mount Lebanon,LB3,El Meten,LB36,3865,2024-08-15T00:00:00,2024,8,42,Conflict,,,El Nabatieh,LB4,BA
12327,Displacement due to conflict,Lebanon,LBN,Baalbek-El Hermel,LB8,Baalbek,LB21,625,2024-08-15T00:00:00,2024,8,42,Conflict,,,Beirut,LB1,BA
13363,Displacement due to conflict,Lebanon,LBN,South,LB6,Saida,LB61,10825,2024-08-15T00:00:00,2024,8,42,Conflict,,,El Nabatieh,LB4,BA
13088,Displacement due to conflict,Lebanon,LBN,South,LB6,Sour,LB63,10646,2024-08-15T00:00:00,2024,8,42,Conflict,,,South,LB6,BA
12767,Displacement due to conflict,Lebanon,LBN,Baalbek-El Hermel,LB8,Baalbek,LB21,1877,2024-08-15T00:00:00,2024,8,42,Conflict,,,El Nabatieh,LB4,BA
12790,Displacement due to conflict,Lebanon,LBN,Mount Lebanon,LB3,Jbeil,LB34,453,2024-08-15T00:00:00,2024,8,42,Conflict,,,Mount Lebanon,LB3,BA
3687,Displacement due to conflict,Lebanon,LBN,Mount Lebanon,LB3,El Meten,LB36,78,2024-08-15T00:00:00,2024,8,42,Conflict,,,South,LB6,BA
1535,Displacement due to conflict,Lebanon,LBN,Mount Lebanon,LB3,Baabda,LB32,42,2024-08-15T00:00:00,2024,8,42,Conflict,,,Beirut,LB1,BA
7623,Displacement due to conflict,Lebanon,LBN,Baalbek-El Hermel,LB8,Baalbek,LB21,21,2024-08-15T00:00:00,2024,8,42,Conflict,,,South,LB6,BA
3590,Displacement due to conflict,Lebanon,LBN,El Nabatieh,LB4,Bent Jbeil,LB41,5825,2024-08-15T00:00:00,2024,8,42,Conflict,,,El Nabatieh,LB4,BA
48433,Displacement due to conflict,Lebanon,LBN,Mount Lebanon,LB3,Jbeil,LB34,1115,2024-08-15T00:00:00,2024,8,42,Conflict,,,El Nabatieh,LB4,BA
49277,Displacement due to conflict,Lebanon,LBN,Mount Lebanon,LB3,Chouf,LB33,427,2024-08-15T00:00:00,2024,8,42,Conflict,,,South,LB6,BA
45685,Displacement due to conflict,Lebanon,LBN,South,LB6,Jezzine,LB62,29,2024-08-15T00:00:00,2024,8,42,Conflict,,,El Nabatieh,LB4,BA
44067,Displacement due to conflict,Lebanon,LBN,Bekaa,LB2,Rachaya,LB23,8,2024-08-15T00:00:00,2024,8,42,Conflict,,,Beirut,LB1,BA
50985,Displacement due to conflict,Lebanon,LBN,Beirut,LB1,Beirut,LB11,7604,2024-08-15T00:00:00,2024,8,42,Conflict,,,El Nabatieh,LB4,BA
52788,Displacement due to conflict,Lebanon,LBN,Bekaa,LB2,West Bekaa,LB24,588,2024-08-15T00:00:00,2024,8,42,Conflict,,,El Nabatieh,LB4,BA
52193,Displacement due to conflict,Lebanon,LBN,Bekaa,LB2,Zahle,LB25,2,2024-08-15T00:00:00,2024,8,42,Conflict,,,South,LB6,BA
32653,Displacement due to conflict,Lebanon,LBN,North,LB5,El Batroun,LB52,39,2024-08-15T00:00:00,2024,8,42,Conflict,,,South,LB6,BA
33389,Displacement due to conflict,Lebanon,LBN,Mount Lebanon,LB3,Kesrwane,LB35,15,2024-08-15T00:00:00,2024,8,42,Conflict,,,South,LB6,BA
42384,Displacement due to conflict,Lebanon,LBN,Mount Lebanon,LB3,Jbeil,LB34,65,2024-08-15T00:00:00,2024,8,42,Conflict,,,South,LB6,BA
41805,Displacement due to conflict,Lebanon,LBN,North,LB5,El Koura,LB54,6,2024-08-15T00:00:00,2024,8,42,Conflict,,,El Nabatieh,LB4,BA
38766,Displacement due to conflict,Lebanon,LBN,Baalbek-El Hermel,LB8,El Hermel,LB22,260,2024-08-15T00:00:00,2024,8,42,Conflict,,,Mount Lebanon,LB3,BA
36926,Displacement due to conflict,Lebanon,LBN,Mount Lebanon,LB3,Aley,LB31,5744,2024-08-15T00:00:00,2024,8,42,Conflict,,,El Nabatieh,LB4,BA
60161,Displacement due to conflict,Lebanon,LBN,North,LB5,El Minieh-Dennie,LB55,58,2024-08-15T00:00:00,2024,8,42,Conflict,,,South,LB6,BA
65530,Displacement due to conflict,Lebanon,LBN,Baalbek-El Hermel,LB8,El Hermel,LB22,73,2024-08-15T00:00:00,2024,8,42,Conflict,,,El Nabatieh,LB4,BA
68902,Displacement due to conflict,Lebanon,LBN,Mount Lebanon,LB3,Baabda,LB32,11701,2024-08-15T00:00:00,2024,8,42,Conflict,,,El Nabatieh,LB4,BA
77343,Displacement due to conflict,Lebanon,LBN,South,LB6,Saida,LB61,991,2024-08-15T00:00:00,2024,8,42,Conflict,,,South,LB6,BA
77086,Displacement due to conflict,Lebanon,LBN,Akkar,LB7,Akkar,LB51,38,2024-08-15T00:00:00,2024,8,42,Conflict,,,South,LB6,BA
73998,Displacement due to conflict,Lebanon,LBN,Bekaa,LB2,Zahle,LB25,245,2024-08-15T00:00:00,2024,8,42,Conflict,,,El Nabatieh,LB4,BA
72897,Displacement due to conflict,Lebanon,LBN,Mount Lebanon,LB3,Kesrwane,LB35,10,2024-08-15T00:00:00,2024,8,42,Conflict,,,Mount Lebanon,LB3,BA
78487,Displacement due to conflict,Lebanon,LBN,Akkar,LB7,Akkar,LB51,160,2024-08-15T00:00:00,2024,8,42,Conflict,,,El Nabatieh,LB4,BA
79865,Displacement due to conflict,Lebanon,LBN,El Nabatieh,LB4,El Nabatieh,LB44,20585,2024-08-15T00:00:00,2024,8,42,Conflict,,,El Nabatieh,LB4,BA
81848,Displacement due to conflict,Lebanon,LBN,North,LB5,Zgharta,LB57,125,2024-08-15T00:00:00,2024,8,42,Conflict,,,South,LB6,BA
96348,Displacement due to conflict,Lebanon,LBN,North,LB5,El Minieh-Dennie,LB55,28,2024-08-15T00:00:00,2024,8,42,Conflict,,,Beirut,LB1,BA
88498,Displacement due to conflict,Lebanon,LBN,El Nabatieh,LB4,Marjaayoun,LB43,1934,2024-08-15T00:00:00,2024,8,42,Conflict,,,El Nabatieh,LB4,BA
85607,Displacement due to conflict,Lebanon,LBN,North,LB5,El Koura,LB54,5,2024-08-15T00:00:00,2024,8,42,Conflict,,,Mount Lebanon,LB3,BA
85886,Displacement due to conflict,Lebanon,LBN,Mount Lebanon,LB3,Chouf,LB33,2427,2024-08-15T00:00:00,2024,8,42,Conflict,,,El Nabatieh,LB4,BA
102055,Displacement due to conflict,Lebanon,LBN,Mount Lebanon,LB3,Aley,LB31,355,2024-08-15T00:00:00,2024,8,42,Conflict,,,Mount Lebanon,LB3,BA
101534,Displacement due to conflict,Lebanon,LBN,Akkar,LB7,Akkar,LB51,154,2024-08-15T00:00:00,2024,8,42,Conflict,,,Beirut,LB1,BA
108439,Displacement due to conflict,Lebanon,LBN,Mount Lebanon,LB3,Baabda,LB32,22,2024-08-15T00:00:00,2024,8,42,Conflict,,,Mount Lebanon,LB3,BA
109240,Displacement due to conflict,Lebanon,LBN,North,LB5,El Batroun,LB52,18,2024-08-15T00:00:00,2024,8,42,Conflict,,,El Nabatieh,LB4,BA
110953,Displacement due to conflict,Lebanon,LBN,Mount Lebanon,LB3,El Meten,LB36,137,2024-08-15T00:00:00,2024,8,42,Conflict,,,Mount Lebanon,LB3,BA
112214,Displacement due to conflict,Lebanon,LBN,Mount Lebanon,LB3,Kesrwane,LB35,420,2024-08-15T00:00:00,2024,8,42,Conflict,,,El Nabatieh,LB4,BA
137455,Displacement due to conflict,Lebanon,LBN,Mount Lebanon,LB3,Chouf,LB33,16,2024-08-15T00:00:00,2024,8,42,Conflict,,,Beirut,LB1,BA
126658,Displacement due to conflict,Lebanon,LBN,South,LB6,Jezzine,LB62,8,2024-08-15T00:00:00,2024,8,42,Conflict,,,South,LB6,BA
120328,Displacement due to conflict,Lebanon,LBN,North,LB5,El Koura,LB54,5,2024-08-15T00:00:00,2024,8,42,Conflict,,,South,LB6,BA
117202,Displacement due to conflict,Lebanon,LBN,Bekaa,LB2,Rachaya,LB23,238,2024-08-15T00:00:00,2024,8,42,Conflict,,,El Nabatieh,LB4,BA
117273,Displacement due to conflict,Lebanon,LBN,Baalbek-El Hermel,LB8,Baalbek,LB21,207,2024-08-15T00:00:00,2024,8,42,Conflict,,,Mount Lebanon,LB3,BA
119011,Displacement due to conflict,Lebanon,LBN,South,LB6,Sour,LB63,17840,2024-08-15T00:00:00,2024,8,42,Conflict,,,El Nabatieh,LB4,BA
115643,Displacement due to conflict,Lebanon,LBN,Mount Lebanon,LB3,Aley,LB31,621,2024-08-15T00:00:00,2024,8,42,Conflict,,,Beirut,LB1,BA
116119,Displacement due to conflict,Lebanon,LBN,South,LB6,Sour,LB63,10603,2024-08-23T00:00:00,2024,8,43,Conflict,,,South,LB6,BA
118351,Displacement due to conflict,Lebanon,LBN,Mount Lebanon,LB3,Chouf,LB33,500,2024-08-23T00:00:00,2024,8,43,Conflict,,,South,LB6,BA
120760,Displacement due to conflict,Lebanon,LBN,Mount Lebanon,LB3,Kesrwane,LB35,20,2024-08-23T00:00:00,2024,8,43,Conflict,,,Beirut,LB1,BA
120175,Displacement due to conflict,Lebanon,LBN,Mount Lebanon,LB3,Jbeil,LB34,85,2024-08-23T00:00:00,2024,8,43,Conflict,,,South,LB6,BA
121921,Displacement due to conflict,Lebanon,LBN,Mount Lebanon,LB3,Baabda,LB32,22,2024-08-23T00:00:00,2024,8,43,Conflict,,,Mount Lebanon,LB3,BA
125983,Displacement due to conflict,Lebanon,LBN,El Nabatieh,LB4,Marjaayoun,LB43,1941,2024-08-23T00:00:00,2024,8,43,Conflict,,,El Nabatieh,LB4,BA
125995,Displacement due to conflict,Lebanon,LBN,Mount Lebanon,LB3,Aley,LB31,270,2024-08-23T00:00:00,2024,8,43,Conflict,,,Mount Lebanon,LB3,BA
123191,Displacement due to conflict,Lebanon,LBN,Mount Lebanon,LB3,Kesrwane,LB35,15,2024-08-23T00:00:00,2024,8,43,Conflict,,,South,LB6,BA
126703,Displacement due to conflict,Lebanon,LBN,South,LB6,Jezzine,LB62,35,2024-08-23T00:00:00,2024,8,43,Conflict,,,El Nabatieh,LB4,BA
110488,Displacement due to conflict,Lebanon,LBN,Baalbek-El Hermel,LB8,El Hermel,LB22,260,2024-08-23T00:00:00,2024,8,43,Conflict,,,Mount Lebanon,LB3,BA
109029,Displacement due to conflict,Lebanon,LBN,South,LB6,Saida,LB61,10845,2024-08-23T00:00:00,2024,8,43,Conflict,,,El Nabatieh,LB4,BA
100982,Displacement due to conflict,Lebanon,LBN,Mount Lebanon,LB3,Kesrwane,LB35,390,2024-08-23T00:00:00,2024,8,43,Conflict,,,El Nabatieh,LB4,BA
104362,Displacement due to conflict,Lebanon,LBN,Baalbek-El Hermel,LB8,Baalbek,LB21,232,2024-08-23T00:00:00,2024,8,43,Conflict,,,Mount Lebanon,LB3,BA
86943,Displacement due to conflict,Lebanon,LBN,Akkar,LB7,Akkar,LB51,185,2024-08-23T00:00:00,2024,8,43,Conflict,,,El Nabatieh,LB4,BA
88880,Displacement due to conflict,Lebanon,LBN,Bekaa,LB2,Rachaya,LB23,238,2024-08-23T00:00:00,2024,8,43,Conflict,,,El Nabatieh,LB4,BA
97938,Displacement due to conflict,Lebanon,LBN,Beirut,LB1,Beirut,LB11,4,2024-08-23T00:00:00,2024,8,43,Conflict,,,Mount Lebanon,LB3,BA
92882,Displacement due to conflict,Lebanon,LBN,North,LB5,El Koura,LB54,16,2024-08-23T00:00:00,2024,8,43,Conflict,,,El Nabatieh,LB4,BA
95245,Displacement due to conflict,Lebanon,LBN,Akkar,LB7,Akkar,LB51,154,2024-08-23T00:00:00,2024,8,43,Conflict,,,Beirut,LB1,BA
94266,Displacement due to conflict,Lebanon,LBN,Mount Lebanon,LB3,Aley,LB31,6093,2024-08-23T00:00:00,2024,8,43,Conflict,,,El Nabatieh,LB4,BA
93938,Displacement due to conflict,Lebanon,LBN,Bekaa,LB2,Rachaya,LB23,8,2024-08-23T00:00:00,2024,8,43,Conflict,,,Beirut,LB1,BA
82602,Displacement due to conflict,Lebanon,LBN,Mount Lebanon,LB3,Aley,LB31,134,2024-08-23T00:00:00,2024,8,43,Conflict,,,South,LB6,BA
73138,Displacement due to conflict,Lebanon,LBN,Mount Lebanon,LB3,Baabda,LB32,548,2024-08-23T00:00:00,2024,8,43,Conflict,,,South,LB6,BA
74821,Displacement due to conflict,Lebanon,LBN,Mount Lebanon,LB3,El Meten,LB36,3955,2024-08-23T00:00:00,2024,8,43,Conflict,,,El Nabatieh,LB4,BA
72681,Displacement due to conflict,Lebanon,LBN,Baalbek-El Hermel,LB8,Baalbek,LB21,625,2024-08-23T00:00:00,2024,8,43,Conflict,,,Beirut,LB1,BA
71534,Displacement due to conflict,Lebanon,LBN,Akkar,LB7,Akkar,LB51,23,2024-08-23T00:00:00,2024,8,43,Conflict,,,South,LB6,BA
71611,Displacement due to conflict,Lebanon,LBN,El Nabatieh,LB4,El Nabatieh,LB44,20632,2024-08-23T00:00:00,2024,8,43,Conflict,,,El Nabatieh,LB4,BA
71710,Displacement due to conflict,Lebanon,LBN,Mount Lebanon,LB3,Jbeil,LB34,7,2024-08-23T00:00:00,2024,8,43,Conflict,,,Beirut,LB1,BA
76006,Displacement due to conflict,Lebanon,LBN,Bekaa,LB2,Zahle,LB25,2,2024-08-23T00:00:00,2024,8,43,Conflict,,,South,LB6,BA
77504,Displacement due to conflict,Lebanon,LBN,El Nabatieh,LB4,Hasbaya,LB42,793,2024-08-23T00:00:00,2024,8,43,Conflict,,,El Nabatieh,LB4,BA
77637,Displacement due to conflict,Lebanon,LBN,South,LB6,Jezzine,LB62,8,2024-08-23T00:00:00,2024,8,43,Conflict,,,South,LB6,BA
75599,Displacement due to conflict,Lebanon,LBN,Baalbek-El Hermel,LB8,Baalbek,LB21,1873,2024-08-23T00:00:00,2024,8,43,Conflict,,,El Nabatieh,LB4,BA
70011,Displacement due to conflict,Lebanon,LBN,Mount Lebanon,LB3,Aley,LB31,641,2024-08-23T00:00:00,2024,8,43,Conflict,,,Beirut,LB1,BA
59948,Displacement due to conflict,Lebanon,LBN,Mount Lebanon,LB3,Baabda,LB32,11846,2024-08-23T00:00:00,2024,8,43,Conflict,,,El Nabatieh,LB4,BA
59426,Displacement due to conflict,Lebanon,LBN,Mount Lebanon,LB3,Kesrwane,LB35,10,2024-08-23T00:00:00,2024,8,43,Conflict,,,Mount Lebanon,LB3,BA
59219,Displacement due to conflict,Lebanon,LBN,El Nabatieh,LB4,Bent Jbeil,LB41,5773,2024-08-23T00:00:00,2024,8,43,Conflict,,,El Nabatieh,LB4,BA
59128,Displacement due to conflict,Lebanon,LBN,Mount Lebanon,LB3,El Meten,LB36,75,2024-08-23T00:00:00,2024,8,43,Conflict,,,South,LB6,BA
58707,Displacement due to conflict,Lebanon,LBN,North,LB5,Zgharta,LB57,175,2024-08-23T00:00:00,2024,8,43,Conflict,,,South,LB6,BA
58132,Displacement due to conflict,Lebanon,LBN,North,LB5,El Minieh-Dennie,LB55,30,2024-08-23T00:00:00,2024,8,43,Conflict,,,South,LB6,BA
56450,Displacement due to conflict,Lebanon,LBN,Mount Lebanon,LB3,Chouf,LB33,2955,2024-08-23T00:00:00,2024,8,43,Conflict,,,El Nabatieh,LB4,BA
61765,Displacement due to conflict,Lebanon,LBN,Mount Lebanon,LB3,Baabda,LB32,42,2024-08-23T00:00:00,2024,8,43,Conflict,,,Beirut,LB1,BA
36123,Displacement due to conflict,Lebanon,LBN,Bekaa,LB2,Zahle,LB25,243,2024-08-23T00:00:00,2024,8,43,Conflict,,,Beirut,LB1,BA
37733,Displacement due to conflict,Lebanon,LBN,Beirut,LB1,Beirut,LB11,7704,2024-08-23T00:00:00,2024,8,43,Conflict,,,El Nabatieh,LB4,BA
33312,Displacement due to conflict,Lebanon,LBN,Baalbek-El Hermel,LB8,Baalbek,LB21,25,2024-08-23T00:00:00,2024,8,43,Conflict,,,South,LB6,BA
33667,Displacement due to conflict,Lebanon,LBN,North,LB5,El Koura,LB54,5,2024-08-23T00:00:00,2024,8,43,Conflict,,,Mount Lebanon,LB3,BA
50168,Displacement due to conflict,Lebanon,LBN,Mount Lebanon,LB3,Jbeil,LB34,722,2024-08-23T00:00:00,2024,8,43,Conflict,,,Mount Lebanon,LB3,BA
54276,Displacement due to conflict,Lebanon,LBN,North,LB5,El Batroun,LB52,63,2024-08-23T00:00:00,2024,8,43,Conflict,,,El Nabatieh,LB4,BA
53816,Displacement due to conflict,Lebanon,LBN,Mount Lebanon,LB3,Chouf,LB33,32,2024-08-23T00:00:00,2024,8,43,Conflict,,,Beirut,LB1,BA
43632,Displacement due to conflict,Lebanon,LBN,Mount Lebanon,LB3,El Meten,LB36,85,2024-08-23T00:00:00,2024,8,43,Conflict,,,Mount Lebanon,LB3,BA
46262,Displacement due to conflict,Lebanon,LBN,Mount Lebanon,LB3,Chouf,LB33,7,2024-08-23T00:00:00,2024,8,43,Conflict,,,Mount Lebanon,LB3,BA
4442,Displacement due to conflict,Lebanon,LBN,Baalbek-El Hermel,LB8,El Hermel,LB22,73,2024-08-23T00:00:00,2024,8,43,Conflict,,,El Nabatieh,LB4,BA
6831,Displacement due to conflict,Lebanon,LBN,Bekaa,LB2,West Bekaa,LB24,588,2024-08-23T00:00:00,2024,8,43,Conflict,,,El Nabatieh,LB4,BA
2331,Displacement due to conflict,Lebanon,LBN,North,LB5,El Koura,LB54,3,2024-08-23T00:00:00,2024,8,43,Conflict,,,South,LB6,BA
14025,Displacement due to conflict,Lebanon,LBN,Bekaa,LB2,Zahle,LB25,245,2024-08-23T00:00:00,2024,8,43,Conflict,,,El Nabatieh,LB4,BA
9754,Displacement due to conflict,Lebanon,LBN,South,LB6,Sour,LB63,17928,2024-08-23T00:00:00,2024,8,43,Conflict,,,El Nabatieh,LB4,BA
24559,Displacement due to conflict,Lebanon,LBN,South,LB6,Saida,LB61,986,2024-08-23T00:00:00,2024,8,43,Conflict,,,South,LB6,BA
19350,Displacement due to conflict,Lebanon,LBN,North,LB5,El Batroun,LB52,49,2024-08-23T00:00:00,2024,8,43,Conflict,,,South,LB6,BA
18175,Displacement due to conflict,Lebanon,LBN,Mount Lebanon,LB3,Jbeil,LB34,1119,2024-08-23T00:00:00,2024,8,43,Conflict,,,El Nabatieh,LB4,BA
18445,Displacement due to conflict,Lebanon,LBN,Mount Lebanon,LB3,Baabda,LB32,37,2024-08-31T00:00:00,2024,8,44,Conflict,,,Mount Lebanon,LB3,BA
19821,Displacement due to conflict,Lebanon,LBN,Mount Lebanon,LB3,Aley,LB31,290,2024-08-31T00:00:00,2024,8,44,Conflict,,,Mount Lebanon,LB3,BA
15804,Displacement due to conflict,Lebanon,LBN,Bekaa,LB2,Rachaya,LB23,8,2024-08-31T00:00:00,2024,8,44,Conflict,,,Beirut,LB1,BA
16700,Displacement due to conflict,Lebanon,LBN,Bekaa,LB2,Zahle,LB25,250,2024-08-31T00:00:00,2024,8,44,Conflict,,,El Nabatieh,LB4,BA
24984,Displacement due to conflict,Lebanon,LBN,Mount Lebanon,LB3,El Meten,LB36,4098,2024-08-31T00:00:00,2024,8,44,Conflict,,,El Nabatieh,LB4,BA
22467,Displacement due to conflict,Lebanon,LBN,Mount Lebanon,LB3,Jbeil,LB34,85,2024-08-31T00:00:00,2024,8,44,Conflict,,,South,LB6,BA
26968,Displacement due to conflict,Lebanon,LBN,South,LB6,Jezzine,LB62,33,2024-08-31T00:00:00,2024,8,44,Conflict,,,South,LB6,BA
5940,Displacement due to conflict,Lebanon,LBN,Mount Lebanon,LB3,Chouf,LB33,32,2024-08-31T00:00:00,2024,8,44,Conflict,,,Beirut,LB1,BA
5558,Displacement due to conflict,Lebanon,LBN,Mount Lebanon,LB3,Chouf,LB33,509,2024-08-31T00:00:00,2024,8,44,Conflict,,,South,LB6,BA
46872,Displacement due to conflict,Lebanon,LBN,Mount Lebanon,LB3,Jbeil,LB34,752,2024-08-31T00:00:00,2024,8,44,Conflict,,,Mount Lebanon,LB3,BA
48882,Displacement due to conflict,Lebanon,LBN,Akkar,LB7,Akkar,LB51,15,2024-08-31T00:00:00,2024,8,44,Conflict,,,South,LB6,BA
50051,Displacement due to conflict,Lebanon,LBN,Mount Lebanon,LB3,Kesrwane,LB35,10,2024-08-31T00:00:00,2024,8,44,Conflict,,,Mount Lebanon,LB3,BA
51086,Displacement due to conflict,Lebanon,LBN,Akkar,LB7,Akkar,LB51,202,2024-08-31T00:00:00,2024,8,44,Conflict,,,El Nabatieh,LB4,BA
52509,Displacement due to conflict,Lebanon,LBN,North,LB5,El Koura,LB54,5,2024-08-31T00:00:00,2024,8,44,Conflict,,,Mount Lebanon,LB3,BA
52150,Displacement due to conflict,Lebanon,LBN,Baalbek-El Hermel,LB8,El Hermel,LB22,260,2024-08-31T00:00:00,2024,8,44,Conflict,,,Mount Lebanon,LB3,BA
51903,Displacement due to conflict,Lebanon,LBN,Mount Lebanon,LB3,El Meten,LB36,95,2024-08-31T00:00:00,2024,8,44,Conflict,,,South,LB6,BA
33740,Displacement due to conflict,Lebanon,LBN,Bekaa,LB2,West Bekaa,LB24,588,2024-08-31T00:00:00,2024,8,44,Conflict,,,El Nabatieh,LB4,BA
33506,Displacement due to conflict,Lebanon,LBN,Baalbek-El Hermel,LB8,Baalbek,LB21,1937,2024-08-31T00:00:00,2024,8,44,Conflict,,,El Nabatieh,LB4,BA
30128,Displacement due to conflict,Lebanon,LBN,Mount Lebanon,LB3,Baabda,LB32,554,2024-08-31T00:00:00,2024,8,44,Conflict,,,South,LB6,BA
31466,Displacement due to conflict,Lebanon,LBN,Bekaa,LB2,Zahle,LB25,243,2024-08-31T00:00:00,2024,8,44,Conflict,,,Beirut,LB1,BA
39048,Displacement due to conflict,Lebanon,LBN,Mount Lebanon,LB3,Kesrwane,LB35,20,2024-08-31T00:00:00,2024,8,44,Conflict,,,Beirut,LB1,BA
39209,Displacement due to conflict,Lebanon,LBN,South,LB6,Saida,LB61,10942,2024-08-31T00:00:00,2024,8,44,Conflict,,,El Nabatieh,LB4,BA
36745,Displacement due to conflict,Lebanon,LBN,Mount Lebanon,LB3,El Meten,LB36,85,2024-08-31T00:00:00,2024,8,44,Conflict,,,Mount Lebanon,LB3,BA
42152,Displacement due to conflict,Lebanon,LBN,Mount Lebanon,LB3,Kesrwane,LB35,40,2024-08-31T00:00:00,2024,8,44,Conflict,,,South,LB6,BA
62338,Displacement due to conflict,Lebanon,LBN,Mount Lebanon,LB3,Jbeil,LB34,7,2024-08-31T00:00:00,2024,8,44,Conflict,,,Beirut,LB1,BA
62462,Displacement due to conflict,Lebanon,LBN,Baalbek-El Hermel,LB8,Baalbek,LB21,282,2024-08-31T00:00:00,2024,8,44,Conflict,,,Mount Lebanon,LB3,BA
60436,Displacement due to conflict,Lebanon,LBN,Baalbek-El Hermel,LB8,Baalbek,LB21,625,2024-08-31T00:00:00,2024,8,44,Conflict,,,Beirut,LB1,BA
59119,Displacement due to conflict,Lebanon,LBN,Mount Lebanon,LB3,Aley,LB31,6219,2024-08-31T00:00:00,2024,8,44,Conflict,,,El Nabatieh,LB4,BA
68672,Displacement due to conflict,Lebanon,LBN,North,LB5,El Batroun,LB52,2,2024-08-31T00:00:00,2024,8,44,Conflict,,,Beirut,LB1,BA
66012,Displacement due to conflict,Lebanon,LBN,Mount Lebanon,LB3,Aley,LB31,641,2024-08-31T00:00:00,2024,8,44,Conflict,,,Beirut,LB1,BA
65761,Displacement due to conflict,Lebanon,LBN,El Nabatieh,LB4,Marjaayoun,LB43,1940,2024-08-31T00:00:00,2024,8,44,Conflict,,,El Nabatieh,LB4,BA
77407,Displacement due to conflict,Lebanon,LBN,Mount Lebanon,LB3,Aley,LB31,174,2024-08-31T00:00:00,2024,8,44,Conflict,,,South,LB6,BA
71401,Displacement due to conflict,Lebanon,LBN,Mount Lebanon,LB3,Baabda,LB32,42,2024-08-31T00:00:00,2024,8,44,Conflict,,,Beirut,LB1,BA
73875,Displacement due to conflict,Lebanon,LBN,Baalbek-El Hermel,LB8,Baalbek,LB21,21,2024-08-31T00:00:00,2024,8,44,Conflict,,,South,LB6,BA
82865,Displacement due to conflict,Lebanon,LBN,Mount Lebanon,LB3,Baabda,LB32,12048,2024-08-31T00:00:00,2024,8,44,Conflict,,,El Nabatieh,LB4,BA
82907,Displacement due to conflict,Lebanon,LBN,El Nabatieh,LB4,Hasbaya,LB42,785,2024-08-31T00:00:00,2024,8,44,Conflict,,,El Nabatieh,LB4,BA
84061,Displacement due to conflict,Lebanon,LBN,Beirut,LB1,Beirut,LB11,7850,2024-08-31T00:00:00,2024,8,44,Conflict,,,El Nabatieh,LB4,BA
94061,Displacement due to conflict,Lebanon,LBN,South,LB6,Sour,LB63,18044,2024-08-31T00:00:00,2024,8,44,Conflict,,,El Nabatieh,LB4,BA
94411,Displacement due to conflict,Lebanon,LBN,South,LB6,Saida,LB61,986,2024-08-31T00:00:00,2024,8,44,Conflict,,,South,LB6,BA
92521,Displacement due to conflict,Lebanon,LBN,Mount Lebanon,LB3,Jbeil,LB34,1226,2024-08-31T00:00:00,2024,8,44,Conflict,,,El Nabatieh,LB4,BA
93681,Displacement due to conflict,Lebanon,LBN,Mount Lebanon,LB3,Chouf,LB33,3023,2024-08-31T00:00:00,2024,8,44,Conflict,,,El Nabatieh,LB4,BA
97692,Displacement due to conflict,Lebanon,LBN,South,LB6,Jezzine,LB62,60,2024-08-31T00:00:00,2024,8,44,Conflict,,,El Nabatieh,LB4,BA
96134,Displacement due to conflict,Lebanon,LBN,Bekaa,LB2,Zahle,LB25,2,2024-08-31T00:00:00,2024,8,44,Conflict,,,South,LB6,BA
88030,Displacement due to conflict,Lebanon,LBN,Mount Lebanon,LB3,Kesrwane,LB35,385,2024-08-31T00:00:00,2024,8,44,Conflict,,,El Nabatieh,LB4,BA
99613,Displacement due to conflict,Lebanon,LBN,North,LB5,El Koura,LB54,16,2024-08-31T00:00:00,2024,8,44,Conflict,,,El Nabatieh,LB4,BA
100376,Displacement due to conflict,Lebanon,LBN,South,LB6,Sour,LB63,10601,2024-08-31T00:00:00,2024,8,44,Conflict,,,South,LB6,BA
110952,Displacement due to conflict,Lebanon,LBN,Akkar,LB7,Akkar,LB51,197,2024-08-31T00:00:00,2024,8,44,Conflict,,,Beirut,LB1,BA
130076,Displacement due to conflict,Lebanon,LBN,North,LB5,El Minieh-Dennie,LB55,50,2024-08-31T00:00:00,2024,8,44,Conflict,,,South,LB6,BA
129448,Displacement due to conflict,Lebanon,LBN,North,LB5,El Batroun,LB52,39,2024-08-31T00:00:00,2024,8,44,Conflict,,,South,LB6,BA
140276,Displacement due to conflict,Lebanon,LBN,Bekaa,LB2,Rachaya,LB23,238,2024-08-31T00:00:00,2024,8,44,Conflict,,,El Nabatieh,LB4,BA
140609,Displacement due to conflict,Lebanon,LBN,Baalbek-El Hermel,LB8,El Hermel,LB22,98,2024-08-31T00:00:00,2024,8,44,Conflict,,,El Nabatieh,LB4,BA
124908,Displacement due to conflict,Lebanon,LBN,North,LB5,El Batroun,LB52,63,2024-08-31T00:00:00,2024,8,44,Conflict,,,El Nabatieh,LB4,BA
124679,Displacement due to conflict,Lebanon,LBN,El Nabatieh,LB4,El Nabatieh,LB44,20916,2024-08-31T00:00:00,2024,8,44,Conflict,,,El Nabatieh,LB4,BA
124358,Displacement due to conflict,Lebanon,LBN,North,LB5,Zgharta,LB57,175,2024-08-31T00:00:00,2024,8,44,Conflict,,,South,LB6,BA
113196,Displacement due to conflict,Lebanon,LBN,El Nabatieh,LB4,Bent Jbeil,LB41,5884,2024-08-31T00:00:00,2024,8,44,Conflict,,,El Nabatieh,LB4,BA
113027,Displacement due to conflict,Lebanon,LBN,South,LB6,Saida,LB61,10954,2024-09-01T00:00:00,2024,9,45,Conflict,,,El Nabatieh,LB4,BA
113097,Displacement due to conflict,Lebanon,LBN,Bekaa,LB2,Rachaya,LB23,238,2024-09-01T00:00:00,2024,9,45,Conflict,,,El Nabatieh,LB4,BA
114674,Displacement due to conflict,Lebanon,LBN,Mount Lebanon,LB3,Jbeil,LB34,7,2024-09-01T00:00:00,2024,9,45,Conflict,,,Beirut,LB1,BA
115143,Displacement due to conflict,Lebanon,LBN,Mount Lebanon,LB3,Kesrwane,LB35,20,2024-09-01T00:00:00,2024,9,45,Conflict,,,Beirut,LB1,BA
118591,Displacement due to conflict,Lebanon,LBN,Mount Lebanon,LB3,Jbeil,LB34,517,2024-09-01T00:00:00,2024,9,45,Conflict,,,Mount Lebanon,LB3,BA
119033,Displacement due to conflict,Lebanon,LBN,Mount Lebanon,LB3,Chouf,LB33,505,2024-09-01T00:00:00,2024,9,45,Conflict,,,South,LB6,BA
125357,Displacement due to conflict,Lebanon,LBN,Akkar,LB7,Akkar,LB51,112,2024-09-01T00:00:00,2024,9,45,Conflict,,,Beirut,LB1,BA
124176,Displacement due to conflict,Lebanon,LBN,Mount Lebanon,LB3,Jbeil,LB34,1086,2024-09-01T00:00:00,2024,9,45,Conflict,,,El Nabatieh,LB4,BA
121686,Displacement due to conflict,Lebanon,LBN,South,LB6,Jezzine,LB62,57,2024-09-01T00:00:00,2024,9,45,Conflict,,,El Nabatieh,LB4,BA
131837,Displacement due to conflict,Lebanon,LBN,Bekaa,LB2,Zahle,LB25,190,2024-09-01T00:00:00,2024,9,45,Conflict,,,Beirut,LB1,BA
131912,Displacement due to conflict,Lebanon,LBN,Bekaa,LB2,Zahle,LB25,12,2024-09-01T00:00:00,2024,9,45,Conflict,,,South,LB6,BA
128449,Displacement due to conflict,Lebanon,LBN,South,LB6,Sour,LB63,10730,2024-09-01T00:00:00,2024,9,45,Conflict,,,South,LB6,BA
127445,Displacement due to conflict,Lebanon,LBN,Mount Lebanon,LB3,Kesrwane,LB35,41,2024-09-01T00:00:00,2024,9,45,Conflict,,,South,LB6,BA
127934,Displacement due to conflict,Lebanon,LBN,Baalbek-El Hermel,LB8,Baalbek,LB21,1981,2024-09-01T00:00:00,2024,9,45,Conflict,,,El Nabatieh,LB4,BA
106752,Displacement due to conflict,Lebanon,LBN,Mount Lebanon,LB3,Baabda,LB32,25,2024-09-01T00:00:00,2024,9,45,Conflict,,,Beirut,LB1,BA
100830,Displacement due to conflict,Lebanon,LBN,El Nabatieh,LB4,Hasbaya,LB42,790,2024-09-01T00:00:00,2024,9,45,Conflict,,,El Nabatieh,LB4,BA
86892,Displacement due to conflict,Lebanon,LBN,South,LB6,Jezzine,LB62,33,2024-09-01T00:00:00,2024,9,45,Conflict,,,South,LB6,BA
90997,Displacement due to conflict,Lebanon,LBN,Mount Lebanon,LB3,Kesrwane,LB35,10,2024-09-01T00:00:00,2024,9,45,Conflict,,,Mount Lebanon,LB3,BA
91436,Displacement due to conflict,Lebanon,LBN,Akkar,LB7,Akkar,LB51,232,2024-09-01T00:00:00,2024,9,45,Conflict,,,El Nabatieh,LB4,BA
91914,Displacement due to conflict,Lebanon,LBN,Mount Lebanon,LB3,Baabda,LB32,484,2024-09-01T00:00:00,2024,9,45,Conflict,,,South,LB6,BA
92074,Displacement due to conflict,Lebanon,LBN,Mount Lebanon,LB3,El Meten,LB36,100,2024-09-01T00:00:00,2024,9,45,Conflict,,,South,LB6,BA
74108,Displacement due to conflict,Lebanon,LBN,Bekaa,LB2,Zahle,LB25,235,2024-09-01T00:00:00,2024,9,45,Conflict,,,El Nabatieh,LB4,BA
67453,Displacement due to conflict,Lebanon,LBN,Baalbek-El Hermel,LB8,El Hermel,LB22,147,2024-09-01T00:00:00,2024,9,45,Conflict,,,Mount Lebanon,LB3,BA
58982,Displacement due to conflict,Lebanon,LBN,Mount Lebanon,LB3,Baabda,LB32,12588,2024-09-01T00:00:00,2024,9,45,Conflict,,,El Nabatieh,LB4,BA
58231,Displacement due to conflict,Lebanon,LBN,El Nabatieh,LB4,Bent Jbeil,LB41,5936,2024-09-01T00:00:00,2024,9,45,Conflict,,,El Nabatieh,LB4,BA
59555,Displacement due to conflict,Lebanon,LBN,Mount Lebanon,LB3,Aley,LB31,6168,2024-09-01T00:00:00,2024,9,45,Conflict,,,El Nabatieh,LB4,BA
57836,Displacement due to conflict,Lebanon,LBN,Mount Lebanon,LB3,Kesrwane,LB35,383,2024-09-01T00:00:00,2024,9,45,Conflict,,,El Nabatieh,LB4,BA
41582,Displacement due to conflict,Lebanon,LBN,North,LB5,El Minieh-Dennie,LB55,35,2024-09-01T00:00:00,2024,9,45,Conflict,,,South,LB6,BA
40329,Displacement due to conflict,Lebanon,LBN,Baalbek-El Hermel,LB8,El Hermel,LB22,106,2024-09-01T00:00:00,2024,9,45,Conflict,,,El Nabatieh,LB4,BA
41061,Displacement due to conflict,Lebanon,LBN,North,LB5,El Koura,LB54,6,2024-09-01T00:00:00,2024,9,45,Conflict,,,El Nabatieh,LB4,BA
37763,Displacement due to conflict,Lebanon,LBN,Mount Lebanon,LB3,Aley,LB31,194,2024-09-01T00:00:00,2024,9,45,Conflict,,,South,LB6,BA
37502,Displacement due to conflict,Lebanon,LBN,North,LB5,Zgharta,LB57,85,2024-09-01T00:00:00,2024,9,45,Conflict,,,South,LB6,BA
38111,Displacement due to conflict,Lebanon,LBN,Mount Lebanon,LB3,El Meten,LB36,55,2024-09-01T00:00:00,2024,9,45,Conflict,,,Mount Lebanon,LB3,BA
29388,Displacement due to conflict,Lebanon,LBN,El Nabatieh,LB4,El Nabatieh,LB44,20497,2024-09-01T00:00:00,2024,9,45,Conflict,,,El Nabatieh,LB4,BA
33236,Displacement due to conflict,Lebanon,LBN,North,LB5,El Batroun,LB52,3,2024-09-01T00:00:00,2024,9,45,Conflict,,,El Nabatieh,LB4,BA
34617,Displacement due to conflict,Lebanon,LBN,Akkar,LB7,Akkar,LB51,15,2024-09-01T00:00:00,2024,9,45,Conflict,,,South,LB6,BA
54243,Displacement due to conflict,Lebanon,LBN,El Nabatieh,LB4,Marjaayoun,LB43,1965,2024-09-01T00:00:00,2024,9,45,Conflict,,,El Nabatieh,LB4,BA
55395,Displacement due to conflict,Lebanon,LBN,Bekaa,LB2,West Bekaa,LB24,568,2024-09-01T00:00:00,2024,9,45,Conflict,,,El Nabatieh,LB4,BA
56255,Displacement due to conflict,Lebanon,LBN,Beirut,LB1,Beirut,LB11,7847,2024-09-01T00:00:00,2024,9,45,Conflict,,,El Nabatieh,LB4,BA
2666,Displacement due to conflict,Lebanon,LBN,Bekaa,LB2,Rachaya,LB23,8,2024-09-01T00:00:00,2024,9,45,Conflict,,,Beirut,LB1,BA
3718,Displacement due to conflict,Lebanon,LBN,Mount Lebanon,LB3,Aley,LB31,526,2024-09-01T00:00:00,2024,9,45,Conflict,,,Beirut,LB1,BA
3100,Displacement due to conflict,Lebanon,LBN,Mount Lebanon,LB3,El Meten,LB36,4024,2024-09-01T00:00:00,2024,9,45,Conflict,,,El Nabatieh,LB4,BA
1672,Displacement due to conflict,Lebanon,LBN,North,LB5,El Batroun,LB52,2,2024-09-01T00:00:00,2024,9,45,Conflict,,,Beirut,LB1,BA
239,Displacement due to conflict,Lebanon,LBN,Mount Lebanon,LB3,Aley,LB31,290,2024-09-01T00:00:00,2024,9,45,Conflict,,,Mount Lebanon,LB3,BA
292,Displacement due to conflict,Lebanon,LBN,Mount Lebanon,LB3,Baabda,LB32,86,2024-09-01T00:00:00,2024,9,45,Conflict,,,Mount Lebanon,LB3,BA
10588,Displacement due to conflict,Lebanon,LBN,Mount Lebanon,LB3,Jbeil,LB34,121,2024-09-01T00:00:00,2024,9,45,Conflict,,,South,LB6,BA
8174,Displacement due to conflict,Lebanon,LBN,Baalbek-El Hermel,LB8,Baalbek,LB21,625,2024-09-01T00:00:00,2024,9,45,Conflict,,,Beirut,LB1,BA
8241,Displacement due to conflict,Lebanon,LBN,North,LB5,El Koura,LB54,5,2024-09-01T00:00:00,2024,9,45,Conflict,,,Mount Lebanon,LB3,BA
8934,Displacement due to conflict,Lebanon,LBN,South,LB6,Sour,LB63,18082,2024-09-01T00:00:00,2024,9,45,Conflict,,,El Nabatieh,LB4,BA
24393,Displacement due to conflict,Lebanon,LBN,Baalbek-El Hermel,LB8,Baalbek,LB21,284,2024-09-01T00:00:00,2024,9,45,Conflict,,,Mount Lebanon,LB3,BA
16819,Displacement due to conflict,Lebanon,LBN,Baalbek-El Hermel,LB8,Baalbek,LB21,15,2024-09-01T00:00:00,2024,9,45,Conflict,,,South,LB6,BA
18136,Displacement due to conflict,Lebanon,LBN,Mount Lebanon,LB3,Chouf,LB33,2996,2024-09-01T00:00:00,2024,9,45,Conflict,,,El Nabatieh,LB4,BA
21210,Displacement due to conflict,Lebanon,LBN,North,LB5,El Batroun,LB52,47,2024-09-01T00:00:00,2024,9,45,Conflict,,,South,LB6,BA
19773,Displacement due to conflict,Lebanon,LBN,South,LB6,Saida,LB61,986,2024-09-01T00:00:00,2024,9,45,Conflict,,,South,LB6,BA
20562,Displacement due to conflict,Lebanon,LBN,Mount Lebanon,LB3,Chouf,LB33,3071,2024-09-15T00:00:00,2024,9,46,Conflict,,,El Nabatieh,LB4,BA
14509,Displacement due to conflict,Lebanon,LBN,Mount Lebanon,LB3,Jbeil,LB34,7,2024-09-15T00:00:00,2024,9,46,Conflict,,,Beirut,LB1,BA
24209,Displacement due to conflict,Lebanon,LBN,Akkar,LB7,Akkar,LB51,47,2024-09-15T00:00:00,2024,9,46,Conflict,,,Beirut,LB1,BA
21602,Displacement due to conflict,Lebanon,LBN,Bekaa,LB2,West Bekaa,LB24,584,2024-09-15T00:00:00,2024,9,46,Conflict,,,El Nabatieh,LB4,BA
21962,Displacement due to conflict,Lebanon,LBN,Mount Lebanon,LB3,Aley,LB31,209,2024-09-15T00:00:00,2024,9,46,Conflict,,,South,LB6,BA
23474,Displacement due to conflict,Lebanon,LBN,South,LB6,Saida,LB61,971,2024-09-15T00:00:00,2024,9,46,Conflict,,,South,LB6,BA
28001,Displacement due to conflict,Lebanon,LBN,South,LB6,Saida,LB61,10960,2024-09-15T00:00:00,2024,9,46,Conflict,,,El Nabatieh,LB4,BA
7747,Displacement due to conflict,Lebanon,LBN,Mount Lebanon,LB3,El Meten,LB36,4003,2024-09-15T00:00:00,2024,9,46,Conflict,,,El Nabatieh,LB4,BA
492,Displacement due to conflict,Lebanon,LBN,Akkar,LB7,Akkar,LB51,232,2024-09-15T00:00:00,2024,9,46,Conflict,,,El Nabatieh,LB4,BA
50789,Displacement due to conflict,Lebanon,LBN,Mount Lebanon,LB3,Baabda,LB32,79,2024-09-15T00:00:00,2024,9,46,Conflict,,,Mount Lebanon,LB3,BA
46796,Displacement due to conflict,Lebanon,LBN,Baalbek-El Hermel,LB8,Baalbek,LB21,1583,2024-09-15T00:00:00,2024,9,46,Conflict,,,El Nabatieh,LB4,BA
45474,Displacement due to conflict,Lebanon,LBN,Mount Lebanon,LB3,Aley,LB31,411,2024-09-15T00:00:00,2024,9,46,Conflict,,,Beirut,LB1,BA
44440,Displacement due to conflict,Lebanon,LBN,Mount Lebanon,LB3,Baabda,LB32,20,2024-09-15T00:00:00,2024,9,46,Conflict,,,Beirut,LB1,BA
34135,Displacement due to conflict,Lebanon,LBN,El Nabatieh,LB4,Marjaayoun,LB43,2096,2024-09-15T00:00:00,2024,9,46,Conflict,,,El Nabatieh,LB4,BA
34303,Displacement due to conflict,Lebanon,LBN,Baalbek-El Hermel,LB8,El Hermel,LB22,140,2024-09-15T00:00:00,2024,9,46,Conflict,,,Mount Lebanon,LB3,BA
29028,Displacement due to conflict,Lebanon,LBN,Mount Lebanon,LB3,Baabda,LB32,449,2024-09-15T00:00:00,2024,9,46,Conflict,,,South,LB6,BA
39110,Displacement due to conflict,Lebanon,LBN,North,LB5,Zgharta,LB57,85,2024-09-15T00:00:00,2024,9,46,Conflict,,,South,LB6,BA
39065,Displacement due to conflict,Lebanon,LBN,North,LB5,El Batroun,LB52,44,2024-09-15T00:00:00,2024,9,46,Conflict,,,South,LB6,BA
58641,Displacement due to conflict,Lebanon,LBN,Baalbek-El Hermel,LB8,Baalbek,LB21,12,2024-09-15T00:00:00,2024,9,46,Conflict,,,South,LB6,BA
68450,Displacement due to conflict,Lebanon,LBN,El Nabatieh,LB4,Bent Jbeil,LB41,6084,2024-09-15T00:00:00,2024,9,46,Conflict,,,El Nabatieh,LB4,BA
72169,Displacement due to conflict,Lebanon,LBN,Bekaa,LB2,Zahle,LB25,12,2024-09-15T00:00:00,2024,9,46,Conflict,,,South,LB6,BA
75888,Displacement due to conflict,Lebanon,LBN,Mount Lebanon,LB3,Jbeil,LB34,1065,2024-09-15T00:00:00,2024,9,46,Conflict,,,El Nabatieh,LB4,BA
76246,Displacement due to conflict,Lebanon,LBN,Bekaa,LB2,Zahle,LB25,115,2024-09-15T00:00:00,2024,9,46,Conflict,,,Beirut,LB1,BA
83374,Displacement due to conflict,Lebanon,LBN,South,LB6,Jezzine,LB62,33,2024-09-15T00:00:00,2024,9,46,Conflict,,,South,LB6,BA
80062,Displacement due to conflict,Lebanon,LBN,Beirut,LB1,Beirut,LB11,7845,2024-09-15T00:00:00,2024,9,46,Conflict,,,El Nabatieh,LB4,BA
80310,Displacement due to conflict,Lebanon,LBN,South,LB6,Jezzine,LB62,57,2024-09-15T00:00:00,2024,9,46,Conflict,,,El Nabatieh,LB4,BA
78017,Displacement due to conflict,Lebanon,LBN,South,LB6,Sour,LB63,18094,2024-09-15T00:00:00,2024,9,46,Conflict,,,El Nabatieh,LB4,BA
93106,Displacement due to conflict,Lebanon,LBN,Baalbek-El Hermel,LB8,Baalbek,LB21,273,2024-09-15T00:00:00,2024,9,46,Conflict,,,Mount Lebanon,LB3,BA
95415,Displacement due to conflict,Lebanon,LBN,North,LB5,El Koura,LB54,5,2024-09-15T00:00:00,2024,9,46,Conflict,,,Mount Lebanon,LB3,BA
95805,Displacement due to conflict,Lebanon,LBN,Akkar,LB7,Akkar,LB51,15,2024-09-15T00:00:00,2024,9,46,Conflict,,,South,LB6,BA
91354,Displacement due to conflict,Lebanon,LBN,El Nabatieh,LB4,Hasbaya,LB42,786,2024-09-15T00:00:00,2024,9,46,Conflict,,,El Nabatieh,LB4,BA
88433,Displacement due to conflict,Lebanon,LBN,El Nabatieh,LB4,El Nabatieh,LB44,20504,2024-09-15T00:00:00,2024,9,46,Conflict,,,El Nabatieh,LB4,BA
100721,Displacement due to conflict,Lebanon,LBN,North,LB5,El Batroun,LB52,12,2024-09-15T00:00:00,2024,9,46,Conflict,,,El Nabatieh,LB4,BA
101873,Displacement due to conflict,Lebanon,LBN,Bekaa,LB2,Rachaya,LB23,8,2024-09-15T00:00:00,2024,9,46,Conflict,,,Beirut,LB1,BA
102324,Displacement due to conflict,Lebanon,LBN,Bekaa,LB2,Rachaya,LB23,295,2024-09-15T00:00:00,2024,9,46,Conflict,,,El Nabatieh,LB4,BA
99716,Displacement due to conflict,Lebanon,LBN,Baalbek-El Hermel,LB8,Baalbek,LB21,610,2024-09-15T00:00:00,2024,9,46,Conflict,,,Beirut,LB1,BA
100237,Displacement due to conflict,Lebanon,LBN,Mount Lebanon,LB3,Jbeil,LB34,69,2024-09-15T00:00:00,2024,9,46,Conflict,,,South,LB6,BA
103944,Displacement due to conflict,Lebanon,LBN,Mount Lebanon,LB3,Baabda,LB32,12594,2024-09-15T00:00:00,2024,9,46,Conflict,,,El Nabatieh,LB4,BA
128238,Displacement due to conflict,Lebanon,LBN,Mount Lebanon,LB3,Chouf,LB33,511,2024-09-15T00:00:00,2024,9,46,Conflict,,,South,LB6,BA
127887,Displacement due to conflict,Lebanon,LBN,Mount Lebanon,LB3,Kesrwane,LB35,376,2024-09-15T00:00:00,2024,9,46,Conflict,,,El Nabatieh,LB4,BA
127455,Displacement due to conflict,Lebanon,LBN,Mount Lebanon,LB3,El Meten,LB36,95,2024-09-15T00:00:00,2024,9,46,Conflict,,,South,LB6,BA
127406,Displacement due to conflict,Lebanon,LBN,Mount Lebanon,LB3,Jbeil,LB34,292,2024-09-15T00:00:00,2024,9,46,Conflict,,,Mount Lebanon,LB3,BA
132375,Displacement due to conflict,Lebanon,LBN,Mount Lebanon,LB3,Aley,LB31,280,2024-09-15T00:00:00,2024,9,46,Conflict,,,Mount Lebanon,LB3,BA
133299,Displacement due to conflict,Lebanon,LBN,North,LB5,El Batroun,LB52,2,2024-09-15T00:00:00,2024,9,46,Conflict,,,Beirut,LB1,BA
139044,Displacement due to conflict,Lebanon,LBN,Bekaa,LB2,Zahle,LB25,237,2024-09-15T00:00:00,2024,9,46,Conflict,,,El Nabatieh,LB4,BA
120208,Displacement due to conflict,Lebanon,LBN,Mount Lebanon,LB3,Kesrwane,LB35,40,2024-09-15T00:00:00,2024,9,46,Conflict,,,South,LB6,BA
123243,Displacement due to conflict,Lebanon,LBN,Mount Lebanon,LB3,Kesrwane,LB35,20,2024-09-15T00:00:00,2024,9,46,Conflict,,,Beirut,LB1,BA
126191,Displacement due to conflict,Lebanon,LBN,North,LB5,El Minieh-Dennie,LB55,35,2024-09-15T00:00:00,2024,9,46,Conflict,,,South,LB6,BA
119192,Displacement due to conflict,Lebanon,LBN,North,LB5,El Koura,LB54,6,2024-09-15T00:00:00,2024,9,46,Conflict,,,El Nabatieh,LB4,BA
117616,Displacement due to conflict,Lebanon,LBN,South,LB6,Sour,LB63,10739,2024-09-15T00:00:00,2024,9,46,Conflict,,,South,LB6,BA
114998,Displacement due to conflict,Lebanon,LBN,Baalbek-El Hermel,LB8,El Hermel,LB22,126,2024-09-15T00:00:00,2024,9,46,Conflict,,,El Nabatieh,LB4,BA
113885,Displacement due to conflict,Lebanon,LBN,Mount Lebanon,LB3,El Meten,LB36,55,2024-09-15T00:00:00,2024,9,46,Conflict,,,Mount Lebanon,LB3,BA
113004,Displacement due to conflict,Lebanon,LBN,Mount Lebanon,LB3,Kesrwane,LB35,10,2024-09-15T00:00:00,2024,9,46,Conflict,,,Mount Lebanon,LB3,BA
113021,Displacement due to conflict,Lebanon,LBN,Mount Lebanon,LB3,Aley,LB31,6242,2024-09-15T00:00:00,2024,9,46,Conflict,,,El Nabatieh,LB4,BA
113960,Displacement due to conflict,Lebanon,LBN,Mount Lebanon,LB3,Baabda,LB32,20,2024-09-23T00:00:00,2024,9,47,Conflict,,,Beirut,LB1,BA
114621,Displacement due to conflict,Lebanon,LBN,Bekaa,LB2,West Bekaa,LB24,584,2024-09-23T00:00:00,2024,9,47,Conflict,,,El Nabatieh,LB4,BA
116682,Displacement due to conflict,Lebanon,LBN,South,LB6,Saida,LB61,11001,2024-09-23T00:00:00,2024,9,47,Conflict,,,El Nabatieh,LB4,BA
118789,Displacement due to conflict,Lebanon,LBN,North,LB5,El Koura,LB54,5,2024-09-23T00:00:00,2024,9,47,Conflict,,,Mount Lebanon,LB3,BA
125680,Displacement due to conflict,Lebanon,LBN,Mount Lebanon,LB3,Aley,LB31,421,2024-09-23T00:00:00,2024,9,47,Conflict,,,Beirut,LB1,BA
122794,Displacement due to conflict,Lebanon,LBN,North,LB5,El Minieh-Dennie,LB55,35,2024-09-23T00:00:00,2024,9,47,Conflict,,,South,LB6,BA
140303,Displacement due to conflict,Lebanon,LBN,South,LB6,Jezzine,LB62,57,2024-09-23T00:00:00,2024,9,47,Conflict,,,El Nabatieh,LB4,BA
126841,Displacement due to conflict,Lebanon,LBN,Mount Lebanon,LB3,El Meten,LB36,4031,2024-09-23T00:00:00,2024,9,47,Conflict,,,El Nabatieh,LB4,BA
103977,Displacement due to conflict,Lebanon,LBN,South,LB6,Jezzine,LB62,33,2024-09-23T00:00:00,2024,9,47,Conflict,,,South,LB6,BA
103983,Displacement due to conflict,Lebanon,LBN,Baalbek-El Hermel,LB8,Baalbek,LB21,1498,2024-09-23T00:00:00,2024,9,47,Conflict,,,El Nabatieh,LB4,BA
104274,Displacement due to conflict,Lebanon,LBN,North,LB5,El Batroun,LB52,2,2024-09-23T00:00:00,2024,9,47,Conflict,,,Beirut,LB1,BA
99891,Displacement due to conflict,Lebanon,LBN,South,LB6,Saida,LB61,968,2024-09-23T00:00:00,2024,9,47,Conflict,,,South,LB6,BA
99484,Displacement due to conflict,Lebanon,LBN,Akkar,LB7,Akkar,LB51,236,2024-09-23T00:00:00,2024,9,47,Conflict,,,El Nabatieh,LB4,BA
108303,Displacement due to conflict,Lebanon,LBN,Baalbek-El Hermel,LB8,Baalbek,LB21,600,2024-09-23T00:00:00,2024,9,47,Conflict,,,Beirut,LB1,BA
110738,Displacement due to conflict,Lebanon,LBN,El Nabatieh,LB4,Marjaayoun,LB43,2155,2024-09-23T00:00:00,2024,9,47,Conflict,,,El Nabatieh,LB4,BA
86898,Displacement due to conflict,Lebanon,LBN,El Nabatieh,LB4,El Nabatieh,LB44,20129,2024-09-23T00:00:00,2024,9,47,Conflict,,,El Nabatieh,LB4,BA
96026,Displacement due to conflict,Lebanon,LBN,Mount Lebanon,LB3,Kesrwane,LB35,306,2024-09-23T00:00:00,2024,9,47,Conflict,,,El Nabatieh,LB4,BA
97859,Displacement due to conflict,Lebanon,LBN,Mount Lebanon,LB3,Jbeil,LB34,7,2024-09-23T00:00:00,2024,9,47,Conflict,,,Beirut,LB1,BA
98722,Displacement due to conflict,Lebanon,LBN,Mount Lebanon,LB3,Kesrwane,LB35,34,2024-09-23T00:00:00,2024,9,47,Conflict,,,South,LB6,BA
78354,Displacement due to conflict,Lebanon,LBN,Mount Lebanon,LB3,Jbeil,LB34,69,2024-09-23T00:00:00,2024,9,47,Conflict,,,South,LB6,BA
80737,Displacement due to conflict,Lebanon,LBN,South,LB6,Sour,LB63,17631,2024-09-23T00:00:00,2024,9,47,Conflict,,,El Nabatieh,LB4,BA
84501,Displacement due to conflict,Lebanon,LBN,North,LB5,El Batroun,LB52,12,2024-09-23T00:00:00,2024,9,47,Conflict,,,El Nabatieh,LB4,BA
77299,Displacement due to conflict,Lebanon,LBN,Mount Lebanon,LB3,Aley,LB31,6223,2024-09-23T00:00:00,2024,9,47,Conflict,,,El Nabatieh,LB4,BA
71719,Displacement due to conflict,Lebanon,LBN,North,LB5,Zgharta,LB57,85,2024-09-23T00:00:00,2024,9,47,Conflict,,,South,LB6,BA
74586,Displacement due to conflict,Lebanon,LBN,Mount Lebanon,LB3,Aley,LB31,280,2024-09-23T00:00:00,2024,9,47,Conflict,,,Mount Lebanon,LB3,BA
74076,Displacement due to conflict,Lebanon,LBN,Mount Lebanon,LB3,Baabda,LB32,12775,2024-09-23T00:00:00,2024,9,47,Conflict,,,El Nabatieh,LB4,BA
73001,Displacement due to conflict,Lebanon,LBN,Beirut,LB1,Beirut,LB11,7810,2024-09-23T00:00:00,2024,9,47,Conflict,,,El Nabatieh,LB4,BA
68069,Displacement due to conflict,Lebanon,LBN,Akkar,LB7,Akkar,LB51,15,2024-09-23T00:00:00,2024,9,47,Conflict,,,South,LB6,BA
69060,Displacement due to conflict,Lebanon,LBN,Mount Lebanon,LB3,Chouf,LB33,2973,2024-09-23T00:00:00,2024,9,47,Conflict,,,El Nabatieh,LB4,BA
69344,Displacement due to conflict,Lebanon,LBN,Bekaa,LB2,Rachaya,LB23,299,2024-09-23T00:00:00,2024,9,47,Conflict,,,El Nabatieh,LB4,BA
60366,Displacement due to conflict,Lebanon,LBN,Mount Lebanon,LB3,Jbeil,LB34,1055,2024-09-23T00:00:00,2024,9,47,Conflict,,,El Nabatieh,LB4,BA
61160,Displacement due to conflict,Lebanon,LBN,Mount Lebanon,LB3,Kesrwane,LB35,20,2024-09-23T00:00:00,2024,9,47,Conflict,,,Beirut,LB1,BA
62709,Displacement due to conflict,Lebanon,LBN,Baalbek-El Hermel,LB8,Baalbek,LB21,16,2024-09-23T00:00:00,2024,9,47,Conflict,,,South,LB6,BA
38457,Displacement due to conflict,Lebanon,LBN,Akkar,LB7,Akkar,LB51,32,2024-09-23T00:00:00,2024,9,47,Conflict,,,Beirut,LB1,BA
37688,Displacement due to conflict,Lebanon,LBN,Mount Lebanon,LB3,Kesrwane,LB35,25,2024-09-23T00:00:00,2024,9,47,Conflict,,,Mount Lebanon,LB3,BA
40518,Displacement due to conflict,Lebanon,LBN,Mount Lebanon,LB3,Chouf,LB33,511,2024-09-23T00:00:00,2024,9,47,Conflict,,,South,LB6,BA
41670,Displacement due to conflict,Lebanon,LBN,Mount Lebanon,LB3,Baabda,LB32,429,2024-09-23T00:00:00,2024,9,47,Conflict,,,South,LB6,BA
35242,Displacement due to conflict,Lebanon,LBN,Mount Lebanon,LB3,Aley,LB31,209,2024-09-23T00:00:00,2024,9,47,Conflict,,,South,LB6,BA
51918,Displacement due to conflict,Lebanon,LBN,South,LB6,Sour,LB63,11033,2024-09-23T00:00:00,2024,9,47,Conflict,,,South,LB6,BA
51770,Displacement due to conflict,Lebanon,LBN,Mount Lebanon,LB3,El Meten,LB36,54,2024-09-23T00:00:00,2024,9,47,Conflict,,,South,LB6,BA
51863,Displacement due to conflict,Lebanon,LBN,El Nabatieh,LB4,Bent Jbeil,LB41,6116,2024-09-23T00:00:00,2024,9,47,Conflict,,,El Nabatieh,LB4,BA
54781,Displacement due to conflict,Lebanon,LBN,Bekaa,LB2,Zahle,LB25,5,2024-09-23T00:00:00,2024,9,47,Conflict,,,Beirut,LB1,BA
1240,Displacement due to conflict,Lebanon,LBN,Bekaa,LB2,Zahle,LB25,12,2024-09-23T00:00:00,2024,9,47,Conflict,,,South,LB6,BA
1805,Displacement due to conflict,Lebanon,LBN,Mount Lebanon,LB3,Jbeil,LB34,157,2024-09-23T00:00:00,2024,9,47,Conflict,,,Mount Lebanon,LB3,BA
2899,Displacement due to conflict,Lebanon,LBN,El Nabatieh,LB4,Hasbaya,LB42,789,2024-09-23T00:00:00,2024,9,47,Conflict,,,El Nabatieh,LB4,BA
3552,Displacement due to conflict,Lebanon,LBN,Baalbek-El Hermel,LB8,Baalbek,LB21,273,2024-09-23T00:00:00,2024,9,47,Conflict,,,Mount Lebanon,LB3,BA
11605,Displacement due to conflict,Lebanon,LBN,Baalbek-El Hermel,LB8,El Hermel,LB22,101,2024-09-23T00:00:00,2024,9,47,Conflict,,,El Nabatieh,LB4,BA
26219,Displacement due to conflict,Lebanon,LBN,Bekaa,LB2,Zahle,LB25,233,2024-09-23T00:00:00,2024,9,47,Conflict,,,El Nabatieh,LB4,BA
25469,Displacement due to conflict,Lebanon,LBN,Mount Lebanon,LB3,Baabda,LB32,64,2024-09-23T00:00:00,2024,9,47,Conflict,,,Mount Lebanon,LB3,BA
24252,Displacement due to conflict,Lebanon,LBN,Baalbek-El Hermel,LB8,El Hermel,LB22,140,2024-09-23T00:00:00,2024,9,47,Conflict,,,Mount Lebanon,LB3,BA
24829,Displacement due to conflict,Lebanon,LBN,Mount Lebanon,LB3,El Meten,LB36,50,2024-09-23T00:00:00,2024,9,47,Conflict,,,Mount Lebanon,LB3,BA
21365,Displacement due to conflict,Lebanon,LBN,North,LB5,El Batroun,LB52,49,2024-09-23T00:00:00,2024,9,47,Conflict,,,South,LB6,BA
19530,Displacement due to conflict,Lebanon,LBN,North,LB5,El Koura,LB54,21,2024-09-23T00:00:00,2024,9,47,Conflict,,,El Nabatieh,LB4,BA
18527,Displacement due to conflict,Lebanon,LBN,Bekaa,LB2,Rachaya,LB23,8,2024-09-23T00:00:00,2024,9,47,Conflict,,,Beirut,LB1,BA
18911,Displacement due to conflict,Lebanon,LBN,South,LB6,Saida,LB61,2573,2024-09-30T00:00:00,2024,9,48,Conflict,,,South,LB6,BA
14490,Displacement due to conflict,Lebanon,LBN,Beirut,LB1,Beirut,LB11,19817,2024-09-30T00:00:00,2024,9,48,Conflict,,,El Nabatieh,LB4,BA
14525,Displacement due to conflict,Lebanon,LBN,Mount Lebanon,LB3,Chouf,LB33,8331,2024-09-30T00:00:00,2024,9,48,Conflict,,,El Nabatieh,LB4,BA
14955,Displacement due to conflict,Lebanon,LBN,South,LB6,Sour,LB63,8780,2024-09-30T00:00:00,2024,9,48,Conflict,,,South,LB6,BA
15058,Displacement due to conflict,Lebanon,LBN,North,LB5,El Koura,LB54,70,2024-09-30T00:00:00,2024,9,48,Conflict,,,Mount Lebanon,LB3,BA
15422,Displacement due to conflict,Lebanon,LBN,Bekaa,LB2,Rachaya,LB23,8,2024-09-30T00:00:00,2024,9,48,Conflict,,,Beirut,LB1,BA
25717,Displacement due to conflict,Lebanon,LBN,Mount Lebanon,LB3,Aley,LB31,165,2024-09-30T00:00:00,2024,9,48,Conflict,,,Beirut,LB1,BA
11116,Displacement due to conflict,Lebanon,LBN,Mount Lebanon,LB3,Aley,LB31,4199,2024-09-30T00:00:00,2024,9,48,Conflict,,,Mount Lebanon,LB3,BA
9293,Displacement due to conflict,Lebanon,LBN,El Nabatieh,LB4,Hasbaya,LB42,1062,2024-09-30T00:00:00,2024,9,48,Conflict,,,El Nabatieh,LB4,BA
10547,Displacement due to conflict,Lebanon,LBN,North,LB5,Tripoli,LB56,150,2024-09-30T00:00:00,2024,9,48,Conflict,,,South,LB6,BA
10218,Displacement due to conflict,Lebanon,LBN,Baalbek-El Hermel,LB8,Baalbek,LB21,2425,2024-09-30T00:00:00,2024,9,48,Conflict,,,El Nabatieh,LB4,BA
2567,Displacement due to conflict,Lebanon,LBN,Bekaa,LB2,Rachaya,LB23,435,2024-09-30T00:00:00,2024,9,48,Conflict,,,El Nabatieh,LB4,BA
83,Displacement due to conflict,Lebanon,LBN,El Nabatieh,LB4,Bent Jbeil,LB41,6048,2024-09-30T00:00:00,2024,9,48,Conflict,,,El Nabatieh,LB4,BA
5789,Displacement due to conflict,Lebanon,LBN,Mount Lebanon,LB3,Chouf,LB33,9054,2024-09-30T00:00:00,2024,9,48,Conflict,,,South,LB6,BA
6012,Displacement due to conflict,Lebanon,LBN,Baalbek-El Hermel,LB8,Baalbek,LB21,312,2024-09-30T00:00:00,2024,9,48,Conflict,,,Mount Lebanon,LB3,BA
53095,Displacement due to conflict,Lebanon,LBN,North,LB5,El Batroun,LB52,1599,2024-09-30T00:00:00,2024,9,48,Conflict,,,South,LB6,BA
51475,Displacement due to conflict,Lebanon,LBN,North,LB5,Zgharta,LB57,284,2024-09-30T00:00:00,2024,9,48,Conflict,,,El Nabatieh,LB4,BA
52541,Displacement due to conflict,Lebanon,LBN,Bekaa,LB2,West Bekaa,LB24,2739,2024-09-30T00:00:00,2024,9,48,Conflict,,,Baalbek-El Hermel,LB8,BA
50639,Displacement due to conflict,Lebanon,LBN,Mount Lebanon,LB3,El Meten,LB36,595,2024-09-30T00:00:00,2024,9,48,Conflict,,,Baalbek-El Hermel,LB8,BA
50050,Displacement due to conflict,Lebanon,LBN,Beirut,LB1,Beirut,LB11,7977,2024-09-30T00:00:00,2024,9,48,Conflict,,,South,LB6,BA
43891,Displacement due to conflict,Lebanon,LBN,North,LB5,Zgharta,LB57,2870,2024-09-30T00:00:00,2024,9,48,Conflict,,,South,LB6,BA
44389,Displacement due to conflict,Lebanon,LBN,Mount Lebanon,LB3,El Meten,LB36,716,2024-09-30T00:00:00,2024,9,48,Conflict,,,South,LB6,BA
42846,Displacement due to conflict,Lebanon,LBN,Mount Lebanon,LB3,Baabda,LB32,801,2024-09-30T00:00:00,2024,9,48,Conflict,,,Mount Lebanon,LB3,BA
47839,Displacement due to conflict,Lebanon,LBN,Mount Lebanon,LB3,Kesrwane,LB35,50,2024-09-30T00:00:00,2024,9,48,Conflict,,,Beirut,LB1,BA
47427,Displacement due to conflict,Lebanon,LBN,North,LB5,El Koura,LB54,553,2024-09-30T00:00:00,2024,9,48,Conflict,,,El Nabatieh,LB4,BA
48623,Displacement due to conflict,Lebanon,LBN,Beirut,LB1,Beirut,LB11,308,2024-09-30T00:00:00,2024,9,48,Conflict,,,Mount Lebanon,LB3,BA
34621,Displacement due to conflict,Lebanon,LBN,South,LB6,Saida,LB61,19899,2024-09-30T00:00:00,2024,9,48,Conflict,,,El Nabatieh,LB4,BA
33205,Displacement due to conflict,Lebanon,LBN,Akkar,LB7,Akkar,LB51,2,2024-09-30T00:00:00,2024,9,48,Conflict,,,Mount Lebanon,LB3,BA
33886,Displacement due to conflict,Lebanon,LBN,Baalbek-El Hermel,LB8,Baalbek,LB21,600,2024-09-30T00:00:00,2024,9,48,Conflict,,,Beirut,LB1,BA
29129,Displacement due to conflict,Lebanon,LBN,Bekaa,LB2,Zahle,LB25,10,2024-09-30T00:00:00,2024,9,48,Conflict,,,Bekaa,LB2,BA
30021,Displacement due to conflict,Lebanon,LBN,Mount Lebanon,LB3,Chouf,LB33,1385,2024-09-30T00:00:00,2024,9,48,Conflict,,,Mount Lebanon,LB3,BA
31401,Displacement due to conflict,Lebanon,LBN,El Nabatieh,LB4,El Nabatieh,LB44,18952,2024-09-30T00:00:00,2024,9,48,Conflict,,,El Nabatieh,LB4,BA
32005,Displacement due to conflict,Lebanon,LBN,North,LB5,El Batroun,LB52,69,2024-09-30T00:00:00,2024,9,48,Conflict,,,Beirut,LB1,BA
41830,Displacement due to conflict,Lebanon,LBN,North,LB5,El Minieh-Dennie,LB55,50,2024-09-30T00:00:00,2024,9,48,Conflict,,,El Nabatieh,LB4,BA
42230,Displacement due to conflict,Lebanon,LBN,Mount Lebanon,LB3,Baabda,LB32,20968,2024-09-30T00:00:00,2024,9,48,Conflict,,,El Nabatieh,LB4,BA
42353,Displacement due to conflict,Lebanon,LBN,Mount Lebanon,LB3,Kesrwane,LB35,1128,2024-09-30T00:00:00,2024,9,48,Conflict,,,Mount Lebanon,LB3,BA
42478,Displacement due to conflict,Lebanon,LBN,Akkar,LB7,Akkar,LB51,357,2024-09-30T00:00:00,2024,9,48,Conflict,,,Beirut,LB1,BA
42497,Displacement due to conflict,Lebanon,LBN,Mount Lebanon,LB3,Aley,LB31,2671,2024-09-30T00:00:00,2024,9,48,Conflict,,,South,LB6,BA
35678,Displacement due to conflict,Lebanon,LBN,Mount Lebanon,LB3,Baabda,LB32,81,2024-09-30T00:00:00,2024,9,48,Conflict,,,Beirut,LB1,BA
35895,Displacement due to conflict,Lebanon,LBN,North,LB5,Tripoli,LB56,1938,2024-09-30T00:00:00,2024,9,48,Conflict,,,El Nabatieh,LB4,BA
63409,Displacement due to conflict,Lebanon,LBN,South,LB6,Jezzine,LB62,197,2024-09-30T00:00:00,2024,9,48,Conflict,,,South,LB6,BA
61253,Displacement due to conflict,Lebanon,LBN,Mount Lebanon,LB3,Kesrwane,LB35,506,2024-09-30T00:00:00,2024,9,48,Conflict,,,El Nabatieh,LB4,BA
61107,Displacement due to conflict,Lebanon,LBN,South,LB6,Jezzine,LB62,2035,2024-09-30T00:00:00,2024,9,48,Conflict,,,El Nabatieh,LB4,BA
59981,Displacement due to conflict,Lebanon,LBN,Akkar,LB7,Akkar,LB51,29,2024-09-30T00:00:00,2024,9,48,Conflict,,,Bekaa,LB2,BA
58591,Displacement due to conflict,Lebanon,LBN,Mount Lebanon,LB3,El Meten,LB36,5788,2024-09-30T00:00:00,2024,9,48,Conflict,,,El Nabatieh,LB4,BA
68197,Displacement due to conflict,Lebanon,LBN,Mount Lebanon,LB3,Kesrwane,LB35,723,2024-09-30T00:00:00,2024,9,48,Conflict,,,South,LB6,BA
70463,Displacement due to conflict,Lebanon,LBN,North,LB5,El Batroun,LB52,9,2024-09-30T00:00:00,2024,9,48,Conflict,,,El Nabatieh,LB4,BA
65782,Displacement due to conflict,Lebanon,LBN,North,LB5,El Batroun,LB52,26,2024-09-30T00:00:00,2024,9,48,Conflict,,,Mount Lebanon,LB3,BA
66680,Displacement due to conflict,Lebanon,LBN,Bekaa,LB2,Zahle,LB25,2092,2024-09-30T00:00:00,2024,9,48,Conflict,,,El Nabatieh,LB4,BA
65318,Displacement due to conflict,Lebanon,LBN,North,LB5,Tripoli,LB56,815,2024-09-30T00:00:00,2024,9,48,Conflict,,,Baalbek-El Hermel,LB8,BA
74573,Displacement due to conflict,Lebanon,LBN,Baalbek-El Hermel,LB8,Baalbek,LB21,14,2024-09-30T00:00:00,2024,9,48,Conflict,,,South,LB6,BA
74122,Displacement due to conflict,Lebanon,LBN,South,LB6,Sour,LB63,10977,2024-09-30T00:00:00,2024,9,48,Conflict,,,El Nabatieh,LB4,BA
72477,Displacement due to conflict,Lebanon,LBN,Bekaa,LB2,West Bekaa,LB24,1215,2024-09-30T00:00:00,2024,9,48,Conflict,,,El Nabatieh,LB4,BA
75437,Displacement due to conflict,Lebanon,LBN,Bekaa,LB2,Zahle,LB25,12,2024-09-30T00:00:00,2024,9,48,Conflict,,,South,LB6,BA
97710,Displacement due to conflict,Lebanon,LBN,South,LB6,Jezzine,LB62,67,2024-09-30T00:00:00,2024,9,48,Conflict,,,Baalbek-El Hermel,LB8,BA
97796,Displacement due to conflict,Lebanon,LBN,North,LB5,El Minieh-Dennie,LB55,4556,2024-09-30T00:00:00,2024,9,48,Conflict,,,South,LB6,BA
96131,Displacement due to conflict,Lebanon,LBN,Mount Lebanon,LB3,Jbeil,LB34,4597,2024-09-30T00:00:00,2024,9,48,Conflict,,,Mount Lebanon,LB3,BA
96563,Displacement due to conflict,Lebanon,LBN,Mount Lebanon,LB3,Jbeil,LB34,7,2024-09-30T00:00:00,2024,9,48,Conflict,,,Beirut,LB1,BA
96742,Displacement due to conflict,Lebanon,LBN,South,LB6,Jezzine,LB62,130,2024-09-30T00:00:00,2024,9,48,Conflict,,,Bekaa,LB2,BA
97036,Displacement due to conflict,Lebanon,LBN,Mount Lebanon,LB3,Jbeil,LB34,2498,2024-09-30T00:00:00,2024,9,48,Conflict,,,El Nabatieh,LB4,BA
94963,Displacement due to conflict,Lebanon,LBN,Mount Lebanon,LB3,Kesrwane,LB35,15,2024-09-30T00:00:00,2024,9,48,Conflict,,,Baalbek-El Hermel,LB8,BA
93434,Displacement due to conflict,Lebanon,LBN,North,LB5,El Minieh-Dennie,LB55,160,2024-09-30T00:00:00,2024,9,48,Conflict,,,Beirut,LB1,BA
92277,Displacement due to conflict,Lebanon,LBN,Mount Lebanon,LB3,El Meten,LB36,582,2024-09-30T00:00:00,2024,9,48,Conflict,,,Mount Lebanon,LB3,BA
84722,Displacement due to conflict,Lebanon,LBN,Mount Lebanon,LB3,Jbeil,LB34,49,2024-09-30T00:00:00,2024,9,48,Conflict,,,South,LB6,BA
89257,Displacement due to conflict,Lebanon,LBN,Baalbek-El Hermel,LB8,El Hermel,LB22,121,2024-09-30T00:00:00,2024,9,48,Conflict,,,Mount Lebanon,LB3,BA
89825,Displacement due to conflict,Lebanon,LBN,Mount Lebanon,LB3,Aley,LB31,7486,2024-09-30T00:00:00,2024,9,48,Conflict,,,El Nabatieh,LB4,BA
111949,Displacement due to conflict,Lebanon,LBN,North,LB5,El Koura,LB54,179,2024-09-30T00:00:00,2024,9,48,Conflict,,,South,LB6,BA
112571,Displacement due to conflict,Lebanon,LBN,Mount Lebanon,LB3,El Meten,LB36,100,2024-09-30T00:00:00,2024,9,48,Conflict,,,Bekaa,LB2,BA
106168,Displacement due to conflict,Lebanon,LBN,Bekaa,LB2,Rachaya,LB23,275,2024-09-30T00:00:00,2024,9,48,Conflict,,,South,LB6,BA
99570,Displacement due to conflict,Lebanon,LBN,Bekaa,LB2,Zahle,LB25,5605,2024-09-30T00:00:00,2024,9,48,Conflict,,,Baalbek-El Hermel,LB8,BA
100517,Displacement due to conflict,Lebanon,LBN,Mount Lebanon,LB3,Baabda,LB32,250,2024-09-30T00:00:00,2024,9,48,Conflict,,,Baalbek-El Hermel,LB8,BA
101511,Displacement due to conflict,Lebanon,LBN,El Nabatieh,LB4,Marjaayoun,LB43,1652,2024-09-30T00:00:00,2024,9,48,Conflict,,,El Nabatieh,LB4,BA
103986,Displacement due to conflict,Lebanon,LBN,Akkar,LB7,Akkar,LB51,215,2024-09-30T00:00:00,2024,9,48,Conflict,,,Baalbek-El Hermel,LB8,BA
102371,Displacement due to conflict,Lebanon,LBN,Akkar,LB7,Akkar,LB51,2301,2024-09-30T00:00:00,2024,9,48,Conflict,,,El Nabatieh,LB4,BA
128788,Displacement due to conflict,Lebanon,LBN,Baalbek-El Hermel,LB8,El Hermel,LB22,101,2024-09-30T00:00:00,2024,9,48,Conflict,,,El Nabatieh,LB4,BA
133457,Displacement due to conflict,Lebanon,LBN,Baalbek-El Hermel,LB8,Baalbek,LB21,4518,2024-09-30T00:00:00,2024,9,48,Conflict,,,Baalbek-El Hermel,LB8,BA
120288,Displacement due to conflict,Lebanon,LBN,South,LB6,Saida,LB61,24,2024-09-30T00:00:00,2024,9,48,Conflict,,,Mount Lebanon,LB3,BA
119460,Displacement due to conflict,Lebanon,LBN,North,LB5,El Minieh-Dennie,LB55,70,2024-09-30T00:00:00,2024,9,48,Conflict,,,Mount Lebanon,LB3,BA
118190,Displacement due to conflict,Lebanon,LBN,Akkar,LB7,Akkar,LB51,215,2024-09-30T00:00:00,2024,9,48,Conflict,,,South,LB6,BA
117928,Displacement due to conflict,Lebanon,LBN,Mount Lebanon,LB3,Baabda,LB32,940,2024-09-30T00:00:00,2024,9,48,Conflict,,,South,LB6,BA
117761,Displacement due to conflict,Lebanon,LBN,North,LB5,El Koura,LB54,137,2024-09-30T00:00:00,2024,9,48,Conflict,,,Baalbek-El Hermel,LB8,BA
117816,Displacement due to conflict,Lebanon,LBN,El Nabatieh,LB4,Bent Jbeil,LB41,143,2024-10-01T00:00:00,2024,10,49,Conflict,,,El Nabatieh,LB4,BA
117020,Displacement due to conflict,Lebanon,LBN,Mount Lebanon,LB3,Jbeil,LB34,976,2024-10-01T00:00:00,2024,10,49,Conflict,,,South,LB6,BA
117006,Displacement due to conflict,Lebanon,LBN,Mount Lebanon,LB3,Kesrwane,LB35,895,2024-10-01T00:00:00,2024,10,49,Conflict,,,Mount Lebanon,LB3,BA
118456,Displacement due to conflict,Lebanon,LBN,Bekaa,LB2,West Bekaa,LB24,160,2024-10-01T00:00:00,2024,10,49,Conflict,,,Mount Lebanon,LB3,BA
118478,Displacement due to conflict,Lebanon,LBN,North,LB5,Tripoli,LB56,2975,2024-10-01T00:00:00,2024,10,49,Conflict,,,El Nabatieh,LB4,BA
113215,Displacement due to conflict,Lebanon,LBN,North,LB5,El Batroun,LB52,2730,2024-10-01T00:00:00,2024,10,49,Conflict,,,South,LB6,BA
115087,Displacement due to conflict,Lebanon,LBN,Mount Lebanon,LB3,El Meten,LB36,948,2024-10-01T00:00:00,2024,10,49,Conflict,,,Bekaa,LB2,BA
119821,Displacement due to conflict,Lebanon,LBN,Baalbek-El Hermel,LB8,Baalbek,LB21,130,2024-10-01T00:00:00,2024,10,49,Conflict,,,South,LB6,BA
119671,Displacement due to conflict,Lebanon,LBN,South,LB6,Jezzine,LB62,3077,2024-10-01T00:00:00,2024,10,49,Conflict,,,El Nabatieh,LB4,BA
121563,Displacement due to conflict,Lebanon,LBN,Akkar,LB7,Akkar,LB51,198,2024-10-01T00:00:00,2024,10,49,Conflict,,,Akkar,LB7,BA
121632,Displacement due to conflict,Lebanon,LBN,El Nabatieh,LB4,Marjaayoun,LB43,789,2024-10-01T00:00:00,2024,10,49,Conflict,,,El Nabatieh,LB4,BA
126353,Displacement due to conflict,Lebanon,LBN,North,LB5,Tripoli,LB56,2009,2024-10-01T00:00:00,2024,10,49,Conflict,,,South,LB6,BA
124307,Displacement due to conflict,Lebanon,LBN,Mount Lebanon,LB3,Aley,LB31,2483,2024-10-01T00:00:00,2024,10,49,Conflict,,,Beirut,LB1,BA
124218,Displacement due to conflict,Lebanon,LBN,Baalbek-El Hermel,LB8,Baalbek,LB21,2215,2024-10-01T00:00:00,2024,10,49,Conflict,,,El Nabatieh,LB4,BA
131970,Displacement due to conflict,Lebanon,LBN,Mount Lebanon,LB3,Kesrwane,LB35,2765,2024-10-01T00:00:00,2024,10,49,Conflict,,,El Nabatieh,LB4,BA
130693,Displacement due to conflict,Lebanon,LBN,Bekaa,LB2,Zahle,LB25,1137,2024-10-01T00:00:00,2024,10,49,Conflict,,,Mount Lebanon,LB3,BA
130324,Displacement due to conflict,Lebanon,LBN,North,LB5,El Koura,LB54,2131,2024-10-01T00:00:00,2024,10,49,Conflict,,,El Nabatieh,LB4,BA
139118,Displacement due to conflict,Lebanon,LBN,Mount Lebanon,LB3,Chouf,LB33,461,2024-10-01T00:00:00,2024,10,49,Conflict,,,Beirut,LB1,BA
134661,Displacement due to conflict,Lebanon,LBN,Baalbek-El Hermel,LB8,Baalbek,LB21,653,2024-10-01T00:00:00,2024,10,49,Conflict,,,Mount Lebanon,LB3,BA
128662,Displacement due to conflict,Lebanon,LBN,El Nabatieh,LB4,El Nabatieh,LB44,46,2024-10-01T00:00:00,2024,10,49,Conflict,,,South,LB6,BA
128577,Displacement due to conflict,Lebanon,LBN,Akkar,LB7,Akkar,LB51,220,2024-10-01T00:00:00,2024,10,49,Conflict,,,Baalbek-El Hermel,LB8,BA
105478,Displacement due to conflict,Lebanon,LBN,Bekaa,LB2,Zahle,LB25,500,2024-10-01T00:00:00,2024,10,49,Conflict,,,Bekaa,LB2,BA
101540,Displacement due to conflict,Lebanon,LBN,Bekaa,LB2,West Bekaa,LB24,12,2024-10-01T00:00:00,2024,10,49,Conflict,,,Baalbek-El Hermel,LB8,BA
99627,Displacement due to conflict,Lebanon,LBN,Bekaa,LB2,Zahle,LB25,337,2024-10-01T00:00:00,2024,10,49,Conflict,,,South,LB6,BA
99747,Displacement due to conflict,Lebanon,LBN,South,LB6,Sour,LB63,8724,2024-10-01T00:00:00,2024,10,49,Conflict,,,South,LB6,BA
109604,Displacement due to conflict,Lebanon,LBN,South,LB6,Saida,LB61,165,2024-10-01T00:00:00,2024,10,49,Conflict,,,Mount Lebanon,LB3,BA
112889,Displacement due to conflict,Lebanon,LBN,Mount Lebanon,LB3,Aley,LB31,581,2024-10-01T00:00:00,2024,10,49,Conflict,,,Bekaa,LB2,BA
111679,Displacement due to conflict,Lebanon,LBN,Mount Lebanon,LB3,Aley,LB31,4808,2024-10-01T00:00:00,2024,10,49,Conflict,,,South,LB6,BA
109203,Displacement due to conflict,Lebanon,LBN,Bekaa,LB2,Rachaya,LB23,321,2024-10-01T00:00:00,2024,10,49,Conflict,,,Bekaa,LB2,BA
88662,Displacement due to conflict,Lebanon,LBN,Mount Lebanon,LB3,El Meten,LB36,6,2024-10-01T00:00:00,2024,10,49,Conflict,,,Baalbek-El Hermel,LB8,BA
90242,Displacement due to conflict,Lebanon,LBN,North,LB5,Zgharta,LB57,5136,2024-10-01T00:00:00,2024,10,49,Conflict,,,South,LB6,BA
84795,Displacement due to conflict,Lebanon,LBN,Akkar,LB7,Akkar,LB51,8708,2024-10-01T00:00:00,2024,10,49,Conflict,,,South,LB6,BA
85618,Displacement due to conflict,Lebanon,LBN,Bekaa,LB2,Zahle,LB25,3581,2024-10-01T00:00:00,2024,10,49,Conflict,,,El Nabatieh,LB4,BA
92576,Displacement due to conflict,Lebanon,LBN,Mount Lebanon,LB3,Chouf,LB33,37079,2024-10-01T00:00:00,2024,10,49,Conflict,,,El Nabatieh,LB4,BA
94570,Displacement due to conflict,Lebanon,LBN,Mount Lebanon,LB3,Baabda,LB32,1914,2024-10-01T00:00:00,2024,10,49,Conflict,,,Mount Lebanon,LB3,BA
94195,Displacement due to conflict,Lebanon,LBN,Akkar,LB7,Akkar,LB51,1170,2024-10-01T00:00:00,2024,10,49,Conflict,,,Beirut,LB1,BA
98502,Displacement due to conflict,Lebanon,LBN,North,LB5,El Batroun,LB52,1051,2024-10-01T00:00:00,2024,10,49,Conflict,,,El Nabatieh,LB4,BA
76491,Displacement due to conflict,Lebanon,LBN,Mount Lebanon,LB3,El Meten,LB36,34,2024-10-01T00:00:00,2024,10,49,Conflict,,,Beirut,LB1,BA
71586,Displacement due to conflict,Lebanon,LBN,North,LB5,Zgharta,LB57,569,2024-10-01T00:00:00,2024,10,49,Conflict,,,El Nabatieh,LB4,BA
73968,Displacement due to conflict,Lebanon,LBN,El Nabatieh,LB4,El Nabatieh,LB44,1541,2024-10-01T00:00:00,2024,10,49,Conflict,,,El Nabatieh,LB4,BA
81168,Displacement due to conflict,Lebanon,LBN,Mount Lebanon,LB3,Baabda,LB32,214,2024-10-01T00:00:00,2024,10,49,Conflict,,,Bekaa,LB2,BA
79124,Displacement due to conflict,Lebanon,LBN,Mount Lebanon,LB3,Baabda,LB32,1951,2024-10-01T00:00:00,2024,10,49,Conflict,,,South,LB6,BA
67721,Displacement due to conflict,Lebanon,LBN,Akkar,LB7,Akkar,LB51,684,2024-10-01T00:00:00,2024,10,49,Conflict,,,Bekaa,LB2,BA
70563,Displacement due to conflict,Lebanon,LBN,Mount Lebanon,LB3,Jbeil,LB34,6797,2024-10-01T00:00:00,2024,10,49,Conflict,,,Mount Lebanon,LB3,BA
69470,Displacement due to conflict,Lebanon,LBN,Bekaa,LB2,Rachaya,LB23,944,2024-10-01T00:00:00,2024,10,49,Conflict,,,El Nabatieh,LB4,BA
58280,Displacement due to conflict,Lebanon,LBN,North,LB5,El Koura,LB54,911,2024-10-01T00:00:00,2024,10,49,Conflict,,,Mount Lebanon,LB3,BA
58955,Displacement due to conflict,Lebanon,LBN,Baalbek-El Hermel,LB8,Baalbek,LB21,300,2024-10-01T00:00:00,2024,10,49,Conflict,,,Bekaa,LB2,BA
60557,Displacement due to conflict,Lebanon,LBN,North,LB5,El Batroun,LB52,5,2024-10-01T00:00:00,2024,10,49,Conflict,,,Bekaa,LB2,BA
60493,Displacement due to conflict,Lebanon,LBN,Akkar,LB7,Akkar,LB51,12475,2024-10-01T00:00:00,2024,10,49,Conflict,,,El Nabatieh,LB4,BA
62805,Displacement due to conflict,Lebanon,LBN,Mount Lebanon,LB3,Baabda,LB32,582,2024-10-01T00:00:00,2024,10,49,Conflict,,,Beirut,LB1,BA
36120,Displacement due to conflict,Lebanon,LBN,Mount Lebanon,LB3,Aley,LB31,13276,2024-10-01T00:00:00,2024,10,49,Conflict,,,El Nabatieh,LB4,BA
41951,Displacement due to conflict,Lebanon,LBN,Beirut,LB1,Beirut,LB11,1000,2024-10-01T00:00:00,2024,10,49,Conflict,,,Mount Lebanon,LB3,BA
41795,Displacement due to conflict,Lebanon,LBN,Bekaa,LB2,West Bekaa,LB24,316,2024-10-01T00:00:00,2024,10,49,Conflict,,,Beirut,LB1,BA
41616,Displacement due to conflict,Lebanon,LBN,Bekaa,LB2,Rachaya,LB23,608,2024-10-01T00:00:00,2024,10,49,Conflict,,,South,LB6,BA
40531,Displacement due to conflict,Lebanon,LBN,Bekaa,LB2,West Bekaa,LB24,2241,2024-10-01T00:00:00,2024,10,49,Conflict,,,El Nabatieh,LB4,BA
41142,Displacement due to conflict,Lebanon,LBN,South,LB6,Saida,LB61,8259,2024-10-01T00:00:00,2024,10,49,Conflict,,,South,LB6,BA
30945,Displacement due to conflict,Lebanon,LBN,Mount Lebanon,LB3,Jbeil,LB34,6603,2024-10-01T00:00:00,2024,10,49,Conflict,,,El Nabatieh,LB4,BA
30629,Displacement due to conflict,Lebanon,LBN,Baalbek-El Hermel,LB8,Baalbek,LB21,12452,2024-10-01T00:00:00,2024,10,49,Conflict,,,Baalbek-El Hermel,LB8,BA
30423,Displacement due to conflict,Lebanon,LBN,North,LB5,El Minieh-Dennie,LB55,2185,2024-10-01T00:00:00,2024,10,49,Conflict,,,El Nabatieh,LB4,BA
29673,Displacement due to conflict,Lebanon,LBN,South,LB6,Jezzine,LB62,1855,2024-10-01T00:00:00,2024,10,49,Conflict,,,South,LB6,BA
33757,Displacement due to conflict,Lebanon,LBN,Mount Lebanon,LB3,El Meten,LB36,4856,2024-10-01T00:00:00,2024,10,49,Conflict,,,Mount Lebanon,LB3,BA
32466,Displacement due to conflict,Lebanon,LBN,Mount Lebanon,LB3,Chouf,LB33,40,2024-10-01T00:00:00,2024,10,49,Conflict,,,Bekaa,LB2,BA
32423,Displacement due to conflict,Lebanon,LBN,Akkar,LB7,Akkar,LB51,317,2024-10-01T00:00:00,2024,10,49,Conflict,,,Mount Lebanon,LB3,BA
47402,Displacement due to conflict,Lebanon,LBN,Mount Lebanon,LB3,Kesrwane,LB35,505,2024-10-01T00:00:00,2024,10,49,Conflict,,,Baalbek-El Hermel,LB8,BA
42581,Displacement due to conflict,Lebanon,LBN,North,LB5,El Koura,LB54,138,2024-10-01T00:00:00,2024,10,49,Conflict,,,Bekaa,LB2,BA
42611,Displacement due to conflict,Lebanon,LBN,North,LB5,Zgharta,LB57,1365,2024-10-01T00:00:00,2024,10,49,Conflict,,,Beirut,LB1,BA
44280,Displacement due to conflict,Lebanon,LBN,Mount Lebanon,LB3,Chouf,LB33,15817,2024-10-01T00:00:00,2024,10,49,Conflict,,,South,LB6,BA
50925,Displacement due to conflict,Lebanon,LBN,North,LB5,El Minieh-Dennie,LB55,5078,2024-10-01T00:00:00,2024,10,49,Conflict,,,South,LB6,BA
53456,Displacement due to conflict,Lebanon,LBN,South,LB6,Jezzine,LB62,164,2024-10-01T00:00:00,2024,10,49,Conflict,,,Mount Lebanon,LB3,BA
53728,Displacement due to conflict,Lebanon,LBN,Mount Lebanon,LB3,Baabda,LB32,7558,2024-10-01T00:00:00,2024,10,49,Conflict,,,El Nabatieh,LB4,BA
55465,Displacement due to conflict,Lebanon,LBN,Mount Lebanon,LB3,Chouf,LB33,553,2024-10-01T00:00:00,2024,10,49,Conflict,,,Mount Lebanon,LB3,BA
6264,Displacement due to conflict,Lebanon,LBN,North,LB5,El Koura,LB54,4050,2024-10-01T00:00:00,2024,10,49,Conflict,,,South,LB6,BA
6401,Displacement due to conflict,Lebanon,LBN,El Nabatieh,LB4,Hasbaya,LB42,1682,2024-10-01T00:00:00,2024,10,49,Conflict,,,El Nabatieh,LB4,BA
5788,Displacement due to conflict,Lebanon,LBN,South,LB6,Jezzine,LB62,130,2024-10-01T00:00:00,2024,10,49,Conflict,,,Bekaa,LB2,BA
5317,Displacement due to conflict,Lebanon,LBN,Mount Lebanon,LB3,Kesrwane,LB35,1942,2024-10-01T00:00:00,2024,10,49,Conflict,,,South,LB6,BA
1390,Displacement due to conflict,Lebanon,LBN,Bekaa,LB2,Zahle,LB25,10951,2024-10-01T00:00:00,2024,10,49,Conflict,,,Baalbek-El Hermel,LB8,BA
10179,Displacement due to conflict,Lebanon,LBN,North,LB5,El Batroun,LB52,281,2024-10-01T00:00:00,2024,10,49,Conflict,,,North,LB5,BA
10755,Displacement due to conflict,Lebanon,LBN,Mount Lebanon,LB3,El Meten,LB36,11246,2024-10-01T00:00:00,2024,10,49,Conflict,,,El Nabatieh,LB4,BA
9765,Displacement due to conflict,Lebanon,LBN,Mount Lebanon,LB3,Kesrwane,LB35,100,2024-10-01T00:00:00,2024,10,49,Conflict,,,Beirut,LB1,BA
9193,Displacement due to conflict,Lebanon,LBN,Mount Lebanon,LB3,Jbeil,LB34,600,2024-10-01T00:00:00,2024,10,49,Conflict,,,Bekaa,LB2,BA
11183,Displacement due to conflict,Lebanon,LBN,North,LB5,Bcharre,LB53,10,2024-10-01T00:00:00,2024,10,49,Conflict,,,Beirut,LB1,BA
14080,Displacement due to conflict,Lebanon,LBN,North,LB5,Tripoli,LB56,2219,2024-10-01T00:00:00,2024,10,49,Conflict,,,Beirut,LB1,BA
27852,Displacement due to conflict,Lebanon,LBN,Bekaa,LB2,West Bekaa,LB24,525,2024-10-01T00:00:00,2024,10,49,Conflict,,,South,LB6,BA
28495,Displacement due to conflict,Lebanon,LBN,Mount Lebanon,LB3,Jbeil,LB34,7,2024-10-01T00:00:00,2024,10,49,Conflict,,,Beirut,LB1,BA
24897,Displacement due to conflict,Lebanon,LBN,Baalbek-El Hermel,LB8,El Hermel,LB22,105,2024-10-01T00:00:00,2024,10,49,Conflict,,,Baalbek-El Hermel,LB8,BA
25379,Displacement due to conflict,Lebanon,LBN,Beirut,LB1,Beirut,LB11,15992,2024-10-01T00:00:00,2024,10,49,Conflict,,,South,LB6,BA
24614,Displacement due to conflict,Lebanon,LBN,Beirut,LB1,Beirut,LB11,37577,2024-10-01T00:00:00,2024,10,49,Conflict,,,El Nabatieh,LB4,BA
15395,Displacement due to conflict,Lebanon,LBN,South,LB6,Saida,LB61,22203,2024-10-01T00:00:00,2024,10,49,Conflict,,,El Nabatieh,LB4,BA
15829,Displacement due to conflict,Lebanon,LBN,Mount Lebanon,LB3,Baabda,LB32,475,2024-10-01T00:00:00,2024,10,49,Conflict,,,Baalbek-El Hermel,LB8,BA
15747,Displacement due to conflict,Lebanon,LBN,North,LB5,Bcharre,LB53,25,2024-10-01T00:00:00,2024,10,49,Conflict,,,Bekaa,LB2,BA
17148,Displacement due to conflict,Lebanon,LBN,Mount Lebanon,LB3,Jbeil,LB34,30,2024-10-01T00:00:00,2024,10,49,Conflict,,,Baalbek-El Hermel,LB8,BA
17427,Displacement due to conflict,Lebanon,LBN,North,LB5,El Koura,LB54,576,2024-10-01T00:00:00,2024,10,49,Conflict,,,Beirut,LB1,BA
17445,Displacement due to conflict,Lebanon,LBN,South,LB6,Sour,LB63,551,2024-10-01T00:00:00,2024,10,49,Conflict,,,El Nabatieh,LB4,BA
18634,Displacement due to conflict,Lebanon,LBN,North,LB5,El Minieh-Dennie,LB55,541,2024-10-01T00:00:00,2024,10,49,Conflict,,,Mount Lebanon,LB3,BA
19735,Displacement due to conflict,Lebanon,LBN,North,LB5,Bcharre,LB53,78,2024-10-01T00:00:00,2024,10,49,Conflict,,,South,LB6,BA
19066,Displacement due to conflict,Lebanon,LBN,Mount Lebanon,LB3,El Meten,LB36,3654,2024-10-01T00:00:00,2024,10,49,Conflict,,,South,LB6,BA
19090,Displacement due to conflict,Lebanon,LBN,Mount Lebanon,LB3,Aley,LB31,17232,2024-10-01T00:00:00,2024,10,49,Conflict,,,Mount Lebanon,LB3,BA
17297,Displacement due to conflict,Lebanon,LBN,Mount Lebanon,LB3,Jbeil,LB34,7920,2024-10-04T00:00:00,2024,10,50,Conflict,,,El Nabatieh,LB4,BA
15659,Displacement due to conflict,Lebanon,LBN,North,LB5,El Minieh-Dennie,LB55,928,2024-10-04T00:00:00,2024,10,50,Conflict,,,Mount Lebanon,LB3,BA
15899,Displacement due to conflict,Lebanon,LBN,North,LB5,El Minieh-Dennie,LB55,2035,2024-10-04T00:00:00,2024,10,50,Conflict,,,El Nabatieh,LB4,BA
14396,Displacement due to conflict,Lebanon,LBN,North,LB5,El Koura,LB54,857,2024-10-04T00:00:00,2024,10,50,Conflict,,,Beirut,LB1,BA
14376,Displacement due to conflict,Lebanon,LBN,South,LB6,Sour,LB63,8495,2024-10-04T00:00:00,2024,10,50,Conflict,,,South,LB6,BA
23177,Displacement due to conflict,Lebanon,LBN,North,LB5,El Batroun,LB52,1582,2024-10-04T00:00:00,2024,10,50,Conflict,,,El Nabatieh,LB4,BA
22966,Displacement due to conflict,Lebanon,LBN,Bekaa,LB2,Zahle,LB25,9937,2024-10-04T00:00:00,2024,10,50,Conflict,,,Baalbek-El Hermel,LB8,BA
26025,Displacement due to conflict,Lebanon,LBN,Baalbek-El Hermel,LB8,Baalbek,LB21,1218,2024-10-04T00:00:00,2024,10,50,Conflict,,,Mount Lebanon,LB3,BA
25935,Displacement due to conflict,Lebanon,LBN,Mount Lebanon,LB3,El Meten,LB36,1765,2024-10-04T00:00:00,2024,10,50,Conflict,,,Mount Lebanon,LB3,BA
14004,Displacement due to conflict,Lebanon,LBN,Beirut,LB1,Beirut,LB11,1810,2024-10-04T00:00:00,2024,10,50,Conflict,,,Mount Lebanon,LB3,BA
11808,Displacement due to conflict,Lebanon,LBN,North,LB5,El Koura,LB54,2276,2024-10-04T00:00:00,2024,10,50,Conflict,,,South,LB6,BA
5076,Displacement due to conflict,Lebanon,LBN,Mount Lebanon,LB3,Kesrwane,LB35,6068,2024-10-04T00:00:00,2024,10,50,Conflict,,,El Nabatieh,LB4,BA
4471,Displacement due to conflict,Lebanon,LBN,Mount Lebanon,LB3,Aley,LB31,5542,2024-10-04T00:00:00,2024,10,50,Conflict,,,South,LB6,BA
7180,Displacement due to conflict,Lebanon,LBN,North,LB5,Bcharre,LB53,15,2024-10-04T00:00:00,2024,10,50,Conflict,,,Bekaa,LB2,BA
54540,Displacement due to conflict,Lebanon,LBN,North,LB5,Bcharre,LB53,25,2024-10-04T00:00:00,2024,10,50,Conflict,,,Beirut,LB1,BA
55420,Displacement due to conflict,Lebanon,LBN,Mount Lebanon,LB3,Kesrwane,LB35,105,2024-10-04T00:00:00,2024,10,50,Conflict,,,Beirut,LB1,BA
52854,Displacement due to conflict,Lebanon,LBN,North,LB5,Zgharta,LB57,1287,2024-10-04T00:00:00,2024,10,50,Conflict,,,El Nabatieh,LB4,BA
51489,Displacement due to conflict,Lebanon,LBN,Mount Lebanon,LB3,Chouf,LB33,27,2024-10-04T00:00:00,2024,10,50,Conflict,,,Beirut,LB1,BA
43267,Displacement due to conflict,Lebanon,LBN,South,LB6,Saida,LB61,7891,2024-10-04T00:00:00,2024,10,50,Conflict,,,El Nabatieh,LB4,BA
42836,Displacement due to conflict,Lebanon,LBN,Bekaa,LB2,Zahle,LB25,888,2024-10-04T00:00:00,2024,10,50,Conflict,,,Bekaa,LB2,BA
47517,Displacement due to conflict,Lebanon,LBN,South,LB6,Jezzine,LB62,1403,2024-10-04T00:00:00,2024,10,50,Conflict,,,El Nabatieh,LB4,BA
47543,Displacement due to conflict,Lebanon,LBN,Bekaa,LB2,West Bekaa,LB24,1008,2024-10-04T00:00:00,2024,10,50,Conflict,,,South,LB6,BA
46976,Displacement due to conflict,Lebanon,LBN,Bekaa,LB2,Rachaya,LB23,926,2024-10-04T00:00:00,2024,10,50,Conflict,,,South,LB6,BA
32444,Displacement due to conflict,Lebanon,LBN,Baalbek-El Hermel,LB8,Baalbek,LB21,3079,2024-10-04T00:00:00,2024,10,50,Conflict,,,El Nabatieh,LB4,BA
33707,Displacement due to conflict,Lebanon,LBN,Mount Lebanon,LB3,Baabda,LB32,605,2024-10-04T00:00:00,2024,10,50,Conflict,,,Baalbek-El Hermel,LB8,BA
34764,Displacement due to conflict,Lebanon,LBN,Akkar,LB7,Akkar,LB51,14392,2024-10-04T00:00:00,2024,10,50,Conflict,,,South,LB6,BA
35093,Displacement due to conflict,Lebanon,LBN,North,LB5,El Minieh-Dennie,LB55,8603,2024-10-04T00:00:00,2024,10,50,Conflict,,,South,LB6,BA
29687,Displacement due to conflict,Lebanon,LBN,Mount Lebanon,LB3,Kesrwane,LB35,3096,2024-10-04T00:00:00,2024,10,50,Conflict,,,South,LB6,BA
29041,Displacement due to conflict,Lebanon,LBN,Mount Lebanon,LB3,Aley,LB31,18294,2024-10-04T00:00:00,2024,10,50,Conflict,,,Mount Lebanon,LB3,BA
40372,Displacement due to conflict,Lebanon,LBN,North,LB5,El Batroun,LB52,5,2024-10-04T00:00:00,2024,10,50,Conflict,,,Bekaa,LB2,BA
39733,Displacement due to conflict,Lebanon,LBN,Mount Lebanon,LB3,Baabda,LB32,50,2024-10-04T00:00:00,2024,10,50,Conflict,,,Bekaa,LB2,BA
41901,Displacement due to conflict,Lebanon,LBN,Mount Lebanon,LB3,Jbeil,LB34,600,2024-10-04T00:00:00,2024,10,50,Conflict,,,Bekaa,LB2,BA
36423,Displacement due to conflict,Lebanon,LBN,North,LB5,El Koura,LB54,3030,2024-10-04T00:00:00,2024,10,50,Conflict,,,El Nabatieh,LB4,BA
60310,Displacement due to conflict,Lebanon,LBN,Mount Lebanon,LB3,Chouf,LB33,6025,2024-10-04T00:00:00,2024,10,50,Conflict,,,Mount Lebanon,LB3,BA
60241,Displacement due to conflict,Lebanon,LBN,Beirut,LB1,Beirut,LB11,27973,2024-10-04T00:00:00,2024,10,50,Conflict,,,South,LB6,BA
60781,Displacement due to conflict,Lebanon,LBN,Beirut,LB1,Beirut,LB11,83710,2024-10-04T00:00:00,2024,10,50,Conflict,,,El Nabatieh,LB4,BA
58307,Displacement due to conflict,Lebanon,LBN,Mount Lebanon,LB3,Kesrwane,LB35,985,2024-10-04T00:00:00,2024,10,50,Conflict,,,Mount Lebanon,LB3,BA
56665,Displacement due to conflict,Lebanon,LBN,Mount Lebanon,LB3,El Meten,LB36,7497,2024-10-04T00:00:00,2024,10,50,Conflict,,,South,LB6,BA
69136,Displacement due to conflict,Lebanon,LBN,Baalbek-El Hermel,LB8,Baalbek,LB21,16815,2024-10-04T00:00:00,2024,10,50,Conflict,,,Baalbek-El Hermel,LB8,BA
68384,Displacement due to conflict,Lebanon,LBN,Mount Lebanon,LB3,Jbeil,LB34,2166,2024-10-04T00:00:00,2024,10,50,Conflict,,,South,LB6,BA
67859,Displacement due to conflict,Lebanon,LBN,Mount Lebanon,LB3,El Meten,LB36,14293,2024-10-04T00:00:00,2024,10,50,Conflict,,,El Nabatieh,LB4,BA
70308,Displacement due to conflict,Lebanon,LBN,Mount Lebanon,LB3,Jbeil,LB34,11027,2024-10-04T00:00:00,2024,10,50,Conflict,,,Mount Lebanon,LB3,BA
70660,Displacement due to conflict,Lebanon,LBN,South,LB6,Saida,LB61,412,2024-10-04T00:00:00,2024,10,50,Conflict,,,Mount Lebanon,LB3,BA
67729,Displacement due to conflict,Lebanon,LBN,Mount Lebanon,LB3,Baabda,LB32,2448,2024-10-04T00:00:00,2024,10,50,Conflict,,,Mount Lebanon,LB3,BA
67554,Displacement due to conflict,Lebanon,LBN,Mount Lebanon,LB3,Aley,LB31,19547,2024-10-04T00:00:00,2024,10,50,Conflict,,,El Nabatieh,LB4,BA
66852,Displacement due to conflict,Lebanon,LBN,South,LB6,Jezzine,LB62,130,2024-10-04T00:00:00,2024,10,50,Conflict,,,Bekaa,LB2,BA
65414,Displacement due to conflict,Lebanon,LBN,Bekaa,LB2,Zahle,LB25,1943,2024-10-04T00:00:00,2024,10,50,Conflict,,,Mount Lebanon,LB3,BA
64742,Displacement due to conflict,Lebanon,LBN,Mount Lebanon,LB3,El Meten,LB36,94,2024-10-04T00:00:00,2024,10,50,Conflict,,,Beirut,LB1,BA
64489,Displacement due to conflict,Lebanon,LBN,Mount Lebanon,LB3,Chouf,LB33,44002,2024-10-04T00:00:00,2024,10,50,Conflict,,,South,LB6,BA
78693,Displacement due to conflict,Lebanon,LBN,South,LB6,Jezzine,LB62,3140,2024-10-04T00:00:00,2024,10,50,Conflict,,,South,LB6,BA
84120,Displacement due to conflict,Lebanon,LBN,North,LB5,El Minieh-Dennie,LB55,250,2024-10-04T00:00:00,2024,10,50,Conflict,,,Beirut,LB1,BA
83093,Displacement due to conflict,Lebanon,LBN,Bekaa,LB2,West Bekaa,LB24,12,2024-10-04T00:00:00,2024,10,50,Conflict,,,Baalbek-El Hermel,LB8,BA
82997,Displacement due to conflict,Lebanon,LBN,North,LB5,Tripoli,LB56,1283,2024-10-04T00:00:00,2024,10,50,Conflict,,,El Nabatieh,LB4,BA
82560,Displacement due to conflict,Lebanon,LBN,Baalbek-El Hermel,LB8,Baalbek,LB21,900,2024-10-04T00:00:00,2024,10,50,Conflict,,,South,LB6,BA
74956,Displacement due to conflict,Lebanon,LBN,South,LB6,Sour,LB63,195,2024-10-04T00:00:00,2024,10,50,Conflict,,,El Nabatieh,LB4,BA
72928,Displacement due to conflict,Lebanon,LBN,Bekaa,LB2,Zahle,LB25,6633,2024-10-04T00:00:00,2024,10,50,Conflict,,,El Nabatieh,LB4,BA
73815,Displacement due to conflict,Lebanon,LBN,North,LB5,Zgharta,LB57,7738,2024-10-04T00:00:00,2024,10,50,Conflict,,,South,LB6,BA
77304,Displacement due to conflict,Lebanon,LBN,Mount Lebanon,LB3,Aley,LB31,762,2024-10-04T00:00:00,2024,10,50,Conflict,,,Bekaa,LB2,BA
77576,Displacement due to conflict,Lebanon,LBN,North,LB5,Tripoli,LB56,3264,2024-10-04T00:00:00,2024,10,50,Conflict,,,South,LB6,BA
77638,Displacement due to conflict,Lebanon,LBN,Mount Lebanon,LB3,Baabda,LB32,3317,2024-10-04T00:00:00,2024,10,50,Conflict,,,South,LB6,BA
75742,Displacement due to conflict,Lebanon,LBN,Mount Lebanon,LB3,Baabda,LB32,554,2024-10-04T00:00:00,2024,10,50,Conflict,,,Beirut,LB1,BA
74778,Displacement due to conflict,Lebanon,LBN,Akkar,LB7,Akkar,LB51,2435,2024-10-04T00:00:00,2024,10,50,Conflict,,,Mount Lebanon,LB3,BA
76513,Displacement due to conflict,Lebanon,LBN,El Nabatieh,LB4,Marjaayoun,LB43,339,2024-10-04T00:00:00,2024,10,50,Conflict,,,El Nabatieh,LB4,BA
76526,Displacement due to conflict,Lebanon,LBN,North,LB5,Zgharta,LB57,2410,2024-10-04T00:00:00,2024,10,50,Conflict,,,Beirut,LB1,BA
94867,Displacement due to conflict,Lebanon,LBN,South,LB6,Saida,LB61,29843,2024-10-04T00:00:00,2024,10,50,Conflict,,,South,LB6,BA
92651,Displacement due to conflict,Lebanon,LBN,North,LB5,El Batroun,LB52,3400,2024-10-04T00:00:00,2024,10,50,Conflict,,,South,LB6,BA
92388,Displacement due to conflict,Lebanon,LBN,North,LB5,El Koura,LB54,3639,2024-10-04T00:00:00,2024,10,50,Conflict,,,Mount Lebanon,LB3,BA
86388,Displacement due to conflict,Lebanon,LBN,Bekaa,LB2,Rachaya,LB23,1141,2024-10-04T00:00:00,2024,10,50,Conflict,,,El Nabatieh,LB4,BA
86058,Displacement due to conflict,Lebanon,LBN,Mount Lebanon,LB3,Jbeil,LB34,7,2024-10-04T00:00:00,2024,10,50,Conflict,,,Beirut,LB1,BA
86768,Displacement due to conflict,Lebanon,LBN,Baalbek-El Hermel,LB8,El Hermel,LB22,450,2024-10-04T00:00:00,2024,10,50,Conflict,,,South,LB6,BA
87845,Displacement due to conflict,Lebanon,LBN,Bekaa,LB2,Rachaya,LB23,321,2024-10-04T00:00:00,2024,10,50,Conflict,,,Bekaa,LB2,BA
89875,Displacement due to conflict,Lebanon,LBN,North,LB5,Tripoli,LB56,2560,2024-10-04T00:00:00,2024,10,50,Conflict,,,Beirut,LB1,BA
111789,Displacement due to conflict,Lebanon,LBN,Mount Lebanon,LB3,El Meten,LB36,90,2024-10-04T00:00:00,2024,10,50,Conflict,,,Baalbek-El Hermel,LB8,BA
109785,Displacement due to conflict,Lebanon,LBN,Mount Lebanon,LB3,Baabda,LB32,9286,2024-10-04T00:00:00,2024,10,50,Conflict,,,El Nabatieh,LB4,BA
108055,Displacement due to conflict,Lebanon,LBN,Bekaa,LB2,West Bekaa,LB24,370,2024-10-04T00:00:00,2024,10,50,Conflict,,,Bekaa,LB2,BA
108341,Displacement due to conflict,Lebanon,LBN,Akkar,LB7,Akkar,LB51,726,2024-10-04T00:00:00,2024,10,50,Conflict,,,Bekaa,LB2,BA
106731,Displacement due to conflict,Lebanon,LBN,North,LB5,Tripoli,LB56,1565,2024-10-04T00:00:00,2024,10,50,Conflict,,,Mount Lebanon,LB3,BA
100343,Displacement due to conflict,Lebanon,LBN,El Nabatieh,LB4,Hasbaya,LB42,1759,2024-10-04T00:00:00,2024,10,50,Conflict,,,El Nabatieh,LB4,BA
101959,Displacement due to conflict,Lebanon,LBN,Akkar,LB7,Akkar,LB51,18330,2024-10-04T00:00:00,2024,10,50,Conflict,,,El Nabatieh,LB4,BA
101381,Displacement due to conflict,Lebanon,LBN,Akkar,LB7,Akkar,LB51,680,2024-10-04T00:00:00,2024,10,50,Conflict,,,Baalbek-El Hermel,LB8,BA
105525,Displacement due to conflict,Lebanon,LBN,El Nabatieh,LB4,Bent Jbeil,LB41,349,2024-10-04T00:00:00,2024,10,50,Conflict,,,El Nabatieh,LB4,BA
104482,Displacement due to conflict,Lebanon,LBN,North,LB5,El Batroun,LB52,6,2024-10-04T00:00:00,2024,10,50,Conflict,,,Mount Lebanon,LB3,BA
129298,Displacement due to conflict,Lebanon,LBN,Mount Lebanon,LB3,Chouf,LB33,50,2024-10-04T00:00:00,2024,10,50,Conflict,,,Bekaa,LB2,BA
129741,Displacement due to conflict,Lebanon,LBN,Mount Lebanon,LB3,Jbeil,LB34,80,2024-10-04T00:00:00,2024,10,50,Conflict,,,Baalbek-El Hermel,LB8,BA
127379,Displacement due to conflict,Lebanon,LBN,Akkar,LB7,Akkar,LB51,4809,2024-10-04T00:00:00,2024,10,50,Conflict,,,Beirut,LB1,BA
135035,Displacement due to conflict,Lebanon,LBN,Baalbek-El Hermel,LB8,El Hermel,LB22,190,2024-10-04T00:00:00,2024,10,50,Conflict,,,Baalbek-El Hermel,LB8,BA
140411,Displacement due to conflict,Lebanon,LBN,Mount Lebanon,LB3,Chouf,LB33,60199,2024-10-04T00:00:00,2024,10,50,Conflict,,,El Nabatieh,LB4,BA
130790,Displacement due to conflict,Lebanon,LBN,Bekaa,LB2,Zahle,LB25,407,2024-10-04T00:00:00,2024,10,50,Conflict,,,South,LB6,BA
124169,Displacement due to conflict,Lebanon,LBN,Mount Lebanon,LB3,El Meten,LB36,948,2024-10-04T00:00:00,2024,10,50,Conflict,,,Bekaa,LB2,BA
123340,Displacement due to conflict,Lebanon,LBN,North,LB5,Bcharre,LB53,616,2024-10-04T00:00:00,2024,10,50,Conflict,,,South,LB6,BA
120640,Displacement due to conflict,Lebanon,LBN,El Nabatieh,LB4,El Nabatieh,LB44,1136,2024-10-04T00:00:00,2024,10,50,Conflict,,,El Nabatieh,LB4,BA
120412,Displacement due to conflict,Lebanon,LBN,Bekaa,LB2,West Bekaa,LB24,120,2024-10-04T00:00:00,2024,10,50,Conflict,,,Mount Lebanon,LB3,BA
116158,Displacement due to conflict,Lebanon,LBN,Bekaa,LB2,West Bekaa,LB24,7884,2024-10-04T00:00:00,2024,10,50,Conflict,,,El Nabatieh,LB4,BA
117902,Displacement due to conflict,Lebanon,LBN,Mount Lebanon,LB3,Aley,LB31,2477,2024-10-04T00:00:00,2024,10,50,Conflict,,,Beirut,LB1,BA
117287,Displacement due to conflict,Lebanon,LBN,Bekaa,LB2,Rachaya,LB23,28,2024-10-04T00:00:00,2024,10,50,Conflict,,,Mount Lebanon,LB3,BA
117412,Displacement due to conflict,Lebanon,LBN,North,LB5,Bcharre,LB53,15,2024-10-07T00:00:00,2024,10,51,Conflict,,,Baalbek-El Hermel,LB8,BA
116614,Displacement due to conflict,Lebanon,LBN,Bekaa,LB2,West Bekaa,LB24,85,2024-10-07T00:00:00,2024,10,51,Conflict,,,Mount Lebanon,LB3,BA
118601,Displacement due to conflict,Lebanon,LBN,Mount Lebanon,LB3,Chouf,LB33,50,2024-10-07T00:00:00,2024,10,51,Conflict,,,Bekaa,LB2,BA
117909,Displacement due to conflict,Lebanon,LBN,North,LB5,Bcharre,LB53,18,2024-10-07T00:00:00,2024,10,51,Conflict,,,Beirut,LB1,BA
117927,Displacement due to conflict,Lebanon,LBN,North,LB5,Tripoli,LB56,2113,2024-10-07T00:00:00,2024,10,51,Conflict,,,Mount Lebanon,LB3,BA
118016,Displacement due to conflict,Lebanon,LBN,Akkar,LB7,Akkar,LB51,19637,2024-10-07T00:00:00,2024,10,51,Conflict,,,El Nabatieh,LB4,BA
113172,Displacement due to conflict,Lebanon,LBN,Bekaa,LB2,Zahle,LB25,280,2024-10-07T00:00:00,2024,10,51,Conflict,,,Mount Lebanon,LB3,BA
113311,Displacement due to conflict,Lebanon,LBN,North,LB5,El Minieh-Dennie,LB55,17,2024-10-07T00:00:00,2024,10,51,Conflict,,,Mount Lebanon,LB3,BA
114286,Displacement due to conflict,Lebanon,LBN,North,LB5,Bcharre,LB53,847,2024-10-07T00:00:00,2024,10,51,Conflict,,,El Nabatieh,LB4,BA
114203,Displacement due to conflict,Lebanon,LBN,North,LB5,Tripoli,LB56,4392,2024-10-07T00:00:00,2024,10,51,Conflict,,,Beirut,LB1,BA
122770,Displacement due to conflict,Lebanon,LBN,Baalbek-El Hermel,LB8,Baalbek,LB21,1491,2024-10-07T00:00:00,2024,10,51,Conflict,,,Mount Lebanon,LB3,BA
122418,Displacement due to conflict,Lebanon,LBN,North,LB5,Zgharta,LB57,217,2024-10-07T00:00:00,2024,10,51,Conflict,,,Mount Lebanon,LB3,BA
123705,Displacement due to conflict,Lebanon,LBN,Mount Lebanon,LB3,Jbeil,LB34,7,2024-10-07T00:00:00,2024,10,51,Conflict,,,Beirut,LB1,BA
126075,Displacement due to conflict,Lebanon,LBN,Mount Lebanon,LB3,Jbeil,LB34,2605,2024-10-07T00:00:00,2024,10,51,Conflict,,,South,LB6,BA
127495,Displacement due to conflict,Lebanon,LBN,El Nabatieh,LB4,El Nabatieh,LB44,1105,2024-10-07T00:00:00,2024,10,51,Conflict,,,El Nabatieh,LB4,BA
126748,Displacement due to conflict,Lebanon,LBN,Bekaa,LB2,Rachaya,LB23,100,2024-10-07T00:00:00,2024,10,51,Conflict,,,Baalbek-El Hermel,LB8,BA
127321,Displacement due to conflict,Lebanon,LBN,North,LB5,El Koura,LB54,3325,2024-10-07T00:00:00,2024,10,51,Conflict,,,El Nabatieh,LB4,BA
129733,Displacement due to conflict,Lebanon,LBN,Mount Lebanon,LB3,Chouf,LB33,50152,2024-10-07T00:00:00,2024,10,51,Conflict,,,South,LB6,BA
129604,Displacement due to conflict,Lebanon,LBN,Mount Lebanon,LB3,Chouf,LB33,168,2024-10-07T00:00:00,2024,10,51,Conflict,,,Beirut,LB1,BA
129447,Displacement due to conflict,Lebanon,LBN,El Nabatieh,LB4,Marjaayoun,LB43,201,2024-10-07T00:00:00,2024,10,51,Conflict,,,El Nabatieh,LB4,BA
104836,Displacement due to conflict,Lebanon,LBN,South,LB6,Sour,LB63,150,2024-10-07T00:00:00,2024,10,51,Conflict,,,El Nabatieh,LB4,BA
104120,Displacement due to conflict,Lebanon,LBN,Mount Lebanon,LB3,Aley,LB31,30466,2024-10-07T00:00:00,2024,10,51,Conflict,,,El Nabatieh,LB4,BA
105992,Displacement due to conflict,Lebanon,LBN,Mount Lebanon,LB3,Baabda,LB32,9076,2024-10-07T00:00:00,2024,10,51,Conflict,,,El Nabatieh,LB4,BA
102836,Displacement due to conflict,Lebanon,LBN,South,LB6,Jezzine,LB62,2105,2024-10-07T00:00:00,2024,10,51,Conflict,,,El Nabatieh,LB4,BA
103916,Displacement due to conflict,Lebanon,LBN,El Nabatieh,LB4,El Nabatieh,LB44,81,2024-10-07T00:00:00,2024,10,51,Conflict,,,Mount Lebanon,LB3,BA
102066,Displacement due to conflict,Lebanon,LBN,El Nabatieh,LB4,Bent Jbeil,LB41,349,2024-10-07T00:00:00,2024,10,51,Conflict,,,El Nabatieh,LB4,BA
101537,Displacement due to conflict,Lebanon,LBN,North,LB5,El Minieh-Dennie,LB55,9803,2024-10-07T00:00:00,2024,10,51,Conflict,,,South,LB6,BA
99481,Displacement due to conflict,Lebanon,LBN,North,LB5,Zgharta,LB57,8693,2024-10-07T00:00:00,2024,10,51,Conflict,,,South,LB6,BA
99317,Displacement due to conflict,Lebanon,LBN,Baalbek-El Hermel,LB8,Baalbek,LB21,20284,2024-10-07T00:00:00,2024,10,51,Conflict,,,Baalbek-El Hermel,LB8,BA
107977,Displacement due to conflict,Lebanon,LBN,South,LB6,Sour,LB63,8343,2024-10-07T00:00:00,2024,10,51,Conflict,,,South,LB6,BA
108292,Displacement due to conflict,Lebanon,LBN,South,LB6,Jezzine,LB62,130,2024-10-07T00:00:00,2024,10,51,Conflict,,,Bekaa,LB2,BA
112686,Displacement due to conflict,Lebanon,LBN,North,LB5,Zgharta,LB57,1208,2024-10-07T00:00:00,2024,10,51,Conflict,,,El Nabatieh,LB4,BA
89830,Displacement due to conflict,Lebanon,LBN,Bekaa,LB2,Rachaya,LB23,1467,2024-10-07T00:00:00,2024,10,51,Conflict,,,El Nabatieh,LB4,BA
90259,Displacement due to conflict,Lebanon,LBN,Baalbek-El Hermel,LB8,Baalbek,LB21,1371,2024-10-07T00:00:00,2024,10,51,Conflict,,,El Nabatieh,LB4,BA
90391,Displacement due to conflict,Lebanon,LBN,Mount Lebanon,LB3,El Meten,LB36,1644,2024-10-07T00:00:00,2024,10,51,Conflict,,,Bekaa,LB2,BA
86574,Displacement due to conflict,Lebanon,LBN,Beirut,LB1,Beirut,LB11,34865,2024-10-07T00:00:00,2024,10,51,Conflict,,,South,LB6,BA
93648,Displacement due to conflict,Lebanon,LBN,Mount Lebanon,LB3,Baabda,LB32,692,2024-10-07T00:00:00,2024,10,51,Conflict,,,Beirut,LB1,BA
95756,Displacement due to conflict,Lebanon,LBN,Mount Lebanon,LB3,Kesrwane,LB35,140,2024-10-07T00:00:00,2024,10,51,Conflict,,,Beirut,LB1,BA
76238,Displacement due to conflict,Lebanon,LBN,North,LB5,El Minieh-Dennie,LB55,3608,2024-10-07T00:00:00,2024,10,51,Conflict,,,El Nabatieh,LB4,BA
75498,Displacement due to conflict,Lebanon,LBN,North,LB5,El Minieh-Dennie,LB55,200,2024-10-07T00:00:00,2024,10,51,Conflict,,,Beirut,LB1,BA
77399,Displacement due to conflict,Lebanon,LBN,Bekaa,LB2,West Bekaa,LB24,1244,2024-10-07T00:00:00,2024,10,51,Conflict,,,South,LB6,BA
74128,Displacement due to conflict,Lebanon,LBN,Bekaa,LB2,West Bekaa,LB24,8669,2024-10-07T00:00:00,2024,10,51,Conflict,,,El Nabatieh,LB4,BA
82403,Displacement due to conflict,Lebanon,LBN,Mount Lebanon,LB3,El Meten,LB36,5540,2024-10-07T00:00:00,2024,10,51,Conflict,,,South,LB6,BA
81482,Displacement due to conflict,Lebanon,LBN,Akkar,LB7,Akkar,LB51,17330,2024-10-07T00:00:00,2024,10,51,Conflict,,,South,LB6,BA
83108,Displacement due to conflict,Lebanon,LBN,South,LB6,Saida,LB61,9725,2024-10-07T00:00:00,2024,10,51,Conflict,,,El Nabatieh,LB4,BA
84221,Displacement due to conflict,Lebanon,LBN,South,LB6,Jezzine,LB62,2473,2024-10-07T00:00:00,2024,10,51,Conflict,,,South,LB6,BA
84322,Displacement due to conflict,Lebanon,LBN,Mount Lebanon,LB3,Jbeil,LB34,9736,2024-10-07T00:00:00,2024,10,51,Conflict,,,El Nabatieh,LB4,BA
84441,Displacement due to conflict,Lebanon,LBN,Akkar,LB7,Akkar,LB51,2237,2024-10-07T00:00:00,2024,10,51,Conflict,,,Baalbek-El Hermel,LB8,BA
79446,Displacement due to conflict,Lebanon,LBN,North,LB5,El Koura,LB54,1189,2024-10-07T00:00:00,2024,10,51,Conflict,,,Beirut,LB1,BA
80614,Displacement due to conflict,Lebanon,LBN,Bekaa,LB2,Zahle,LB25,5866,2024-10-07T00:00:00,2024,10,51,Conflict,,,El Nabatieh,LB4,BA
80268,Displacement due to conflict,Lebanon,LBN,North,LB5,El Batroun,LB52,1576,2024-10-07T00:00:00,2024,10,51,Conflict,,,El Nabatieh,LB4,BA
64326,Displacement due to conflict,Lebanon,LBN,Mount Lebanon,LB3,Baabda,LB32,5946,2024-10-07T00:00:00,2024,10,51,Conflict,,,South,LB6,BA
65215,Displacement due to conflict,Lebanon,LBN,Bekaa,LB2,Zahle,LB25,12967,2024-10-07T00:00:00,2024,10,51,Conflict,,,Baalbek-El Hermel,LB8,BA
70987,Displacement due to conflict,Lebanon,LBN,Akkar,LB7,Akkar,LB51,550,2024-10-07T00:00:00,2024,10,51,Conflict,,,Bekaa,LB2,BA
67814,Displacement due to conflict,Lebanon,LBN,North,LB5,Tripoli,LB56,2320,2024-10-07T00:00:00,2024,10,51,Conflict,,,South,LB6,BA
68361,Displacement due to conflict,Lebanon,LBN,Mount Lebanon,LB3,Kesrwane,LB35,3693,2024-10-07T00:00:00,2024,10,51,Conflict,,,South,LB6,BA
56713,Displacement due to conflict,Lebanon,LBN,Mount Lebanon,LB3,Chouf,LB33,57807,2024-10-07T00:00:00,2024,10,51,Conflict,,,El Nabatieh,LB4,BA
62655,Displacement due to conflict,Lebanon,LBN,North,LB5,El Batroun,LB52,5,2024-10-07T00:00:00,2024,10,51,Conflict,,,Bekaa,LB2,BA
63052,Displacement due to conflict,Lebanon,LBN,Mount Lebanon,LB3,Aley,LB31,14780,2024-10-07T00:00:00,2024,10,51,Conflict,,,South,LB6,BA
38764,Displacement due to conflict,Lebanon,LBN,Mount Lebanon,LB3,Kesrwane,LB35,7587,2024-10-07T00:00:00,2024,10,51,Conflict,,,El Nabatieh,LB4,BA
41184,Displacement due to conflict,Lebanon,LBN,Bekaa,LB2,Rachaya,LB23,321,2024-10-07T00:00:00,2024,10,51,Conflict,,,Bekaa,LB2,BA
29513,Displacement due to conflict,Lebanon,LBN,North,LB5,Zgharta,LB57,2655,2024-10-07T00:00:00,2024,10,51,Conflict,,,Beirut,LB1,BA
31350,Displacement due to conflict,Lebanon,LBN,Mount Lebanon,LB3,Aley,LB31,21882,2024-10-07T00:00:00,2024,10,51,Conflict,,,Mount Lebanon,LB3,BA
35342,Displacement due to conflict,Lebanon,LBN,El Nabatieh,LB4,Hasbaya,LB42,2288,2024-10-07T00:00:00,2024,10,51,Conflict,,,El Nabatieh,LB4,BA
34739,Displacement due to conflict,Lebanon,LBN,North,LB5,Tripoli,LB56,250,2024-10-07T00:00:00,2024,10,51,Conflict,,,El Nabatieh,LB4,BA
33698,Displacement due to conflict,Lebanon,LBN,South,LB6,Saida,LB61,34687,2024-10-07T00:00:00,2024,10,51,Conflict,,,South,LB6,BA
33451,Displacement due to conflict,Lebanon,LBN,Mount Lebanon,LB3,Kesrwane,LB35,16,2024-10-07T00:00:00,2024,10,51,Conflict,,,Baalbek-El Hermel,LB8,BA
33007,Displacement due to conflict,Lebanon,LBN,Bekaa,LB2,Rachaya,LB23,1004,2024-10-07T00:00:00,2024,10,51,Conflict,,,South,LB6,BA
47092,Displacement due to conflict,Lebanon,LBN,Mount Lebanon,LB3,El Meten,LB36,12024,2024-10-07T00:00:00,2024,10,51,Conflict,,,El Nabatieh,LB4,BA
46746,Displacement due to conflict,Lebanon,LBN,Baalbek-El Hermel,LB8,El Hermel,LB22,535,2024-10-07T00:00:00,2024,10,51,Conflict,,,Baalbek-El Hermel,LB8,BA
48590,Displacement due to conflict,Lebanon,LBN,Mount Lebanon,LB3,Aley,LB31,3129,2024-10-07T00:00:00,2024,10,51,Conflict,,,Beirut,LB1,BA
47853,Displacement due to conflict,Lebanon,LBN,Bekaa,LB2,West Bekaa,LB24,2089,2024-10-07T00:00:00,2024,10,51,Conflict,,,Bekaa,LB2,BA
43396,Displacement due to conflict,Lebanon,LBN,North,LB5,El Koura,LB54,3288,2024-10-07T00:00:00,2024,10,51,Conflict,,,Mount Lebanon,LB3,BA
52645,Displacement due to conflict,Lebanon,LBN,Akkar,LB7,Akkar,LB51,1854,2024-10-07T00:00:00,2024,10,51,Conflict,,,Mount Lebanon,LB3,BA
49639,Displacement due to conflict,Lebanon,LBN,Mount Lebanon,LB3,El Meten,LB36,7078,2024-10-07T00:00:00,2024,10,51,Conflict,,,Mount Lebanon,LB3,BA
6513,Displacement due to conflict,Lebanon,LBN,Bekaa,LB2,Zahle,LB25,682,2024-10-07T00:00:00,2024,10,51,Conflict,,,South,LB6,BA
4881,Displacement due to conflict,Lebanon,LBN,Mount Lebanon,LB3,Kesrwane,LB35,1283,2024-10-07T00:00:00,2024,10,51,Conflict,,,Mount Lebanon,LB3,BA
1828,Displacement due to conflict,Lebanon,LBN,North,LB5,Bcharre,LB53,135,2024-10-07T00:00:00,2024,10,51,Conflict,,,South,LB6,BA
2586,Displacement due to conflict,Lebanon,LBN,Mount Lebanon,LB3,Baabda,LB32,2645,2024-10-07T00:00:00,2024,10,51,Conflict,,,Mount Lebanon,LB3,BA
2682,Displacement due to conflict,Lebanon,LBN,North,LB5,El Batroun,LB52,3816,2024-10-07T00:00:00,2024,10,51,Conflict,,,South,LB6,BA
3208,Displacement due to conflict,Lebanon,LBN,Bekaa,LB2,West Bekaa,LB24,37,2024-10-07T00:00:00,2024,10,51,Conflict,,,Baalbek-El Hermel,LB8,BA
12763,Displacement due to conflict,Lebanon,LBN,Bekaa,LB2,Zahle,LB25,970,2024-10-07T00:00:00,2024,10,51,Conflict,,,Bekaa,LB2,BA
8433,Displacement due to conflict,Lebanon,LBN,North,LB5,El Batroun,LB52,6,2024-10-07T00:00:00,2024,10,51,Conflict,,,Mount Lebanon,LB3,BA
25718,Displacement due to conflict,Lebanon,LBN,Mount Lebanon,LB3,Chouf,LB33,6961,2024-10-07T00:00:00,2024,10,51,Conflict,,,Mount Lebanon,LB3,BA
26874,Displacement due to conflict,Lebanon,LBN,Mount Lebanon,LB3,El Meten,LB36,170,2024-10-07T00:00:00,2024,10,51,Conflict,,,Beirut,LB1,BA
28268,Displacement due to conflict,Lebanon,LBN,Beirut,LB1,Beirut,LB11,2917,2024-10-07T00:00:00,2024,10,51,Conflict,,,Mount Lebanon,LB3,BA
23817,Displacement due to conflict,Lebanon,LBN,Mount Lebanon,LB3,El Meten,LB36,70,2024-10-07T00:00:00,2024,10,51,Conflict,,,Baalbek-El Hermel,LB8,BA
24695,Displacement due to conflict,Lebanon,LBN,Mount Lebanon,LB3,Jbeil,LB34,826,2024-10-07T00:00:00,2024,10,51,Conflict,,,Baalbek-El Hermel,LB8,BA
25017,Displacement due to conflict,Lebanon,LBN,Beirut,LB1,Beirut,LB11,83389,2024-10-07T00:00:00,2024,10,51,Conflict,,,El Nabatieh,LB4,BA
14874,Displacement due to conflict,Lebanon,LBN,Mount Lebanon,LB3,Jbeil,LB34,10807,2024-10-07T00:00:00,2024,10,51,Conflict,,,Mount Lebanon,LB3,BA
15509,Displacement due to conflict,Lebanon,LBN,Akkar,LB7,Akkar,LB51,4987,2024-10-07T00:00:00,2024,10,51,Conflict,,,Beirut,LB1,BA
19267,Displacement due to conflict,Lebanon,LBN,North,LB5,El Koura,LB54,2868,2024-10-07T00:00:00,2024,10,51,Conflict,,,South,LB6,BA
18998,Displacement due to conflict,Lebanon,LBN,Mount Lebanon,LB3,Baabda,LB32,100,2024-10-07T00:00:00,2024,10,51,Conflict,,,Bekaa,LB2,BA
21195,Displacement due to conflict,Lebanon,LBN,North,LB5,Tripoli,LB56,2322,2024-10-10T00:00:00,2024,10,52,Conflict,,,Mount Lebanon,LB3,BA
14797,Displacement due to conflict,Lebanon,LBN,Bekaa,LB2,Rachaya,LB23,1274,2024-10-10T00:00:00,2024,10,52,Conflict,,,El Nabatieh,LB4,BA
14844,Displacement due to conflict,Lebanon,LBN,North,LB5,Zgharta,LB57,285,2024-10-10T00:00:00,2024,10,52,Conflict,,,Mount Lebanon,LB3,BA
14163,Displacement due to conflict,Lebanon,LBN,Mount Lebanon,LB3,Baabda,LB32,675,2024-10-10T00:00:00,2024,10,52,Conflict,,,Baalbek-El Hermel,LB8,BA
14489,Displacement due to conflict,Lebanon,LBN,North,LB5,Tripoli,LB56,1533,2024-10-10T00:00:00,2024,10,52,Conflict,,,South,LB6,BA
16144,Displacement due to conflict,Lebanon,LBN,North,LB5,Tripoli,LB56,1272,2024-10-10T00:00:00,2024,10,52,Conflict,,,El Nabatieh,LB4,BA
24997,Displacement due to conflict,Lebanon,LBN,Bekaa,LB2,Rachaya,LB23,346,2024-10-10T00:00:00,2024,10,52,Conflict,,,South,LB6,BA
28482,Displacement due to conflict,Lebanon,LBN,Mount Lebanon,LB3,Jbeil,LB34,14982,2024-10-10T00:00:00,2024,10,52,Conflict,,,Mount Lebanon,LB3,BA
28973,Displacement due to conflict,Lebanon,LBN,Akkar,LB7,Akkar,LB51,21845,2024-10-10T00:00:00,2024,10,52,Conflict,,,El Nabatieh,LB4,BA
8713,Displacement due to conflict,Lebanon,LBN,Baalbek-El Hermel,LB8,Baalbek,LB21,59,2024-10-10T00:00:00,2024,10,52,Conflict,,,El Nabatieh,LB4,BA
8277,Displacement due to conflict,Lebanon,LBN,North,LB5,El Koura,LB54,736,2024-10-10T00:00:00,2024,10,52,Conflict,,,Mount Lebanon,LB3,BA
9812,Displacement due to conflict,Lebanon,LBN,Mount Lebanon,LB3,El Meten,LB36,7135,2024-10-10T00:00:00,2024,10,52,Conflict,,,South,LB6,BA
9881,Displacement due to conflict,Lebanon,LBN,North,LB5,El Batroun,LB52,5,2024-10-10T00:00:00,2024,10,52,Conflict,,,Bekaa,LB2,BA
12823,Displacement due to conflict,Lebanon,LBN,South,LB6,Sour,LB63,120,2024-10-10T00:00:00,2024,10,52,Conflict,,,El Nabatieh,LB4,BA
14053,Displacement due to conflict,Lebanon,LBN,North,LB5,Tripoli,LB56,7253,2024-10-10T00:00:00,2024,10,52,Conflict,,,Beirut,LB1,BA
11846,Displacement due to conflict,Lebanon,LBN,Bekaa,LB2,Zahle,LB25,7160,2024-10-10T00:00:00,2024,10,52,Conflict,,,El Nabatieh,LB4,BA
2787,Displacement due to conflict,Lebanon,LBN,Bekaa,LB2,Rachaya,LB23,508,2024-10-10T00:00:00,2024,10,52,Conflict,,,Bekaa,LB2,BA
3046,Displacement due to conflict,Lebanon,LBN,Mount Lebanon,LB3,El Meten,LB36,1053,2024-10-10T00:00:00,2024,10,52,Conflict,,,Bekaa,LB2,BA
2729,Displacement due to conflict,Lebanon,LBN,Akkar,LB7,Akkar,LB51,5208,2024-10-10T00:00:00,2024,10,52,Conflict,,,Beirut,LB1,BA
2124,Displacement due to conflict,Lebanon,LBN,Mount Lebanon,LB3,Baabda,LB32,829,2024-10-10T00:00:00,2024,10,52,Conflict,,,Beirut,LB1,BA
4047,Displacement due to conflict,Lebanon,LBN,Bekaa,LB2,West Bekaa,LB24,3714,2024-10-10T00:00:00,2024,10,52,Conflict,,,Bekaa,LB2,BA
5812,Displacement due to conflict,Lebanon,LBN,Beirut,LB1,Beirut,LB11,68984,2024-10-10T00:00:00,2024,10,52,Conflict,,,South,LB6,BA
7407,Displacement due to conflict,Lebanon,LBN,Bekaa,LB2,Zahle,LB25,2364,2024-10-10T00:00:00,2024,10,52,Conflict,,,Bekaa,LB2,BA
52796,Displacement due to conflict,Lebanon,LBN,North,LB5,Zgharta,LB57,10685,2024-10-10T00:00:00,2024,10,52,Conflict,,,South,LB6,BA
52122,Displacement due to conflict,Lebanon,LBN,North,LB5,El Koura,LB54,6123,2024-10-10T00:00:00,2024,10,52,Conflict,,,South,LB6,BA
53571,Displacement due to conflict,Lebanon,LBN,El Nabatieh,LB4,Bent Jbeil,LB41,407,2024-10-10T00:00:00,2024,10,52,Conflict,,,El Nabatieh,LB4,BA
55419,Displacement due to conflict,Lebanon,LBN,Mount Lebanon,LB3,Aley,LB31,24983,2024-10-10T00:00:00,2024,10,52,Conflict,,,Mount Lebanon,LB3,BA
45278,Displacement due to conflict,Lebanon,LBN,Mount Lebanon,LB3,Aley,LB31,12667,2024-10-10T00:00:00,2024,10,52,Conflict,,,South,LB6,BA
45820,Displacement due to conflict,Lebanon,LBN,Mount Lebanon,LB3,Kesrwane,LB35,1454,2024-10-10T00:00:00,2024,10,52,Conflict,,,Mount Lebanon,LB3,BA
48330,Displacement due to conflict,Lebanon,LBN,Mount Lebanon,LB3,Aley,LB31,3309,2024-10-10T00:00:00,2024,10,52,Conflict,,,Beirut,LB1,BA
48762,Displacement due to conflict,Lebanon,LBN,Bekaa,LB2,Zahle,LB25,14700,2024-10-10T00:00:00,2024,10,52,Conflict,,,Baalbek-El Hermel,LB8,BA
47565,Displacement due to conflict,Lebanon,LBN,North,LB5,El Batroun,LB52,1571,2024-10-10T00:00:00,2024,10,52,Conflict,,,El Nabatieh,LB4,BA
29373,Displacement due to conflict,Lebanon,LBN,El Nabatieh,LB4,Marjaayoun,LB43,124,2024-10-10T00:00:00,2024,10,52,Conflict,,,El Nabatieh,LB4,BA
30531,Displacement due to conflict,Lebanon,LBN,Bekaa,LB2,West Bekaa,LB24,7982,2024-10-10T00:00:00,2024,10,52,Conflict,,,El Nabatieh,LB4,BA
40402,Displacement due to conflict,Lebanon,LBN,South,LB6,Jezzine,LB62,2827,2024-10-10T00:00:00,2024,10,52,Conflict,,,El Nabatieh,LB4,BA
39802,Displacement due to conflict,Lebanon,LBN,Mount Lebanon,LB3,Chouf,LB33,58718,2024-10-10T00:00:00,2024,10,52,Conflict,,,El Nabatieh,LB4,BA
37696,Displacement due to conflict,Lebanon,LBN,Mount Lebanon,LB3,Chouf,LB33,50,2024-10-10T00:00:00,2024,10,52,Conflict,,,Bekaa,LB2,BA
36235,Displacement due to conflict,Lebanon,LBN,Mount Lebanon,LB3,Kesrwane,LB35,4779,2024-10-10T00:00:00,2024,10,52,Conflict,,,South,LB6,BA
62846,Displacement due to conflict,Lebanon,LBN,North,LB5,Bcharre,LB53,257,2024-10-10T00:00:00,2024,10,52,Conflict,,,South,LB6,BA
61815,Displacement due to conflict,Lebanon,LBN,North,LB5,El Batroun,LB52,3889,2024-10-10T00:00:00,2024,10,52,Conflict,,,South,LB6,BA
60602,Displacement due to conflict,Lebanon,LBN,North,LB5,El Koura,LB54,810,2024-10-10T00:00:00,2024,10,52,Conflict,,,Baalbek-El Hermel,LB8,BA
61568,Displacement due to conflict,Lebanon,LBN,Baalbek-El Hermel,LB8,Baalbek,LB21,30466,2024-10-10T00:00:00,2024,10,52,Conflict,,,Baalbek-El Hermel,LB8,BA
58660,Displacement due to conflict,Lebanon,LBN,Bekaa,LB2,Rachaya,LB23,538,2024-10-10T00:00:00,2024,10,52,Conflict,,,Mount Lebanon,LB3,BA
59243,Displacement due to conflict,Lebanon,LBN,Akkar,LB7,Akkar,LB51,605,2024-10-10T00:00:00,2024,10,52,Conflict,,,Bekaa,LB2,BA
69073,Displacement due to conflict,Lebanon,LBN,South,LB6,Saida,LB61,36332,2024-10-10T00:00:00,2024,10,52,Conflict,,,South,LB6,BA
70312,Displacement due to conflict,Lebanon,LBN,Bekaa,LB2,West Bekaa,LB24,490,2024-10-10T00:00:00,2024,10,52,Conflict,,,Baalbek-El Hermel,LB8,BA
69335,Displacement due to conflict,Lebanon,LBN,El Nabatieh,LB4,Hasbaya,LB42,2156,2024-10-10T00:00:00,2024,10,52,Conflict,,,El Nabatieh,LB4,BA
67396,Displacement due to conflict,Lebanon,LBN,North,LB5,El Koura,LB54,1322,2024-10-10T00:00:00,2024,10,52,Conflict,,,Beirut,LB1,BA
67212,Displacement due to conflict,Lebanon,LBN,Beirut,LB1,Beirut,LB11,62069,2024-10-10T00:00:00,2024,10,52,Conflict,,,El Nabatieh,LB4,BA
80618,Displacement due to conflict,Lebanon,LBN,Akkar,LB7,Akkar,LB51,1535,2024-10-10T00:00:00,2024,10,52,Conflict,,,Mount Lebanon,LB3,BA
80682,Displacement due to conflict,Lebanon,LBN,South,LB6,Saida,LB61,9500,2024-10-10T00:00:00,2024,10,52,Conflict,,,El Nabatieh,LB4,BA
74245,Displacement due to conflict,Lebanon,LBN,North,LB5,El Koura,LB54,2932,2024-10-10T00:00:00,2024,10,52,Conflict,,,El Nabatieh,LB4,BA
74316,Displacement due to conflict,Lebanon,LBN,Mount Lebanon,LB3,Baabda,LB32,412,2024-10-10T00:00:00,2024,10,52,Conflict,,,Bekaa,LB2,BA
72468,Displacement due to conflict,Lebanon,LBN,South,LB6,Jezzine,LB62,130,2024-10-10T00:00:00,2024,10,52,Conflict,,,Bekaa,LB2,BA
72230,Displacement due to conflict,Lebanon,LBN,South,LB6,Jezzine,LB62,2616,2024-10-10T00:00:00,2024,10,52,Conflict,,,South,LB6,BA
72165,Displacement due to conflict,Lebanon,LBN,Mount Lebanon,LB3,Jbeil,LB34,3001,2024-10-10T00:00:00,2024,10,52,Conflict,,,South,LB6,BA
77339,Displacement due to conflict,Lebanon,LBN,Bekaa,LB2,Rachaya,LB23,724,2024-10-10T00:00:00,2024,10,52,Conflict,,,Baalbek-El Hermel,LB8,BA
77184,Displacement due to conflict,Lebanon,LBN,North,LB5,El Minieh-Dennie,LB55,796,2024-10-10T00:00:00,2024,10,52,Conflict,,,Baalbek-El Hermel,LB8,BA
76677,Displacement due to conflict,Lebanon,LBN,North,LB5,Bcharre,LB53,15,2024-10-10T00:00:00,2024,10,52,Conflict,,,Baalbek-El Hermel,LB8,BA
76125,Displacement due to conflict,Lebanon,LBN,Mount Lebanon,LB3,El Meten,LB36,7411,2024-10-10T00:00:00,2024,10,52,Conflict,,,Mount Lebanon,LB3,BA
98096,Displacement due to conflict,Lebanon,LBN,Mount Lebanon,LB3,El Meten,LB36,190,2024-10-10T00:00:00,2024,10,52,Conflict,,,Beirut,LB1,BA
93105,Displacement due to conflict,Lebanon,LBN,North,LB5,Bcharre,LB53,725,2024-10-10T00:00:00,2024,10,52,Conflict,,,El Nabatieh,LB4,BA
93182,Displacement due to conflict,Lebanon,LBN,Mount Lebanon,LB3,El Meten,LB36,3658,2024-10-10T00:00:00,2024,10,52,Conflict,,,Baalbek-El Hermel,LB8,BA
93350,Displacement due to conflict,Lebanon,LBN,Bekaa,LB2,West Bekaa,LB24,40,2024-10-10T00:00:00,2024,10,52,Conflict,,,South,LB6,BA
93690,Displacement due to conflict,Lebanon,LBN,North,LB5,El Minieh-Dennie,LB55,207,2024-10-10T00:00:00,2024,10,52,Conflict,,,Beirut,LB1,BA
86804,Displacement due to conflict,Lebanon,LBN,Mount Lebanon,LB3,Kesrwane,LB35,16,2024-10-10T00:00:00,2024,10,52,Conflict,,,Baalbek-El Hermel,LB8,BA
85334,Displacement due to conflict,Lebanon,LBN,Mount Lebanon,LB3,Chouf,LB33,56889,2024-10-10T00:00:00,2024,10,52,Conflict,,,South,LB6,BA
90275,Displacement due to conflict,Lebanon,LBN,Mount Lebanon,LB3,Chouf,LB33,168,2024-10-10T00:00:00,2024,10,52,Conflict,,,Beirut,LB1,BA
90227,Displacement due to conflict,Lebanon,LBN,Mount Lebanon,LB3,Jbeil,LB34,7,2024-10-10T00:00:00,2024,10,52,Conflict,,,Beirut,LB1,BA
91595,Displacement due to conflict,Lebanon,LBN,Mount Lebanon,LB3,Kesrwane,LB35,6795,2024-10-10T00:00:00,2024,10,52,Conflict,,,El Nabatieh,LB4,BA
111706,Displacement due to conflict,Lebanon,LBN,Baalbek-El Hermel,LB8,El Hermel,LB22,450,2024-10-10T00:00:00,2024,10,52,Conflict,,,Baalbek-El Hermel,LB8,BA
109998,Displacement due to conflict,Lebanon,LBN,Mount Lebanon,LB3,Baabda,LB32,4767,2024-10-10T00:00:00,2024,10,52,Conflict,,,Mount Lebanon,LB3,BA
111143,Displacement due to conflict,Lebanon,LBN,Baalbek-El Hermel,LB8,Baalbek,LB21,450,2024-10-10T00:00:00,2024,10,52,Conflict,,,Mount Lebanon,LB3,BA
108609,Displacement due to conflict,Lebanon,LBN,Mount Lebanon,LB3,Baabda,LB32,8917,2024-10-10T00:00:00,2024,10,52,Conflict,,,El Nabatieh,LB4,BA
106836,Displacement due to conflict,Lebanon,LBN,Mount Lebanon,LB3,Baabda,LB32,6839,2024-10-10T00:00:00,2024,10,52,Conflict,,,South,LB6,BA
100285,Displacement due to conflict,Lebanon,LBN,Mount Lebanon,LB3,Jbeil,LB34,1838,2024-10-10T00:00:00,2024,10,52,Conflict,,,Baalbek-El Hermel,LB8,BA
100961,Displacement due to conflict,Lebanon,LBN,Mount Lebanon,LB3,El Meten,LB36,12828,2024-10-10T00:00:00,2024,10,52,Conflict,,,El Nabatieh,LB4,BA
104969,Displacement due to conflict,Lebanon,LBN,Beirut,LB1,Beirut,LB11,2310,2024-10-10T00:00:00,2024,10,52,Conflict,,,Mount Lebanon,LB3,BA
104862,Displacement due to conflict,Lebanon,LBN,Akkar,LB7,Akkar,LB51,18137,2024-10-10T00:00:00,2024,10,52,Conflict,,,South,LB6,BA
132175,Displacement due to conflict,Lebanon,LBN,North,LB5,El Minieh-Dennie,LB55,12189,2024-10-10T00:00:00,2024,10,52,Conflict,,,South,LB6,BA
133397,Displacement due to conflict,Lebanon,LBN,Mount Lebanon,LB3,Chouf,LB33,6029,2024-10-10T00:00:00,2024,10,52,Conflict,,,Mount Lebanon,LB3,BA
126132,Displacement due to conflict,Lebanon,LBN,North,LB5,Zgharta,LB57,2767,2024-10-10T00:00:00,2024,10,52,Conflict,,,Beirut,LB1,BA
125656,Displacement due to conflict,Lebanon,LBN,North,LB5,El Batroun,LB52,31,2024-10-10T00:00:00,2024,10,52,Conflict,,,Mount Lebanon,LB3,BA
125153,Displacement due to conflict,Lebanon,LBN,Mount Lebanon,LB3,Kesrwane,LB35,140,2024-10-10T00:00:00,2024,10,52,Conflict,,,Beirut,LB1,BA
123964,Displacement due to conflict,Lebanon,LBN,Mount Lebanon,LB3,Jbeil,LB34,10011,2024-10-10T00:00:00,2024,10,52,Conflict,,,El Nabatieh,LB4,BA
122204,Displacement due to conflict,Lebanon,LBN,Akkar,LB7,Akkar,LB51,4447,2024-10-10T00:00:00,2024,10,52,Conflict,,,Baalbek-El Hermel,LB8,BA
121847,Displacement due to conflict,Lebanon,LBN,North,LB5,El Minieh-Dennie,LB55,1710,2024-10-10T00:00:00,2024,10,52,Conflict,,,El Nabatieh,LB4,BA
120269,Displacement due to conflict,Lebanon,LBN,North,LB5,Zgharta,LB57,996,2024-10-10T00:00:00,2024,10,52,Conflict,,,El Nabatieh,LB4,BA
113981,Displacement due to conflict,Lebanon,LBN,Mount Lebanon,LB3,Aley,LB31,47778,2024-10-10T00:00:00,2024,10,52,Conflict,,,El Nabatieh,LB4,BA
114081,Displacement due to conflict,Lebanon,LBN,North,LB5,El Batroun,LB52,204,2024-10-10T00:00:00,2024,10,52,Conflict,,,Beirut,LB1,BA
113237,Displacement due to conflict,Lebanon,LBN,North,LB5,El Minieh-Dennie,LB55,630,2024-10-10T00:00:00,2024,10,52,Conflict,,,Mount Lebanon,LB3,BA
115675,Displacement due to conflict,Lebanon,LBN,El Nabatieh,LB4,El Nabatieh,LB44,1471,2024-10-10T00:00:00,2024,10,52,Conflict,,,El Nabatieh,LB4,BA
118499,Displacement due to conflict,Lebanon,LBN,South,LB6,Sour,LB63,8016,2024-10-10T00:00:00,2024,10,52,Conflict,,,South,LB6,BA
119245,Displacement due to conflict,Lebanon,LBN,North,LB5,Bcharre,LB53,18,2024-10-10T00:00:00,2024,10,52,Conflict,,,Beirut,LB1,BA
116311,Displacement due to conflict,Lebanon,LBN,Mount Lebanon,LB3,El Meten,LB36,3086,2024-10-14T00:00:00,2024,10,53,Conflict,,,Mount Lebanon,LB3,BA
112847,Displacement due to conflict,Lebanon,LBN,Mount Lebanon,LB3,El Meten,LB36,14088,2024-10-14T00:00:00,2024,10,53,Conflict,,,El Nabatieh,LB4,BA
114190,Displacement due to conflict,Lebanon,LBN,Baalbek-El Hermel,LB8,El Hermel,LB22,450,2024-10-14T00:00:00,2024,10,53,Conflict,,,Baalbek-El Hermel,LB8,BA
122269,Displacement due to conflict,Lebanon,LBN,Beirut,LB1,Beirut,LB11,62826,2024-10-14T00:00:00,2024,10,53,Conflict,,,El Nabatieh,LB4,BA
123477,Displacement due to conflict,Lebanon,LBN,Mount Lebanon,LB3,Jbeil,LB34,2048,2024-10-14T00:00:00,2024,10,53,Conflict,,,Baalbek-El Hermel,LB8,BA
124744,Displacement due to conflict,Lebanon,LBN,South,LB6,Sour,LB63,70,2024-10-14T00:00:00,2024,10,53,Conflict,,,El Nabatieh,LB4,BA
125327,Displacement due to conflict,Lebanon,LBN,South,LB6,Jezzine,LB62,130,2024-10-14T00:00:00,2024,10,53,Conflict,,,Bekaa,LB2,BA
134934,Displacement due to conflict,Lebanon,LBN,Mount Lebanon,LB3,Chouf,LB33,59683,2024-10-14T00:00:00,2024,10,53,Conflict,,,South,LB6,BA
139168,Displacement due to conflict,Lebanon,LBN,Akkar,LB7,Akkar,LB51,20665,2024-10-14T00:00:00,2024,10,53,Conflict,,,South,LB6,BA
138977,Displacement due to conflict,Lebanon,LBN,Akkar,LB7,Akkar,LB51,5268,2024-10-14T00:00:00,2024,10,53,Conflict,,,Beirut,LB1,BA
126672,Displacement due to conflict,Lebanon,LBN,Mount Lebanon,LB3,Baabda,LB32,4169,2024-10-14T00:00:00,2024,10,53,Conflict,,,Mount Lebanon,LB3,BA
127694,Displacement due to conflict,Lebanon,LBN,North,LB5,El Koura,LB54,3537,2024-10-14T00:00:00,2024,10,53,Conflict,,,South,LB6,BA
101588,Displacement due to conflict,Lebanon,LBN,Mount Lebanon,LB3,Kesrwane,LB35,5159,2024-10-14T00:00:00,2024,10,53,Conflict,,,South,LB6,BA
101882,Displacement due to conflict,Lebanon,LBN,Bekaa,LB2,West Bekaa,LB24,1171,2024-10-14T00:00:00,2024,10,53,Conflict,,,Baalbek-El Hermel,LB8,BA
99092,Displacement due to conflict,Lebanon,LBN,Mount Lebanon,LB3,Chouf,LB33,6,2024-10-14T00:00:00,2024,10,53,Conflict,,,Baalbek-El Hermel,LB8,BA
110639,Displacement due to conflict,Lebanon,LBN,Mount Lebanon,LB3,El Meten,LB36,11236,2024-10-14T00:00:00,2024,10,53,Conflict,,,South,LB6,BA
84802,Displacement due to conflict,Lebanon,LBN,El Nabatieh,LB4,El Nabatieh,LB44,916,2024-10-14T00:00:00,2024,10,53,Conflict,,,El Nabatieh,LB4,BA
92977,Displacement due to conflict,Lebanon,LBN,Mount Lebanon,LB3,Aley,LB31,50961,2024-10-14T00:00:00,2024,10,53,Conflict,,,El Nabatieh,LB4,BA
92706,Displacement due to conflict,Lebanon,LBN,North,LB5,Bcharre,LB53,18,2024-10-14T00:00:00,2024,10,53,Conflict,,,Beirut,LB1,BA
94316,Displacement due to conflict,Lebanon,LBN,Bekaa,LB2,West Bekaa,LB24,3208,2024-10-14T00:00:00,2024,10,53,Conflict,,,Bekaa,LB2,BA
95890,Displacement due to conflict,Lebanon,LBN,Bekaa,LB2,Rachaya,LB23,768,2024-10-14T00:00:00,2024,10,53,Conflict,,,Bekaa,LB2,BA
95897,Displacement due to conflict,Lebanon,LBN,Mount Lebanon,LB3,Kesrwane,LB35,7649,2024-10-14T00:00:00,2024,10,53,Conflict,,,El Nabatieh,LB4,BA
75700,Displacement due to conflict,Lebanon,LBN,Bekaa,LB2,Zahle,LB25,8484,2024-10-14T00:00:00,2024,10,53,Conflict,,,El Nabatieh,LB4,BA
76001,Displacement due to conflict,Lebanon,LBN,Baalbek-El Hermel,LB8,Baalbek,LB21,59,2024-10-14T00:00:00,2024,10,53,Conflict,,,El Nabatieh,LB4,BA
74768,Displacement due to conflict,Lebanon,LBN,North,LB5,El Batroun,LB52,5,2024-10-14T00:00:00,2024,10,53,Conflict,,,Bekaa,LB2,BA
79557,Displacement due to conflict,Lebanon,LBN,Akkar,LB7,Akkar,LB51,465,2024-10-14T00:00:00,2024,10,53,Conflict,,,Mount Lebanon,LB3,BA
79395,Displacement due to conflict,Lebanon,LBN,Baalbek-El Hermel,LB8,Baalbek,LB21,458,2024-10-14T00:00:00,2024,10,53,Conflict,,,Mount Lebanon,LB3,BA
78239,Displacement due to conflict,Lebanon,LBN,Mount Lebanon,LB3,Aley,LB31,10,2024-10-14T00:00:00,2024,10,53,Conflict,,,Bekaa,LB2,BA
84528,Displacement due to conflict,Lebanon,LBN,Akkar,LB7,Akkar,LB51,21377,2024-10-14T00:00:00,2024,10,53,Conflict,,,El Nabatieh,LB4,BA
84157,Displacement due to conflict,Lebanon,LBN,Bekaa,LB2,West Bekaa,LB24,40,2024-10-14T00:00:00,2024,10,53,Conflict,,,South,LB6,BA
83085,Displacement due to conflict,Lebanon,LBN,El Nabatieh,LB4,Bent Jbeil,LB41,707,2024-10-14T00:00:00,2024,10,53,Conflict,,,El Nabatieh,LB4,BA
83300,Displacement due to conflict,Lebanon,LBN,South,LB6,Sour,LB63,8107,2024-10-14T00:00:00,2024,10,53,Conflict,,,South,LB6,BA
81683,Displacement due to conflict,Lebanon,LBN,Bekaa,LB2,Rachaya,LB23,1168,2024-10-14T00:00:00,2024,10,53,Conflict,,,Mount Lebanon,LB3,BA
82517,Displacement due to conflict,Lebanon,LBN,North,LB5,El Minieh-Dennie,LB55,600,2024-10-14T00:00:00,2024,10,53,Conflict,,,Mount Lebanon,LB3,BA
67778,Displacement due to conflict,Lebanon,LBN,Mount Lebanon,LB3,Chouf,LB33,50,2024-10-14T00:00:00,2024,10,53,Conflict,,,Bekaa,LB2,BA
66026,Displacement due to conflict,Lebanon,LBN,Mount Lebanon,LB3,Kesrwane,LB35,100,2024-10-14T00:00:00,2024,10,53,Conflict,,,Beirut,LB1,BA
66180,Displacement due to conflict,Lebanon,LBN,North,LB5,Tripoli,LB56,1686,2024-10-14T00:00:00,2024,10,53,Conflict,,,South,LB6,BA
63900,Displacement due to conflict,Lebanon,LBN,El Nabatieh,LB4,Marjaayoun,LB43,183,2024-10-14T00:00:00,2024,10,53,Conflict,,,El Nabatieh,LB4,BA
64254,Displacement due to conflict,Lebanon,LBN,Bekaa,LB2,Rachaya,LB23,120,2024-10-14T00:00:00,2024,10,53,Conflict,,,Baalbek-El Hermel,LB8,BA
68680,Displacement due to conflict,Lebanon,LBN,Mount Lebanon,LB3,Baabda,LB32,6977,2024-10-14T00:00:00,2024,10,53,Conflict,,,South,LB6,BA
68518,Displacement due to conflict,Lebanon,LBN,Mount Lebanon,LB3,Baabda,LB32,1345,2024-10-14T00:00:00,2024,10,53,Conflict,,,Beirut,LB1,BA
59637,Displacement due to conflict,Lebanon,LBN,Mount Lebanon,LB3,Chouf,LB33,168,2024-10-14T00:00:00,2024,10,53,Conflict,,,Beirut,LB1,BA
60217,Displacement due to conflict,Lebanon,LBN,South,LB6,Jezzine,LB62,5780,2024-10-14T00:00:00,2024,10,53,Conflict,,,El Nabatieh,LB4,BA
59567,Displacement due to conflict,Lebanon,LBN,Mount Lebanon,LB3,Chouf,LB33,6413,2024-10-14T00:00:00,2024,10,53,Conflict,,,Mount Lebanon,LB3,BA
58750,Displacement due to conflict,Lebanon,LBN,Mount Lebanon,LB3,El Meten,LB36,190,2024-10-14T00:00:00,2024,10,53,Conflict,,,Beirut,LB1,BA
59031,Displacement due to conflict,Lebanon,LBN,Bekaa,LB2,West Bekaa,LB24,8026,2024-10-14T00:00:00,2024,10,53,Conflict,,,El Nabatieh,LB4,BA
57258,Displacement due to conflict,Lebanon,LBN,Mount Lebanon,LB3,Jbeil,LB34,11071,2024-10-14T00:00:00,2024,10,53,Conflict,,,El Nabatieh,LB4,BA
61159,Displacement due to conflict,Lebanon,LBN,Mount Lebanon,LB3,Baabda,LB32,100,2024-10-14T00:00:00,2024,10,53,Conflict,,,Bekaa,LB2,BA
63111,Displacement due to conflict,Lebanon,LBN,North,LB5,El Batroun,LB52,2372,2024-10-14T00:00:00,2024,10,53,Conflict,,,El Nabatieh,LB4,BA
36487,Displacement due to conflict,Lebanon,LBN,North,LB5,Tripoli,LB56,7645,2024-10-14T00:00:00,2024,10,53,Conflict,,,Beirut,LB1,BA
38749,Displacement due to conflict,Lebanon,LBN,Mount Lebanon,LB3,Aley,LB31,3822,2024-10-14T00:00:00,2024,10,53,Conflict,,,Beirut,LB1,BA
42211,Displacement due to conflict,Lebanon,LBN,South,LB6,Saida,LB61,37422,2024-10-14T00:00:00,2024,10,53,Conflict,,,South,LB6,BA
42325,Displacement due to conflict,Lebanon,LBN,Mount Lebanon,LB3,Jbeil,LB34,3630,2024-10-14T00:00:00,2024,10,53,Conflict,,,South,LB6,BA
30619,Displacement due to conflict,Lebanon,LBN,North,LB5,El Minieh-Dennie,LB55,17435,2024-10-14T00:00:00,2024,10,53,Conflict,,,South,LB6,BA
29924,Displacement due to conflict,Lebanon,LBN,North,LB5,El Koura,LB54,2963,2024-10-14T00:00:00,2024,10,53,Conflict,,,El Nabatieh,LB4,BA
32539,Displacement due to conflict,Lebanon,LBN,Mount Lebanon,LB3,El Meten,LB36,3926,2024-10-14T00:00:00,2024,10,53,Conflict,,,Baalbek-El Hermel,LB8,BA
33240,Displacement due to conflict,Lebanon,LBN,North,LB5,El Batroun,LB52,121,2024-10-14T00:00:00,2024,10,53,Conflict,,,Mount Lebanon,LB3,BA
34839,Displacement due to conflict,Lebanon,LBN,North,LB5,Bcharre,LB53,15,2024-10-14T00:00:00,2024,10,53,Conflict,,,Baalbek-El Hermel,LB8,BA
35001,Displacement due to conflict,Lebanon,LBN,Mount Lebanon,LB3,Kesrwane,LB35,5,2024-10-14T00:00:00,2024,10,53,Conflict,,,Bekaa,LB2,BA
47756,Displacement due to conflict,Lebanon,LBN,North,LB5,Bcharre,LB53,725,2024-10-14T00:00:00,2024,10,53,Conflict,,,El Nabatieh,LB4,BA
47305,Displacement due to conflict,Lebanon,LBN,Bekaa,LB2,Zahle,LB25,745,2024-10-14T00:00:00,2024,10,53,Conflict,,,Beirut,LB1,BA
46569,Displacement due to conflict,Lebanon,LBN,Mount Lebanon,LB3,Baabda,LB32,9417,2024-10-14T00:00:00,2024,10,53,Conflict,,,El Nabatieh,LB4,BA
49173,Displacement due to conflict,Lebanon,LBN,Mount Lebanon,LB3,Aley,LB31,11677,2024-10-14T00:00:00,2024,10,53,Conflict,,,Mount Lebanon,LB3,BA
45439,Displacement due to conflict,Lebanon,LBN,North,LB5,El Minieh-Dennie,LB55,4382,2024-10-14T00:00:00,2024,10,53,Conflict,,,El Nabatieh,LB4,BA
44866,Displacement due to conflict,Lebanon,LBN,North,LB5,Zgharta,LB57,11233,2024-10-14T00:00:00,2024,10,53,Conflict,,,South,LB6,BA
44728,Displacement due to conflict,Lebanon,LBN,North,LB5,El Batroun,LB52,177,2024-10-14T00:00:00,2024,10,53,Conflict,,,Beirut,LB1,BA
44550,Displacement due to conflict,Lebanon,LBN,Akkar,LB7,Akkar,LB51,613,2024-10-14T00:00:00,2024,10,53,Conflict,,,Bekaa,LB2,BA
54634,Displacement due to conflict,Lebanon,LBN,North,LB5,Tripoli,LB56,200,2024-10-14T00:00:00,2024,10,53,Conflict,,,El Nabatieh,LB4,BA
55538,Displacement due to conflict,Lebanon,LBN,North,LB5,Bcharre,LB53,585,2024-10-14T00:00:00,2024,10,53,Conflict,,,South,LB6,BA
55957,Displacement due to conflict,Lebanon,LBN,North,LB5,El Koura,LB54,1347,2024-10-14T00:00:00,2024,10,53,Conflict,,,Beirut,LB1,BA
52870,Displacement due to conflict,Lebanon,LBN,South,LB6,Jezzine,LB62,1950,2024-10-14T00:00:00,2024,10,53,Conflict,,,South,LB6,BA
51452,Displacement due to conflict,Lebanon,LBN,North,LB5,El Koura,LB54,4386,2024-10-14T00:00:00,2024,10,53,Conflict,,,Mount Lebanon,LB3,BA
50915,Displacement due to conflict,Lebanon,LBN,North,LB5,El Batroun,LB52,3616,2024-10-14T00:00:00,2024,10,53,Conflict,,,South,LB6,BA
6014,Displacement due to conflict,Lebanon,LBN,Mount Lebanon,LB3,Chouf,LB33,71058,2024-10-14T00:00:00,2024,10,53,Conflict,,,El Nabatieh,LB4,BA
5239,Displacement due to conflict,Lebanon,LBN,Bekaa,LB2,Zahle,LB25,15302,2024-10-14T00:00:00,2024,10,53,Conflict,,,Baalbek-El Hermel,LB8,BA
1224,Displacement due to conflict,Lebanon,LBN,North,LB5,El Minieh-Dennie,LB55,796,2024-10-14T00:00:00,2024,10,53,Conflict,,,Baalbek-El Hermel,LB8,BA
989,Displacement due to conflict,Lebanon,LBN,Beirut,LB1,Beirut,LB11,9372,2024-10-14T00:00:00,2024,10,53,Conflict,,,Mount Lebanon,LB3,BA
2585,Displacement due to conflict,Lebanon,LBN,North,LB5,El Minieh-Dennie,LB55,207,2024-10-14T00:00:00,2024,10,53,Conflict,,,Beirut,LB1,BA
2728,Displacement due to conflict,Lebanon,LBN,Mount Lebanon,LB3,Jbeil,LB34,16152,2024-10-14T00:00:00,2024,10,53,Conflict,,,Mount Lebanon,LB3,BA
3210,Displacement due to conflict,Lebanon,LBN,Bekaa,LB2,Rachaya,LB23,798,2024-10-14T00:00:00,2024,10,53,Conflict,,,South,LB6,BA
3463,Displacement due to conflict,Lebanon,LBN,North,LB5,Tripoli,LB56,2426,2024-10-14T00:00:00,2024,10,53,Conflict,,,Mount Lebanon,LB3,BA
3854,Displacement due to conflict,Lebanon,LBN,Bekaa,LB2,Zahle,LB25,1779,2024-10-14T00:00:00,2024,10,53,Conflict,,,Bekaa,LB2,BA
11730,Displacement due to conflict,Lebanon,LBN,Baalbek-El Hermel,LB8,Baalbek,LB21,36615,2024-10-14T00:00:00,2024,10,53,Conflict,,,Baalbek-El Hermel,LB8,BA
11731,Displacement due to conflict,Lebanon,LBN,North,LB5,Zgharta,LB57,423,2024-10-14T00:00:00,2024,10,53,Conflict,,,El Nabatieh,LB4,BA
9425,Displacement due to conflict,Lebanon,LBN,El Nabatieh,LB4,Hasbaya,LB42,2239,2024-10-14T00:00:00,2024,10,53,Conflict,,,El Nabatieh,LB4,BA
23835,Displacement due to conflict,Lebanon,LBN,South,LB6,Saida,LB61,9724,2024-10-14T00:00:00,2024,10,53,Conflict,,,El Nabatieh,LB4,BA
23071,Displacement due to conflict,Lebanon,LBN,Mount Lebanon,LB3,Aley,LB31,25683,2024-10-14T00:00:00,2024,10,53,Conflict,,,South,LB6,BA
23250,Displacement due to conflict,Lebanon,LBN,Akkar,LB7,Akkar,LB51,3492,2024-10-14T00:00:00,2024,10,53,Conflict,,,Baalbek-El Hermel,LB8,BA
23581,Displacement due to conflict,Lebanon,LBN,Beirut,LB1,Beirut,LB11,72095,2024-10-14T00:00:00,2024,10,53,Conflict,,,South,LB6,BA
23601,Displacement due to conflict,Lebanon,LBN,Bekaa,LB2,Rachaya,LB23,1299,2024-10-14T00:00:00,2024,10,53,Conflict,,,El Nabatieh,LB4,BA
15533,Displacement due to conflict,Lebanon,LBN,North,LB5,Zgharta,LB57,296,2024-10-14T00:00:00,2024,10,53,Conflict,,,Mount Lebanon,LB3,BA
15572,Displacement due to conflict,Lebanon,LBN,Mount Lebanon,LB3,Kesrwane,LB35,1477,2024-10-14T00:00:00,2024,10,53,Conflict,,,Mount Lebanon,LB3,BA
14934,Displacement due to conflict,Lebanon,LBN,Mount Lebanon,LB3,Jbeil,LB34,7,2024-10-14T00:00:00,2024,10,53,Conflict,,,Beirut,LB1,BA
20314,Displacement due to conflict,Lebanon,LBN,North,LB5,Zgharta,LB57,2790,2024-10-14T00:00:00,2024,10,53,Conflict,,,Beirut,LB1,BA
18959,Displacement due to conflict,Lebanon,LBN,Mount Lebanon,LB3,El Meten,LB36,1344,2024-10-14T00:00:00,2024,10,53,Conflict,,,Bekaa,LB2,BA
19616,Displacement due to conflict,Lebanon,LBN,North,LB5,El Batroun,LB52,106,2024-10-17T00:00:00,2024,10,54,Conflict,,,Mount Lebanon,LB3,BA
18802,Displacement due to conflict,Lebanon,LBN,North,LB5,El Koura,LB54,2943,2024-10-17T00:00:00,2024,10,54,Conflict,,,El Nabatieh,LB4,BA
18746,Displacement due to conflict,Lebanon,LBN,Mount Lebanon,LB3,Jbeil,LB34,22706,2024-10-17T00:00:00,2024,10,54,Conflict,,,Mount Lebanon,LB3,BA
15781,Displacement due to conflict,Lebanon,LBN,Mount Lebanon,LB3,Jbeil,LB34,7,2024-10-17T00:00:00,2024,10,54,Conflict,,,Beirut,LB1,BA
16187,Displacement due to conflict,Lebanon,LBN,Bekaa,LB2,Zahle,LB25,1798,2024-10-17T00:00:00,2024,10,54,Conflict,,,Bekaa,LB2,BA
16639,Displacement due to conflict,Lebanon,LBN,North,LB5,Zgharta,LB57,550,2024-10-17T00:00:00,2024,10,54,Conflict,,,Beirut,LB1,BA
17701,Displacement due to conflict,Lebanon,LBN,Mount Lebanon,LB3,Baabda,LB32,200,2024-10-17T00:00:00,2024,10,54,Conflict,,,Bekaa,LB2,BA
22006,Displacement due to conflict,Lebanon,LBN,North,LB5,Tripoli,LB56,2273,2024-10-17T00:00:00,2024,10,54,Conflict,,,Baalbek-El Hermel,LB8,BA
28902,Displacement due to conflict,Lebanon,LBN,North,LB5,Zgharta,LB57,850,2024-10-17T00:00:00,2024,10,54,Conflict,,,El Nabatieh,LB4,BA
28433,Displacement due to conflict,Lebanon,LBN,North,LB5,Zgharta,LB57,296,2024-10-17T00:00:00,2024,10,54,Conflict,,,Baalbek-El Hermel,LB8,BA
26614,Displacement due to conflict,Lebanon,LBN,North,LB5,El Minieh-Dennie,LB55,1460,2024-10-17T00:00:00,2024,10,54,Conflict,,,El Nabatieh,LB4,BA
26826,Displacement due to conflict,Lebanon,LBN,South,LB6,Saida,LB61,14422,2024-10-17T00:00:00,2024,10,54,Conflict,,,El Nabatieh,LB4,BA
10713,Displacement due to conflict,Lebanon,LBN,North,LB5,El Koura,LB54,570,2024-10-17T00:00:00,2024,10,54,Conflict,,,Baalbek-El Hermel,LB8,BA
10238,Displacement due to conflict,Lebanon,LBN,Baalbek-El Hermel,LB8,Baalbek,LB21,458,2024-10-17T00:00:00,2024,10,54,Conflict,,,Mount Lebanon,LB3,BA
8276,Displacement due to conflict,Lebanon,LBN,Mount Lebanon,LB3,El Meten,LB36,3962,2024-10-17T00:00:00,2024,10,54,Conflict,,,Baalbek-El Hermel,LB8,BA
12305,Displacement due to conflict,Lebanon,LBN,North,LB5,El Minieh-Dennie,LB55,12456,2024-10-17T00:00:00,2024,10,54,Conflict,,,South,LB6,BA
14146,Displacement due to conflict,Lebanon,LBN,North,LB5,El Minieh-Dennie,LB55,207,2024-10-17T00:00:00,2024,10,54,Conflict,,,Beirut,LB1,BA
13213,Displacement due to conflict,Lebanon,LBN,Bekaa,LB2,West Bekaa,LB24,3656,2024-10-17T00:00:00,2024,10,54,Conflict,,,Bekaa,LB2,BA
426,Displacement due to conflict,Lebanon,LBN,North,LB5,Bcharre,LB53,18,2024-10-17T00:00:00,2024,10,54,Conflict,,,Beirut,LB1,BA
295,Displacement due to conflict,Lebanon,LBN,Mount Lebanon,LB3,Chouf,LB33,6,2024-10-17T00:00:00,2024,10,54,Conflict,,,Baalbek-El Hermel,LB8,BA
591,Displacement due to conflict,Lebanon,LBN,South,LB6,Sour,LB63,7752,2024-10-17T00:00:00,2024,10,54,Conflict,,,South,LB6,BA
5608,Displacement due to conflict,Lebanon,LBN,North,LB5,El Batroun,LB52,179,2024-10-17T00:00:00,2024,10,54,Conflict,,,Beirut,LB1,BA
6716,Displacement due to conflict,Lebanon,LBN,Mount Lebanon,LB3,Kesrwane,LB35,1483,2024-10-17T00:00:00,2024,10,54,Conflict,,,Mount Lebanon,LB3,BA
49376,Displacement due to conflict,Lebanon,LBN,Akkar,LB7,Akkar,LB51,1150,2024-10-17T00:00:00,2024,10,54,Conflict,,,Mount Lebanon,LB3,BA
51656,Displacement due to conflict,Lebanon,LBN,Akkar,LB7,Akkar,LB51,5298,2024-10-17T00:00:00,2024,10,54,Conflict,,,Beirut,LB1,BA
53235,Displacement due to conflict,Lebanon,LBN,South,LB6,Jezzine,LB62,130,2024-10-17T00:00:00,2024,10,54,Conflict,,,Bekaa,LB2,BA
56329,Displacement due to conflict,Lebanon,LBN,Mount Lebanon,LB3,Kesrwane,LB35,4476,2024-10-17T00:00:00,2024,10,54,Conflict,,,South,LB6,BA
55622,Displacement due to conflict,Lebanon,LBN,Akkar,LB7,Akkar,LB51,353,2024-10-17T00:00:00,2024,10,54,Conflict,,,Bekaa,LB2,BA
44601,Displacement due to conflict,Lebanon,LBN,Mount Lebanon,LB3,Aley,LB31,11505,2024-10-17T00:00:00,2024,10,54,Conflict,,,South,LB6,BA
44014,Displacement due to conflict,Lebanon,LBN,North,LB5,Zgharta,LB57,13197,2024-10-17T00:00:00,2024,10,54,Conflict,,,South,LB6,BA
49142,Displacement due to conflict,Lebanon,LBN,Mount Lebanon,LB3,Chouf,LB33,68295,2024-10-17T00:00:00,2024,10,54,Conflict,,,El Nabatieh,LB4,BA
48498,Displacement due to conflict,Lebanon,LBN,Bekaa,LB2,Zahle,LB25,8484,2024-10-17T00:00:00,2024,10,54,Conflict,,,El Nabatieh,LB4,BA
47927,Displacement due to conflict,Lebanon,LBN,North,LB5,Tripoli,LB56,7352,2024-10-17T00:00:00,2024,10,54,Conflict,,,Beirut,LB1,BA
35497,Displacement due to conflict,Lebanon,LBN,North,LB5,El Minieh-Dennie,LB55,1480,2024-10-17T00:00:00,2024,10,54,Conflict,,,Baalbek-El Hermel,LB8,BA
35508,Displacement due to conflict,Lebanon,LBN,Mount Lebanon,LB3,Aley,LB31,49519,2024-10-17T00:00:00,2024,10,54,Conflict,,,El Nabatieh,LB4,BA
29959,Displacement due to conflict,Lebanon,LBN,North,LB5,El Batroun,LB52,2312,2024-10-17T00:00:00,2024,10,54,Conflict,,,El Nabatieh,LB4,BA
29557,Displacement due to conflict,Lebanon,LBN,Mount Lebanon,LB3,Jbeil,LB34,11469,2024-10-17T00:00:00,2024,10,54,Conflict,,,El Nabatieh,LB4,BA
41472,Displacement due to conflict,Lebanon,LBN,Mount Lebanon,LB3,Baabda,LB32,6375,2024-10-17T00:00:00,2024,10,54,Conflict,,,Mount Lebanon,LB3,BA
41550,Displacement due to conflict,Lebanon,LBN,El Nabatieh,LB4,Marjaayoun,LB43,183,2024-10-17T00:00:00,2024,10,54,Conflict,,,El Nabatieh,LB4,BA
39335,Displacement due to conflict,Lebanon,LBN,Bekaa,LB2,West Bekaa,LB24,9129,2024-10-17T00:00:00,2024,10,54,Conflict,,,El Nabatieh,LB4,BA
39525,Displacement due to conflict,Lebanon,LBN,North,LB5,El Koura,LB54,3451,2024-10-17T00:00:00,2024,10,54,Conflict,,,Mount Lebanon,LB3,BA
40275,Displacement due to conflict,Lebanon,LBN,South,LB6,Saida,LB61,52093,2024-10-17T00:00:00,2024,10,54,Conflict,,,South,LB6,BA
36283,Displacement due to conflict,Lebanon,LBN,South,LB6,Jezzine,LB62,1959,2024-10-17T00:00:00,2024,10,54,Conflict,,,South,LB6,BA
35855,Displacement due to conflict,Lebanon,LBN,North,LB5,El Batroun,LB52,3797,2024-10-17T00:00:00,2024,10,54,Conflict,,,South,LB6,BA
60567,Displacement due to conflict,Lebanon,LBN,Mount Lebanon,LB3,Baabda,LB32,1428,2024-10-17T00:00:00,2024,10,54,Conflict,,,Beirut,LB1,BA
56703,Displacement due to conflict,Lebanon,LBN,Bekaa,LB2,West Bekaa,LB24,255,2024-10-17T00:00:00,2024,10,54,Conflict,,,Baalbek-El Hermel,LB8,BA
60167,Displacement due to conflict,Lebanon,LBN,El Nabatieh,LB4,Hasbaya,LB42,2259,2024-10-17T00:00:00,2024,10,54,Conflict,,,El Nabatieh,LB4,BA
68183,Displacement due to conflict,Lebanon,LBN,Bekaa,LB2,West Bekaa,LB24,40,2024-10-17T00:00:00,2024,10,54,Conflict,,,South,LB6,BA
67935,Displacement due to conflict,Lebanon,LBN,North,LB5,Bcharre,LB53,1100,2024-10-17T00:00:00,2024,10,54,Conflict,,,El Nabatieh,LB4,BA
69154,Displacement due to conflict,Lebanon,LBN,Beirut,LB1,Beirut,LB11,367,2024-10-17T00:00:00,2024,10,54,Conflict,,,Beirut,LB1,BA
65173,Displacement due to conflict,Lebanon,LBN,Bekaa,LB2,Zahle,LB25,17053,2024-10-17T00:00:00,2024,10,54,Conflict,,,Baalbek-El Hermel,LB8,BA
65395,Displacement due to conflict,Lebanon,LBN,North,LB5,Tripoli,LB56,120,2024-10-17T00:00:00,2024,10,54,Conflict,,,Mount Lebanon,LB3,BA
65630,Displacement due to conflict,Lebanon,LBN,Beirut,LB1,Beirut,LB11,9387,2024-10-17T00:00:00,2024,10,54,Conflict,,,Mount Lebanon,LB3,BA
80441,Displacement due to conflict,Lebanon,LBN,Mount Lebanon,LB3,Kesrwane,LB35,16,2024-10-17T00:00:00,2024,10,54,Conflict,,,Baalbek-El Hermel,LB8,BA
79812,Displacement due to conflict,Lebanon,LBN,North,LB5,Tripoli,LB56,1622,2024-10-17T00:00:00,2024,10,54,Conflict,,,South,LB6,BA
79741,Displacement due to conflict,Lebanon,LBN,Mount Lebanon,LB3,Aley,LB31,10,2024-10-17T00:00:00,2024,10,54,Conflict,,,Bekaa,LB2,BA
73931,Displacement due to conflict,Lebanon,LBN,Beirut,LB1,Beirut,LB11,62363,2024-10-17T00:00:00,2024,10,54,Conflict,,,El Nabatieh,LB4,BA
72095,Displacement due to conflict,Lebanon,LBN,South,LB6,Sour,LB63,120,2024-10-17T00:00:00,2024,10,54,Conflict,,,El Nabatieh,LB4,BA
75124,Displacement due to conflict,Lebanon,LBN,Baalbek-El Hermel,LB8,Baalbek,LB21,35239,2024-10-17T00:00:00,2024,10,54,Conflict,,,Baalbek-El Hermel,LB8,BA
77396,Displacement due to conflict,Lebanon,LBN,Mount Lebanon,LB3,Kesrwane,LB35,7889,2024-10-17T00:00:00,2024,10,54,Conflict,,,El Nabatieh,LB4,BA
98929,Displacement due to conflict,Lebanon,LBN,North,LB5,Tripoli,LB56,1167,2024-10-17T00:00:00,2024,10,54,Conflict,,,El Nabatieh,LB4,BA
98536,Displacement due to conflict,Lebanon,LBN,Mount Lebanon,LB3,El Meten,LB36,1033,2024-10-17T00:00:00,2024,10,54,Conflict,,,Bekaa,LB2,BA
98208,Displacement due to conflict,Lebanon,LBN,Mount Lebanon,LB3,Aley,LB31,5338,2024-10-17T00:00:00,2024,10,54,Conflict,,,Beirut,LB1,BA
98234,Displacement due to conflict,Lebanon,LBN,Mount Lebanon,LB3,Chouf,LB33,67946,2024-10-17T00:00:00,2024,10,54,Conflict,,,South,LB6,BA
92864,Displacement due to conflict,Lebanon,LBN,Mount Lebanon,LB3,Baabda,LB32,9515,2024-10-17T00:00:00,2024,10,54,Conflict,,,El Nabatieh,LB4,BA
93194,Displacement due to conflict,Lebanon,LBN,Mount Lebanon,LB3,El Meten,LB36,5374,2024-10-17T00:00:00,2024,10,54,Conflict,,,South,LB6,BA
84829,Displacement due to conflict,Lebanon,LBN,El Nabatieh,LB4,El Nabatieh,LB44,1246,2024-10-17T00:00:00,2024,10,54,Conflict,,,El Nabatieh,LB4,BA
84831,Displacement due to conflict,Lebanon,LBN,North,LB5,El Koura,LB54,1377,2024-10-17T00:00:00,2024,10,54,Conflict,,,Beirut,LB1,BA
84762,Displacement due to conflict,Lebanon,LBN,Mount Lebanon,LB3,Jbeil,LB34,1646,2024-10-17T00:00:00,2024,10,54,Conflict,,,Baalbek-El Hermel,LB8,BA
86968,Displacement due to conflict,Lebanon,LBN,Mount Lebanon,LB3,Aley,LB31,28578,2024-10-17T00:00:00,2024,10,54,Conflict,,,Mount Lebanon,LB3,BA
87816,Displacement due to conflict,Lebanon,LBN,Mount Lebanon,LB3,Jbeil,LB34,2762,2024-10-17T00:00:00,2024,10,54,Conflict,,,South,LB6,BA
91058,Displacement due to conflict,Lebanon,LBN,Akkar,LB7,Akkar,LB51,4022,2024-10-17T00:00:00,2024,10,54,Conflict,,,Baalbek-El Hermel,LB8,BA
110162,Displacement due to conflict,Lebanon,LBN,North,LB5,El Minieh-Dennie,LB55,900,2024-10-17T00:00:00,2024,10,54,Conflict,,,Mount Lebanon,LB3,BA
112635,Displacement due to conflict,Lebanon,LBN,Mount Lebanon,LB3,El Meten,LB36,14157,2024-10-17T00:00:00,2024,10,54,Conflict,,,El Nabatieh,LB4,BA
112135,Displacement due to conflict,Lebanon,LBN,North,LB5,El Batroun,LB52,5,2024-10-17T00:00:00,2024,10,54,Conflict,,,Bekaa,LB2,BA
107419,Displacement due to conflict,Lebanon,LBN,Bekaa,LB2,Rachaya,LB23,1314,2024-10-17T00:00:00,2024,10,54,Conflict,,,El Nabatieh,LB4,BA
106399,Displacement due to conflict,Lebanon,LBN,Akkar,LB7,Akkar,LB51,18173,2024-10-17T00:00:00,2024,10,54,Conflict,,,El Nabatieh,LB4,BA
100551,Displacement due to conflict,Lebanon,LBN,Bekaa,LB2,Rachaya,LB23,871,2024-10-17T00:00:00,2024,10,54,Conflict,,,Baalbek-El Hermel,LB8,BA
104688,Displacement due to conflict,Lebanon,LBN,Mount Lebanon,LB3,Baabda,LB32,6442,2024-10-17T00:00:00,2024,10,54,Conflict,,,South,LB6,BA
104708,Displacement due to conflict,Lebanon,LBN,Mount Lebanon,LB3,Kesrwane,LB35,150,2024-10-17T00:00:00,2024,10,54,Conflict,,,Beirut,LB1,BA
104265,Displacement due to conflict,Lebanon,LBN,North,LB5,Bcharre,LB53,15,2024-10-17T00:00:00,2024,10,54,Conflict,,,Baalbek-El Hermel,LB8,BA
129641,Displacement due to conflict,Lebanon,LBN,North,LB5,El Koura,LB54,3825,2024-10-17T00:00:00,2024,10,54,Conflict,,,South,LB6,BA
128710,Displacement due to conflict,Lebanon,LBN,Mount Lebanon,LB3,El Meten,LB36,8395,2024-10-17T00:00:00,2024,10,54,Conflict,,,Mount Lebanon,LB3,BA
131858,Displacement due to conflict,Lebanon,LBN,North,LB5,Bcharre,LB53,603,2024-10-17T00:00:00,2024,10,54,Conflict,,,South,LB6,BA
125474,Displacement due to conflict,Lebanon,LBN,Mount Lebanon,LB3,Chouf,LB33,6413,2024-10-17T00:00:00,2024,10,54,Conflict,,,Mount Lebanon,LB3,BA
123099,Displacement due to conflict,Lebanon,LBN,Baalbek-El Hermel,LB8,Baalbek,LB21,59,2024-10-17T00:00:00,2024,10,54,Conflict,,,El Nabatieh,LB4,BA
123960,Displacement due to conflict,Lebanon,LBN,Bekaa,LB2,Rachaya,LB23,1028,2024-10-17T00:00:00,2024,10,54,Conflict,,,South,LB6,BA
121869,Displacement due to conflict,Lebanon,LBN,Mount Lebanon,LB3,El Meten,LB36,550,2024-10-17T00:00:00,2024,10,54,Conflict,,,Beirut,LB1,BA
119852,Displacement due to conflict,Lebanon,LBN,El Nabatieh,LB4,Bent Jbeil,LB41,730,2024-10-17T00:00:00,2024,10,54,Conflict,,,El Nabatieh,LB4,BA
114484,Displacement due to conflict,Lebanon,LBN,South,LB6,Jezzine,LB62,5670,2024-10-17T00:00:00,2024,10,54,Conflict,,,El Nabatieh,LB4,BA
113544,Displacement due to conflict,Lebanon,LBN,Mount Lebanon,LB3,Chouf,LB33,50,2024-10-17T00:00:00,2024,10,54,Conflict,,,Bekaa,LB2,BA
114911,Displacement due to conflict,Lebanon,LBN,Baalbek-El Hermel,LB8,El Hermel,LB22,450,2024-10-17T00:00:00,2024,10,54,Conflict,,,Baalbek-El Hermel,LB8,BA
114824,Displacement due to conflict,Lebanon,LBN,Beirut,LB1,Beirut,LB11,73503,2024-10-17T00:00:00,2024,10,54,Conflict,,,South,LB6,BA
116331,Displacement due to conflict,Lebanon,LBN,Mount Lebanon,LB3,Chouf,LB33,4472,2024-10-17T00:00:00,2024,10,54,Conflict,,,Beirut,LB1,BA
117456,Displacement due to conflict,Lebanon,LBN,Bekaa,LB2,Rachaya,LB23,718,2024-10-17T00:00:00,2024,10,54,Conflict,,,Bekaa,LB2,BA
119162,Displacement due to conflict,Lebanon,LBN,Akkar,LB7,Akkar,LB51,21483,2024-10-17T00:00:00,2024,10,54,Conflict,,,South,LB6,BA
117651,Displacement due to conflict,Lebanon,LBN,Mount Lebanon,LB3,Aley,LB31,50354,2024-10-21T00:00:00,2024,10,55,Conflict,,,El Nabatieh,LB4,BA
117394,Displacement due to conflict,Lebanon,LBN,Mount Lebanon,LB3,Aley,LB31,10,2024-10-21T00:00:00,2024,10,55,Conflict,,,Bekaa,LB2,BA
117259,Displacement due to conflict,Lebanon,LBN,Mount Lebanon,LB3,Jbeil,LB34,3018,2024-10-21T00:00:00,2024,10,55,Conflict,,,South,LB6,BA
116881,Displacement due to conflict,Lebanon,LBN,Mount Lebanon,LB3,El Meten,LB36,1323,2024-10-21T00:00:00,2024,10,55,Conflict,,,Bekaa,LB2,BA
116699,Displacement due to conflict,Lebanon,LBN,South,LB6,Saida,LB61,52842,2024-10-21T00:00:00,2024,10,55,Conflict,,,South,LB6,BA
115753,Displacement due to conflict,Lebanon,LBN,Mount Lebanon,LB3,Aley,LB31,25128,2024-10-21T00:00:00,2024,10,55,Conflict,,,South,LB6,BA
120157,Displacement due to conflict,Lebanon,LBN,Mount Lebanon,LB3,El Meten,LB36,110,2024-10-21T00:00:00,2024,10,55,Conflict,,,Baalbek-El Hermel,LB8,BA
121911,Displacement due to conflict,Lebanon,LBN,Mount Lebanon,LB3,Aley,LB31,16142,2024-10-21T00:00:00,2024,10,55,Conflict,,,Mount Lebanon,LB3,BA
124502,Displacement due to conflict,Lebanon,LBN,Mount Lebanon,LB3,Chouf,LB33,1068,2024-10-21T00:00:00,2024,10,55,Conflict,,,Beirut,LB1,BA
138891,Displacement due to conflict,Lebanon,LBN,Bekaa,LB2,West Bekaa,LB24,8230,2024-10-21T00:00:00,2024,10,55,Conflict,,,El Nabatieh,LB4,BA
140350,Displacement due to conflict,Lebanon,LBN,South,LB6,Jezzine,LB62,130,2024-10-21T00:00:00,2024,10,55,Conflict,,,Bekaa,LB2,BA
128759,Displacement due to conflict,Lebanon,LBN,North,LB5,El Minieh-Dennie,LB55,3580,2024-10-21T00:00:00,2024,10,55,Conflict,,,El Nabatieh,LB4,BA
130150,Displacement due to conflict,Lebanon,LBN,El Nabatieh,LB4,Marjaayoun,LB43,223,2024-10-21T00:00:00,2024,10,55,Conflict,,,El Nabatieh,LB4,BA
127867,Displacement due to conflict,Lebanon,LBN,Bekaa,LB2,Rachaya,LB23,1012,2024-10-21T00:00:00,2024,10,55,Conflict,,,Bekaa,LB2,BA
106078,Displacement due to conflict,Lebanon,LBN,Bekaa,LB2,Zahle,LB25,1788,2024-10-21T00:00:00,2024,10,55,Conflict,,,Bekaa,LB2,BA
106789,Displacement due to conflict,Lebanon,LBN,Akkar,LB7,Akkar,LB51,3114,2024-10-21T00:00:00,2024,10,55,Conflict,,,Beirut,LB1,BA
108631,Displacement due to conflict,Lebanon,LBN,Mount Lebanon,LB3,Chouf,LB33,50,2024-10-21T00:00:00,2024,10,55,Conflict,,,Bekaa,LB2,BA
108013,Displacement due to conflict,Lebanon,LBN,Baalbek-El Hermel,LB8,Baalbek,LB21,50,2024-10-21T00:00:00,2024,10,55,Conflict,,,El Nabatieh,LB4,BA
91632,Displacement due to conflict,Lebanon,LBN,Bekaa,LB2,West Bekaa,LB24,40,2024-10-21T00:00:00,2024,10,55,Conflict,,,South,LB6,BA
88197,Displacement due to conflict,Lebanon,LBN,North,LB5,Zgharta,LB57,284,2024-10-21T00:00:00,2024,10,55,Conflict,,,Mount Lebanon,LB3,BA
84707,Displacement due to conflict,Lebanon,LBN,Mount Lebanon,LB3,Jbeil,LB34,11744,2024-10-21T00:00:00,2024,10,55,Conflict,,,El Nabatieh,LB4,BA
85347,Displacement due to conflict,Lebanon,LBN,Mount Lebanon,LB3,El Meten,LB36,24485,2024-10-21T00:00:00,2024,10,55,Conflict,,,El Nabatieh,LB4,BA
86051,Displacement due to conflict,Lebanon,LBN,North,LB5,El Koura,LB54,3304,2024-10-21T00:00:00,2024,10,55,Conflict,,,South,LB6,BA
85771,Displacement due to conflict,Lebanon,LBN,North,LB5,El Batroun,LB52,2461,2024-10-21T00:00:00,2024,10,55,Conflict,,,El Nabatieh,LB4,BA
93291,Displacement due to conflict,Lebanon,LBN,Akkar,LB7,Akkar,LB51,7473,2024-10-21T00:00:00,2024,10,55,Conflict,,,Baalbek-El Hermel,LB8,BA
92978,Displacement due to conflict,Lebanon,LBN,Bekaa,LB2,Rachaya,LB23,1070,2024-10-21T00:00:00,2024,10,55,Conflict,,,El Nabatieh,LB4,BA
92265,Displacement due to conflict,Lebanon,LBN,North,LB5,Bcharre,LB53,1250,2024-10-21T00:00:00,2024,10,55,Conflict,,,El Nabatieh,LB4,BA
94160,Displacement due to conflict,Lebanon,LBN,Mount Lebanon,LB3,El Meten,LB36,19,2024-10-21T00:00:00,2024,10,55,Conflict,,,Beirut,LB1,BA
94920,Displacement due to conflict,Lebanon,LBN,Bekaa,LB2,Rachaya,LB23,1288,2024-10-21T00:00:00,2024,10,55,Conflict,,,Baalbek-El Hermel,LB8,BA
94948,Displacement due to conflict,Lebanon,LBN,Mount Lebanon,LB3,Chouf,LB33,69600,2024-10-21T00:00:00,2024,10,55,Conflict,,,South,LB6,BA
98586,Displacement due to conflict,Lebanon,LBN,North,LB5,El Minieh-Dennie,LB55,207,2024-10-21T00:00:00,2024,10,55,Conflict,,,Beirut,LB1,BA
98968,Displacement due to conflict,Lebanon,LBN,Beirut,LB1,Beirut,LB11,74327,2024-10-21T00:00:00,2024,10,55,Conflict,,,South,LB6,BA
98019,Displacement due to conflict,Lebanon,LBN,Akkar,LB7,Akkar,LB51,22627,2024-10-21T00:00:00,2024,10,55,Conflict,,,El Nabatieh,LB4,BA
97377,Displacement due to conflict,Lebanon,LBN,North,LB5,El Minieh-Dennie,LB55,2465,2024-10-21T00:00:00,2024,10,55,Conflict,,,Mount Lebanon,LB3,BA
74723,Displacement due to conflict,Lebanon,LBN,North,LB5,El Minieh-Dennie,LB55,18050,2024-10-21T00:00:00,2024,10,55,Conflict,,,South,LB6,BA
77914,Displacement due to conflict,Lebanon,LBN,South,LB6,Saida,LB61,13517,2024-10-21T00:00:00,2024,10,55,Conflict,,,El Nabatieh,LB4,BA
78383,Displacement due to conflict,Lebanon,LBN,Beirut,LB1,Beirut,LB11,60874,2024-10-21T00:00:00,2024,10,55,Conflict,,,El Nabatieh,LB4,BA
83589,Displacement due to conflict,Lebanon,LBN,North,LB5,Zgharta,LB57,538,2024-10-21T00:00:00,2024,10,55,Conflict,,,Baalbek-El Hermel,LB8,BA
83879,Displacement due to conflict,Lebanon,LBN,North,LB5,Bcharre,LB53,15,2024-10-21T00:00:00,2024,10,55,Conflict,,,Baalbek-El Hermel,LB8,BA
84162,Displacement due to conflict,Lebanon,LBN,Mount Lebanon,LB3,Kesrwane,LB35,5,2024-10-21T00:00:00,2024,10,55,Conflict,,,Bekaa,LB2,BA
67617,Displacement due to conflict,Lebanon,LBN,Bekaa,LB2,West Bekaa,LB24,226,2024-10-21T00:00:00,2024,10,55,Conflict,,,Baalbek-El Hermel,LB8,BA
67241,Displacement due to conflict,Lebanon,LBN,Baalbek-El Hermel,LB8,Baalbek,LB21,850,2024-10-21T00:00:00,2024,10,55,Conflict,,,Mount Lebanon,LB3,BA
67012,Displacement due to conflict,Lebanon,LBN,North,LB5,Zgharta,LB57,800,2024-10-21T00:00:00,2024,10,55,Conflict,,,Beirut,LB1,BA
69187,Displacement due to conflict,Lebanon,LBN,North,LB5,Bcharre,LB53,483,2024-10-21T00:00:00,2024,10,55,Conflict,,,South,LB6,BA
68553,Displacement due to conflict,Lebanon,LBN,Baalbek-El Hermel,LB8,El Hermel,LB22,450,2024-10-21T00:00:00,2024,10,55,Conflict,,,Baalbek-El Hermel,LB8,BA
69570,Displacement due to conflict,Lebanon,LBN,El Nabatieh,LB4,Hasbaya,LB42,2252,2024-10-21T00:00:00,2024,10,55,Conflict,,,El Nabatieh,LB4,BA
70477,Displacement due to conflict,Lebanon,LBN,Bekaa,LB2,West Bekaa,LB24,4653,2024-10-21T00:00:00,2024,10,55,Conflict,,,Bekaa,LB2,BA
59704,Displacement due to conflict,Lebanon,LBN,Mount Lebanon,LB3,Kesrwane,LB35,5359,2024-10-21T00:00:00,2024,10,55,Conflict,,,South,LB6,BA
57024,Displacement due to conflict,Lebanon,LBN,North,LB5,El Koura,LB54,3006,2024-10-21T00:00:00,2024,10,55,Conflict,,,El Nabatieh,LB4,BA
61503,Displacement due to conflict,Lebanon,LBN,North,LB5,El Batroun,LB52,5,2024-10-21T00:00:00,2024,10,55,Conflict,,,Bekaa,LB2,BA
62769,Displacement due to conflict,Lebanon,LBN,South,LB6,Jezzine,LB62,2030,2024-10-21T00:00:00,2024,10,55,Conflict,,,South,LB6,BA
35896,Displacement due to conflict,Lebanon,LBN,Akkar,LB7,Akkar,LB51,315,2024-10-21T00:00:00,2024,10,55,Conflict,,,Mount Lebanon,LB3,BA
36264,Displacement due to conflict,Lebanon,LBN,Bekaa,LB2,Zahle,LB25,8519,2024-10-21T00:00:00,2024,10,55,Conflict,,,El Nabatieh,LB4,BA
38850,Displacement due to conflict,Lebanon,LBN,North,LB5,Zgharta,LB57,13222,2024-10-21T00:00:00,2024,10,55,Conflict,,,South,LB6,BA
40100,Displacement due to conflict,Lebanon,LBN,Baalbek-El Hermel,LB8,Baalbek,LB21,37505,2024-10-21T00:00:00,2024,10,55,Conflict,,,Baalbek-El Hermel,LB8,BA
30467,Displacement due to conflict,Lebanon,LBN,Mount Lebanon,LB3,Aley,LB31,5853,2024-10-21T00:00:00,2024,10,55,Conflict,,,Beirut,LB1,BA
35528,Displacement due to conflict,Lebanon,LBN,North,LB5,El Batroun,LB52,3619,2024-10-21T00:00:00,2024,10,55,Conflict,,,South,LB6,BA
34302,Displacement due to conflict,Lebanon,LBN,Mount Lebanon,LB3,Jbeil,LB34,7,2024-10-21T00:00:00,2024,10,55,Conflict,,,Beirut,LB1,BA
33459,Displacement due to conflict,Lebanon,LBN,North,LB5,El Koura,LB54,1436,2024-10-21T00:00:00,2024,10,55,Conflict,,,Beirut,LB1,BA
32969,Displacement due to conflict,Lebanon,LBN,North,LB5,Tripoli,LB56,1191,2024-10-21T00:00:00,2024,10,55,Conflict,,,El Nabatieh,LB4,BA
32769,Displacement due to conflict,Lebanon,LBN,Mount Lebanon,LB3,Kesrwane,LB35,6666,2024-10-21T00:00:00,2024,10,55,Conflict,,,El Nabatieh,LB4,BA
49141,Displacement due to conflict,Lebanon,LBN,North,LB5,Bcharre,LB53,18,2024-10-21T00:00:00,2024,10,55,Conflict,,,Beirut,LB1,BA
46364,Displacement due to conflict,Lebanon,LBN,North,LB5,El Minieh-Dennie,LB55,836,2024-10-21T00:00:00,2024,10,55,Conflict,,,Baalbek-El Hermel,LB8,BA
47008,Displacement due to conflict,Lebanon,LBN,Bekaa,LB2,Zahle,LB25,16521,2024-10-21T00:00:00,2024,10,55,Conflict,,,Baalbek-El Hermel,LB8,BA
45938,Displacement due to conflict,Lebanon,LBN,Mount Lebanon,LB3,Chouf,LB33,73828,2024-10-21T00:00:00,2024,10,55,Conflict,,,El Nabatieh,LB4,BA
55945,Displacement due to conflict,Lebanon,LBN,Mount Lebanon,LB3,Baabda,LB32,200,2024-10-21T00:00:00,2024,10,55,Conflict,,,Bekaa,LB2,BA
54365,Displacement due to conflict,Lebanon,LBN,Mount Lebanon,LB3,Baabda,LB32,9039,2024-10-21T00:00:00,2024,10,55,Conflict,,,El Nabatieh,LB4,BA
50802,Displacement due to conflict,Lebanon,LBN,Mount Lebanon,LB3,Baabda,LB32,9374,2024-10-21T00:00:00,2024,10,55,Conflict,,,Mount Lebanon,LB3,BA
6536,Displacement due to conflict,Lebanon,LBN,South,LB6,Jezzine,LB62,5550,2024-10-21T00:00:00,2024,10,55,Conflict,,,El Nabatieh,LB4,BA
7168,Displacement due to conflict,Lebanon,LBN,North,LB5,Tripoli,LB56,1547,2024-10-21T00:00:00,2024,10,55,Conflict,,,South,LB6,BA
5167,Displacement due to conflict,Lebanon,LBN,El Nabatieh,LB4,Bent Jbeil,LB41,770,2024-10-21T00:00:00,2024,10,55,Conflict,,,El Nabatieh,LB4,BA
5295,Displacement due to conflict,Lebanon,LBN,Mount Lebanon,LB3,Baabda,LB32,1403,2024-10-21T00:00:00,2024,10,55,Conflict,,,Beirut,LB1,BA
4928,Displacement due to conflict,Lebanon,LBN,Akkar,LB7,Akkar,LB51,20853,2024-10-21T00:00:00,2024,10,55,Conflict,,,South,LB6,BA
331,Displacement due to conflict,Lebanon,LBN,Mount Lebanon,LB3,El Meten,LB36,5076,2024-10-21T00:00:00,2024,10,55,Conflict,,,Mount Lebanon,LB3,BA
2465,Displacement due to conflict,Lebanon,LBN,South,LB6,Sour,LB63,7901,2024-10-21T00:00:00,2024,10,55,Conflict,,,South,LB6,BA
11738,Displacement due to conflict,Lebanon,LBN,Mount Lebanon,LB3,Jbeil,LB34,1599,2024-10-21T00:00:00,2024,10,55,Conflict,,,Baalbek-El Hermel,LB8,BA
11914,Displacement due to conflict,Lebanon,LBN,El Nabatieh,LB4,El Nabatieh,LB44,593,2024-10-21T00:00:00,2024,10,55,Conflict,,,El Nabatieh,LB4,BA
11341,Displacement due to conflict,Lebanon,LBN,North,LB5,El Koura,LB54,4668,2024-10-21T00:00:00,2024,10,55,Conflict,,,Mount Lebanon,LB3,BA
11248,Displacement due to conflict,Lebanon,LBN,Mount Lebanon,LB3,Baabda,LB32,4722,2024-10-21T00:00:00,2024,10,55,Conflict,,,South,LB6,BA
11538,Displacement due to conflict,Lebanon,LBN,Akkar,LB7,Akkar,LB51,770,2024-10-21T00:00:00,2024,10,55,Conflict,,,Bekaa,LB2,BA
11481,Displacement due to conflict,Lebanon,LBN,North,LB5,El Batroun,LB52,106,2024-10-21T00:00:00,2024,10,55,Conflict,,,Mount Lebanon,LB3,BA
26650,Displacement due to conflict,Lebanon,LBN,Mount Lebanon,LB3,Jbeil,LB34,12,2024-10-21T00:00:00,2024,10,55,Conflict,,,Bekaa,LB2,BA
25709,Displacement due to conflict,Lebanon,LBN,Mount Lebanon,LB3,Chouf,LB33,6,2024-10-21T00:00:00,2024,10,55,Conflict,,,Baalbek-El Hermel,LB8,BA
28436,Displacement due to conflict,Lebanon,LBN,North,LB5,Tripoli,LB56,2518,2024-10-21T00:00:00,2024,10,55,Conflict,,,Mount Lebanon,LB3,BA
28869,Displacement due to conflict,Lebanon,LBN,Mount Lebanon,LB3,El Meten,LB36,8858,2024-10-21T00:00:00,2024,10,55,Conflict,,,South,LB6,BA
27554,Displacement due to conflict,Lebanon,LBN,Beirut,LB1,Beirut,LB11,25,2024-10-21T00:00:00,2024,10,55,Conflict,,,Beirut,LB1,BA
21890,Displacement due to conflict,Lebanon,LBN,North,LB5,Tripoli,LB56,6758,2024-10-21T00:00:00,2024,10,55,Conflict,,,Beirut,LB1,BA
23262,Displacement due to conflict,Lebanon,LBN,Bekaa,LB2,Rachaya,LB23,594,2024-10-21T00:00:00,2024,10,55,Conflict,,,South,LB6,BA
15857,Displacement due to conflict,Lebanon,LBN,Mount Lebanon,LB3,Chouf,LB33,6413,2024-10-21T00:00:00,2024,10,55,Conflict,,,Mount Lebanon,LB3,BA
15737,Displacement due to conflict,Lebanon,LBN,Bekaa,LB2,Zahle,LB25,822,2024-10-21T00:00:00,2024,10,55,Conflict,,,Beirut,LB1,BA
15349,Displacement due to conflict,Lebanon,LBN,Mount Lebanon,LB3,Kesrwane,LB35,2009,2024-10-21T00:00:00,2024,10,55,Conflict,,,Mount Lebanon,LB3,BA
18270,Displacement due to conflict,Lebanon,LBN,Mount Lebanon,LB3,Jbeil,LB34,23544,2024-10-21T00:00:00,2024,10,55,Conflict,,,Mount Lebanon,LB3,BA
19640,Displacement due to conflict,Lebanon,LBN,North,LB5,El Batroun,LB52,204,2024-10-21T00:00:00,2024,10,55,Conflict,,,Beirut,LB1,BA
19155,Displacement due to conflict,Lebanon,LBN,Mount Lebanon,LB3,Kesrwane,LB35,272,2024-10-21T00:00:00,2024,10,55,Conflict,,,Beirut,LB1,BA
21308,Displacement due to conflict,Lebanon,LBN,Beirut,LB1,Beirut,LB11,9372,2024-10-21T00:00:00,2024,10,55,Conflict,,,Mount Lebanon,LB3,BA
21005,Displacement due to conflict,Lebanon,LBN,Mount Lebanon,LB3,El Meten,LB36,6685,2024-10-24T00:00:00,2024,10,56,Conflict,,,South,LB6,BA
20306,Displacement due to conflict,Lebanon,LBN,Mount Lebanon,LB3,El Meten,LB36,24753,2024-10-24T00:00:00,2024,10,56,Conflict,,,El Nabatieh,LB4,BA
19172,Displacement due to conflict,Lebanon,LBN,North,LB5,El Batroun,LB52,2205,2024-10-24T00:00:00,2024,10,56,Conflict,,,El Nabatieh,LB4,BA
18206,Displacement due to conflict,Lebanon,LBN,Bekaa,LB2,Rachaya,LB23,1060,2024-10-24T00:00:00,2024,10,56,Conflict,,,El Nabatieh,LB4,BA
16341,Displacement due to conflict,Lebanon,LBN,North,LB5,Zgharta,LB57,650,2024-10-24T00:00:00,2024,10,56,Conflict,,,Beirut,LB1,BA
23170,Displacement due to conflict,Lebanon,LBN,Mount Lebanon,LB3,Aley,LB31,57040,2024-10-24T00:00:00,2024,10,56,Conflict,,,El Nabatieh,LB4,BA
25148,Displacement due to conflict,Lebanon,LBN,Mount Lebanon,LB3,Baabda,LB32,6453,2024-10-24T00:00:00,2024,10,56,Conflict,,,South,LB6,BA
27227,Displacement due to conflict,Lebanon,LBN,Mount Lebanon,LB3,Aley,LB31,5966,2024-10-24T00:00:00,2024,10,56,Conflict,,,Beirut,LB1,BA
27709,Displacement due to conflict,Lebanon,LBN,Bekaa,LB2,Zahle,LB25,8329,2024-10-24T00:00:00,2024,10,56,Conflict,,,El Nabatieh,LB4,BA
26274,Displacement due to conflict,Lebanon,LBN,Mount Lebanon,LB3,Kesrwane,LB35,5100,2024-10-24T00:00:00,2024,10,56,Conflict,,,South,LB6,BA
26625,Displacement due to conflict,Lebanon,LBN,Beirut,LB1,Beirut,LB11,8372,2024-10-24T00:00:00,2024,10,56,Conflict,,,Mount Lebanon,LB3,BA
11557,Displacement due to conflict,Lebanon,LBN,South,LB6,Jezzine,LB62,130,2024-10-24T00:00:00,2024,10,56,Conflict,,,Bekaa,LB2,BA
7699,Displacement due to conflict,Lebanon,LBN,Mount Lebanon,LB3,Jbeil,LB34,1333,2024-10-24T00:00:00,2024,10,56,Conflict,,,Baalbek-El Hermel,LB8,BA
9212,Displacement due to conflict,Lebanon,LBN,Bekaa,LB2,West Bekaa,LB24,233,2024-10-24T00:00:00,2024,10,56,Conflict,,,Baalbek-El Hermel,LB8,BA
3324,Displacement due to conflict,Lebanon,LBN,Mount Lebanon,LB3,Baabda,LB32,243,2024-10-24T00:00:00,2024,10,56,Conflict,,,Bekaa,LB2,BA
791,Displacement due to conflict,Lebanon,LBN,North,LB5,Bcharre,LB53,1100,2024-10-24T00:00:00,2024,10,56,Conflict,,,El Nabatieh,LB4,BA
819,Displacement due to conflict,Lebanon,LBN,Akkar,LB7,Akkar,LB51,3204,2024-10-24T00:00:00,2024,10,56,Conflict,,,Beirut,LB1,BA
4593,Displacement due to conflict,Lebanon,LBN,Mount Lebanon,LB3,Jbeil,LB34,12409,2024-10-24T00:00:00,2024,10,56,Conflict,,,El Nabatieh,LB4,BA
4076,Displacement due to conflict,Lebanon,LBN,Bekaa,LB2,West Bekaa,LB24,14015,2024-10-24T00:00:00,2024,10,56,Conflict,,,El Nabatieh,LB4,BA
5893,Displacement due to conflict,Lebanon,LBN,North,LB5,Zgharta,LB57,13348,2024-10-24T00:00:00,2024,10,56,Conflict,,,South,LB6,BA
7026,Displacement due to conflict,Lebanon,LBN,Mount Lebanon,LB3,El Meten,LB36,19,2024-10-24T00:00:00,2024,10,56,Conflict,,,Beirut,LB1,BA
6743,Displacement due to conflict,Lebanon,LBN,El Nabatieh,LB4,Marjaayoun,LB43,230,2024-10-24T00:00:00,2024,10,56,Conflict,,,El Nabatieh,LB4,BA
52125,Displacement due to conflict,Lebanon,LBN,North,LB5,Zgharta,LB57,288,2024-10-24T00:00:00,2024,10,56,Conflict,,,Mount Lebanon,LB3,BA
52128,Displacement due to conflict,Lebanon,LBN,North,LB5,Bcharre,LB53,22,2024-10-24T00:00:00,2024,10,56,Conflict,,,Beirut,LB1,BA
54530,Displacement due to conflict,Lebanon,LBN,Bekaa,LB2,Zahle,LB25,16643,2024-10-24T00:00:00,2024,10,56,Conflict,,,Baalbek-El Hermel,LB8,BA
53126,Displacement due to conflict,Lebanon,LBN,Bekaa,LB2,Rachaya,LB23,758,2024-10-24T00:00:00,2024,10,56,Conflict,,,Baalbek-El Hermel,LB8,BA
44928,Displacement due to conflict,Lebanon,LBN,Beirut,LB1,Beirut,LB11,73077,2024-10-24T00:00:00,2024,10,56,Conflict,,,South,LB6,BA
44349,Displacement due to conflict,Lebanon,LBN,Akkar,LB7,Akkar,LB51,7869,2024-10-24T00:00:00,2024,10,56,Conflict,,,Baalbek-El Hermel,LB8,BA
43427,Displacement due to conflict,Lebanon,LBN,Mount Lebanon,LB3,Kesrwane,LB35,2547,2024-10-24T00:00:00,2024,10,56,Conflict,,,Mount Lebanon,LB3,BA
47287,Displacement due to conflict,Lebanon,LBN,Mount Lebanon,LB3,Jbeil,LB34,7,2024-10-24T00:00:00,2024,10,56,Conflict,,,Beirut,LB1,BA
48714,Displacement due to conflict,Lebanon,LBN,Mount Lebanon,LB3,El Meten,LB36,8013,2024-10-24T00:00:00,2024,10,56,Conflict,,,Mount Lebanon,LB3,BA
34470,Displacement due to conflict,Lebanon,LBN,North,LB5,El Minieh-Dennie,LB55,18073,2024-10-24T00:00:00,2024,10,56,Conflict,,,South,LB6,BA
34985,Displacement due to conflict,Lebanon,LBN,Bekaa,LB2,West Bekaa,LB24,2338,2024-10-24T00:00:00,2024,10,56,Conflict,,,Bekaa,LB2,BA
29343,Displacement due to conflict,Lebanon,LBN,Bekaa,LB2,Zahle,LB25,822,2024-10-24T00:00:00,2024,10,56,Conflict,,,Beirut,LB1,BA
29192,Displacement due to conflict,Lebanon,LBN,Mount Lebanon,LB3,Chouf,LB33,6413,2024-10-24T00:00:00,2024,10,56,Conflict,,,Mount Lebanon,LB3,BA
39837,Displacement due to conflict,Lebanon,LBN,Bekaa,LB2,Zahle,LB25,1976,2024-10-24T00:00:00,2024,10,56,Conflict,,,Bekaa,LB2,BA
40918,Displacement due to conflict,Lebanon,LBN,Mount Lebanon,LB3,Chouf,LB33,67734,2024-10-24T00:00:00,2024,10,56,Conflict,,,South,LB6,BA
37606,Displacement due to conflict,Lebanon,LBN,Akkar,LB7,Akkar,LB51,20007,2024-10-24T00:00:00,2024,10,56,Conflict,,,South,LB6,BA
37804,Displacement due to conflict,Lebanon,LBN,North,LB5,El Minieh-Dennie,LB55,2165,2024-10-24T00:00:00,2024,10,56,Conflict,,,Mount Lebanon,LB3,BA
36412,Displacement due to conflict,Lebanon,LBN,North,LB5,Tripoli,LB56,2529,2024-10-24T00:00:00,2024,10,56,Conflict,,,Mount Lebanon,LB3,BA
36698,Displacement due to conflict,Lebanon,LBN,North,LB5,El Batroun,LB52,204,2024-10-24T00:00:00,2024,10,56,Conflict,,,Beirut,LB1,BA
37498,Displacement due to conflict,Lebanon,LBN,El Nabatieh,LB4,Hasbaya,LB42,2331,2024-10-24T00:00:00,2024,10,56,Conflict,,,El Nabatieh,LB4,BA
63093,Displacement due to conflict,Lebanon,LBN,Baalbek-El Hermel,LB8,Baalbek,LB21,675,2024-10-24T00:00:00,2024,10,56,Conflict,,,Mount Lebanon,LB3,BA
61153,Displacement due to conflict,Lebanon,LBN,North,LB5,El Minieh-Dennie,LB55,207,2024-10-24T00:00:00,2024,10,56,Conflict,,,Beirut,LB1,BA
65976,Displacement due to conflict,Lebanon,LBN,North,LB5,El Batroun,LB52,106,2024-10-24T00:00:00,2024,10,56,Conflict,,,Mount Lebanon,LB3,BA
66539,Displacement due to conflict,Lebanon,LBN,South,LB6,Saida,LB61,54412,2024-10-24T00:00:00,2024,10,56,Conflict,,,South,LB6,BA
65346,Displacement due to conflict,Lebanon,LBN,North,LB5,Tripoli,LB56,1487,2024-10-24T00:00:00,2024,10,56,Conflict,,,South,LB6,BA
80516,Displacement due to conflict,Lebanon,LBN,Beirut,LB1,Beirut,LB11,60668,2024-10-24T00:00:00,2024,10,56,Conflict,,,El Nabatieh,LB4,BA
74401,Displacement due to conflict,Lebanon,LBN,North,LB5,El Koura,LB54,651,2024-10-24T00:00:00,2024,10,56,Conflict,,,Baalbek-El Hermel,LB8,BA
74281,Displacement due to conflict,Lebanon,LBN,North,LB5,Tripoli,LB56,98,2024-10-24T00:00:00,2024,10,56,Conflict,,,Baalbek-El Hermel,LB8,BA
72600,Displacement due to conflict,Lebanon,LBN,South,LB6,Sour,LB63,7326,2024-10-24T00:00:00,2024,10,56,Conflict,,,South,LB6,BA
72602,Displacement due to conflict,Lebanon,LBN,Bekaa,LB2,Rachaya,LB23,1073,2024-10-24T00:00:00,2024,10,56,Conflict,,,Bekaa,LB2,BA
77531,Displacement due to conflict,Lebanon,LBN,South,LB6,Jezzine,LB62,5518,2024-10-24T00:00:00,2024,10,56,Conflict,,,El Nabatieh,LB4,BA
77279,Displacement due to conflict,Lebanon,LBN,North,LB5,El Batroun,LB52,5,2024-10-24T00:00:00,2024,10,56,Conflict,,,Bekaa,LB2,BA
77085,Displacement due to conflict,Lebanon,LBN,North,LB5,El Batroun,LB52,3767,2024-10-24T00:00:00,2024,10,56,Conflict,,,South,LB6,BA
74999,Displacement due to conflict,Lebanon,LBN,North,LB5,Tripoli,LB56,1192,2024-10-24T00:00:00,2024,10,56,Conflict,,,El Nabatieh,LB4,BA
75410,Displacement due to conflict,Lebanon,LBN,Mount Lebanon,LB3,Jbeil,LB34,23555,2024-10-24T00:00:00,2024,10,56,Conflict,,,Mount Lebanon,LB3,BA
98747,Displacement due to conflict,Lebanon,LBN,North,LB5,El Koura,LB54,6243,2024-10-24T00:00:00,2024,10,56,Conflict,,,South,LB6,BA
95723,Displacement due to conflict,Lebanon,LBN,El Nabatieh,LB4,Bent Jbeil,LB41,770,2024-10-24T00:00:00,2024,10,56,Conflict,,,El Nabatieh,LB4,BA
95662,Displacement due to conflict,Lebanon,LBN,El Nabatieh,LB4,El Nabatieh,LB44,593,2024-10-24T00:00:00,2024,10,56,Conflict,,,El Nabatieh,LB4,BA
95369,Displacement due to conflict,Lebanon,LBN,Mount Lebanon,LB3,Kesrwane,LB35,5,2024-10-24T00:00:00,2024,10,56,Conflict,,,Bekaa,LB2,BA
95499,Displacement due to conflict,Lebanon,LBN,North,LB5,El Minieh-Dennie,LB55,836,2024-10-24T00:00:00,2024,10,56,Conflict,,,Baalbek-El Hermel,LB8,BA
95253,Displacement due to conflict,Lebanon,LBN,Bekaa,LB2,West Bekaa,LB24,40,2024-10-24T00:00:00,2024,10,56,Conflict,,,South,LB6,BA
91611,Displacement due to conflict,Lebanon,LBN,Mount Lebanon,LB3,Baabda,LB32,9151,2024-10-24T00:00:00,2024,10,56,Conflict,,,Mount Lebanon,LB3,BA
91931,Displacement due to conflict,Lebanon,LBN,North,LB5,El Koura,LB54,2514,2024-10-24T00:00:00,2024,10,56,Conflict,,,El Nabatieh,LB4,BA
89645,Displacement due to conflict,Lebanon,LBN,Mount Lebanon,LB3,Aley,LB31,16460,2024-10-24T00:00:00,2024,10,56,Conflict,,,South,LB6,BA
88813,Displacement due to conflict,Lebanon,LBN,Mount Lebanon,LB3,Aley,LB31,10,2024-10-24T00:00:00,2024,10,56,Conflict,,,Bekaa,LB2,BA
109297,Displacement due to conflict,Lebanon,LBN,Mount Lebanon,LB3,Chouf,LB33,1060,2024-10-24T00:00:00,2024,10,56,Conflict,,,Beirut,LB1,BA
108825,Displacement due to conflict,Lebanon,LBN,Mount Lebanon,LB3,El Meten,LB36,115,2024-10-24T00:00:00,2024,10,56,Conflict,,,Baalbek-El Hermel,LB8,BA
106781,Displacement due to conflict,Lebanon,LBN,Baalbek-El Hermel,LB8,El Hermel,LB22,450,2024-10-24T00:00:00,2024,10,56,Conflict,,,Baalbek-El Hermel,LB8,BA
106647,Displacement due to conflict,Lebanon,LBN,Mount Lebanon,LB3,Jbeil,LB34,2873,2024-10-24T00:00:00,2024,10,56,Conflict,,,South,LB6,BA
106037,Displacement due to conflict,Lebanon,LBN,North,LB5,Zgharta,LB57,20,2024-10-24T00:00:00,2024,10,56,Conflict,,,Baalbek-El Hermel,LB8,BA
107466,Displacement due to conflict,Lebanon,LBN,Mount Lebanon,LB3,Kesrwane,LB35,7456,2024-10-24T00:00:00,2024,10,56,Conflict,,,El Nabatieh,LB4,BA
111695,Displacement due to conflict,Lebanon,LBN,Mount Lebanon,LB3,Baabda,LB32,1628,2024-10-24T00:00:00,2024,10,56,Conflict,,,Beirut,LB1,BA
111452,Displacement due to conflict,Lebanon,LBN,Baalbek-El Hermel,LB8,Baalbek,LB21,44088,2024-10-24T00:00:00,2024,10,56,Conflict,,,Baalbek-El Hermel,LB8,BA
111036,Displacement due to conflict,Lebanon,LBN,Mount Lebanon,LB3,Kesrwane,LB35,180,2024-10-24T00:00:00,2024,10,56,Conflict,,,Beirut,LB1,BA
105294,Displacement due to conflict,Lebanon,LBN,North,LB5,El Koura,LB54,1314,2024-10-24T00:00:00,2024,10,56,Conflict,,,Beirut,LB1,BA
103040,Displacement due to conflict,Lebanon,LBN,North,LB5,Tripoli,LB56,6760,2024-10-24T00:00:00,2024,10,56,Conflict,,,Beirut,LB1,BA
102506,Displacement due to conflict,Lebanon,LBN,North,LB5,Bcharre,LB53,15,2024-10-24T00:00:00,2024,10,56,Conflict,,,Baalbek-El Hermel,LB8,BA
100315,Displacement due to conflict,Lebanon,LBN,North,LB5,Zgharta,LB57,454,2024-10-24T00:00:00,2024,10,56,Conflict,,,El Nabatieh,LB4,BA
101644,Displacement due to conflict,Lebanon,LBN,North,LB5,El Koura,LB54,1658,2024-10-24T00:00:00,2024,10,56,Conflict,,,Mount Lebanon,LB3,BA
100757,Displacement due to conflict,Lebanon,LBN,South,LB6,Jezzine,LB62,2040,2024-10-24T00:00:00,2024,10,56,Conflict,,,South,LB6,BA
126893,Displacement due to conflict,Lebanon,LBN,South,LB6,Saida,LB61,12756,2024-10-24T00:00:00,2024,10,56,Conflict,,,El Nabatieh,LB4,BA
133620,Displacement due to conflict,Lebanon,LBN,Baalbek-El Hermel,LB8,Baalbek,LB21,50,2024-10-24T00:00:00,2024,10,56,Conflict,,,El Nabatieh,LB4,BA
125345,Displacement due to conflict,Lebanon,LBN,Mount Lebanon,LB3,Chouf,LB33,75814,2024-10-24T00:00:00,2024,10,56,Conflict,,,El Nabatieh,LB4,BA
125633,Displacement due to conflict,Lebanon,LBN,North,LB5,Bcharre,LB53,1157,2024-10-24T00:00:00,2024,10,56,Conflict,,,South,LB6,BA
126387,Displacement due to conflict,Lebanon,LBN,Bekaa,LB2,Rachaya,LB23,1132,2024-10-24T00:00:00,2024,10,56,Conflict,,,South,LB6,BA
121570,Displacement due to conflict,Lebanon,LBN,Akkar,LB7,Akkar,LB51,1115,2024-10-24T00:00:00,2024,10,56,Conflict,,,Bekaa,LB2,BA
122134,Displacement due to conflict,Lebanon,LBN,Mount Lebanon,LB3,Baabda,LB32,9744,2024-10-24T00:00:00,2024,10,56,Conflict,,,El Nabatieh,LB4,BA
119600,Displacement due to conflict,Lebanon,LBN,Mount Lebanon,LB3,Aley,LB31,27477,2024-10-24T00:00:00,2024,10,56,Conflict,,,Mount Lebanon,LB3,BA
115480,Displacement due to conflict,Lebanon,LBN,Mount Lebanon,LB3,Jbeil,LB34,8,2024-10-24T00:00:00,2024,10,56,Conflict,,,Bekaa,LB2,BA
113562,Displacement due to conflict,Lebanon,LBN,Mount Lebanon,LB3,Chouf,LB33,50,2024-10-24T00:00:00,2024,10,56,Conflict,,,Bekaa,LB2,BA
113116,Displacement due to conflict,Lebanon,LBN,North,LB5,El Minieh-Dennie,LB55,3744,2024-10-24T00:00:00,2024,10,56,Conflict,,,El Nabatieh,LB4,BA
117081,Displacement due to conflict,Lebanon,LBN,Akkar,LB7,Akkar,LB51,24604,2024-10-24T00:00:00,2024,10,56,Conflict,,,El Nabatieh,LB4,BA
117481,Displacement due to conflict,Lebanon,LBN,Akkar,LB7,Akkar,LB51,315,2024-10-24T00:00:00,2024,10,56,Conflict,,,Mount Lebanon,LB3,BA
117908,Displacement due to conflict,Lebanon,LBN,Mount Lebanon,LB3,Chouf,LB33,6,2024-10-24T00:00:00,2024,10,56,Conflict,,,Baalbek-El Hermel,LB8,BA
119211,Displacement due to conflict,Lebanon,LBN,Mount Lebanon,LB3,El Meten,LB36,1253,2024-10-24T00:00:00,2024,10,56,Conflict,,,Bekaa,LB2,BA
118154,Displacement due to conflict,Lebanon,LBN,Akkar,LB7,Akkar,LB51,21576,2024-10-28T00:00:00,2024,10,57,Conflict,,,South,LB6,BA
117329,Displacement due to conflict,Lebanon,LBN,Mount Lebanon,LB3,Chouf,LB33,1294,2024-10-28T00:00:00,2024,10,57,Conflict,,,Beirut,LB1,BA
116312,Displacement due to conflict,Lebanon,LBN,Mount Lebanon,LB3,Aley,LB31,12288,2024-10-28T00:00:00,2024,10,57,Conflict,,,Mount Lebanon,LB3,BA
116374,Displacement due to conflict,Lebanon,LBN,South,LB6,Saida,LB61,51070,2024-10-28T00:00:00,2024,10,57,Conflict,,,South,LB6,BA
113000,Displacement due to conflict,Lebanon,LBN,Mount Lebanon,LB3,Chouf,LB33,7,2024-10-28T00:00:00,2024,10,57,Conflict,,,Baalbek-El Hermel,LB8,BA
115212,Displacement due to conflict,Lebanon,LBN,Mount Lebanon,LB3,Chouf,LB33,76617,2024-10-28T00:00:00,2024,10,57,Conflict,,,El Nabatieh,LB4,BA
114961,Displacement due to conflict,Lebanon,LBN,Mount Lebanon,LB3,Baabda,LB32,8636,2024-10-28T00:00:00,2024,10,57,Conflict,,,Mount Lebanon,LB3,BA
114876,Displacement due to conflict,Lebanon,LBN,El Nabatieh,LB4,Bent Jbeil,LB41,750,2024-10-28T00:00:00,2024,10,57,Conflict,,,El Nabatieh,LB4,BA
122284,Displacement due to conflict,Lebanon,LBN,Mount Lebanon,LB3,Baabda,LB32,9815,2024-10-28T00:00:00,2024,10,57,Conflict,,,El Nabatieh,LB4,BA
121786,Displacement due to conflict,Lebanon,LBN,Mount Lebanon,LB3,Jbeil,LB34,8,2024-10-28T00:00:00,2024,10,57,Conflict,,,Bekaa,LB2,BA
121808,Displacement due to conflict,Lebanon,LBN,North,LB5,El Batroun,LB52,2036,2024-10-28T00:00:00,2024,10,57,Conflict,,,El Nabatieh,LB4,BA
125705,Displacement due to conflict,Lebanon,LBN,Akkar,LB7,Akkar,LB51,24963,2024-10-28T00:00:00,2024,10,57,Conflict,,,El Nabatieh,LB4,BA
125350,Displacement due to conflict,Lebanon,LBN,Bekaa,LB2,Rachaya,LB23,1128,2024-10-28T00:00:00,2024,10,57,Conflict,,,Bekaa,LB2,BA
124835,Displacement due to conflict,Lebanon,LBN,Mount Lebanon,LB3,Kesrwane,LB35,5156,2024-10-28T00:00:00,2024,10,57,Conflict,,,South,LB6,BA
123025,Displacement due to conflict,Lebanon,LBN,North,LB5,El Minieh-Dennie,LB55,70,2024-10-28T00:00:00,2024,10,57,Conflict,,,Mount Lebanon,LB3,BA
123923,Displacement due to conflict,Lebanon,LBN,North,LB5,Zgharta,LB57,400,2024-10-28T00:00:00,2024,10,57,Conflict,,,Beirut,LB1,BA
132369,Displacement due to conflict,Lebanon,LBN,Baalbek-El Hermel,LB8,Baalbek,LB21,50,2024-10-28T00:00:00,2024,10,57,Conflict,,,El Nabatieh,LB4,BA
126620,Displacement due to conflict,Lebanon,LBN,Mount Lebanon,LB3,El Meten,LB36,19,2024-10-28T00:00:00,2024,10,57,Conflict,,,Beirut,LB1,BA
126746,Displacement due to conflict,Lebanon,LBN,El Nabatieh,LB4,Hasbaya,LB42,2329,2024-10-28T00:00:00,2024,10,57,Conflict,,,El Nabatieh,LB4,BA
129517,Displacement due to conflict,Lebanon,LBN,Mount Lebanon,LB3,El Meten,LB36,6140,2024-10-28T00:00:00,2024,10,57,Conflict,,,South,LB6,BA
100332,Displacement due to conflict,Lebanon,LBN,Mount Lebanon,LB3,El Meten,LB36,105,2024-10-28T00:00:00,2024,10,57,Conflict,,,Baalbek-El Hermel,LB8,BA
105957,Displacement due to conflict,Lebanon,LBN,North,LB5,El Minieh-Dennie,LB55,3193,2024-10-28T00:00:00,2024,10,57,Conflict,,,El Nabatieh,LB4,BA
111353,Displacement due to conflict,Lebanon,LBN,Mount Lebanon,LB3,Kesrwane,LB35,12,2024-10-28T00:00:00,2024,10,57,Conflict,,,Bekaa,LB2,BA
112593,Displacement due to conflict,Lebanon,LBN,North,LB5,El Batroun,LB52,119,2024-10-28T00:00:00,2024,10,57,Conflict,,,Beirut,LB1,BA
112467,Displacement due to conflict,Lebanon,LBN,Mount Lebanon,LB3,Baabda,LB32,851,2024-10-28T00:00:00,2024,10,57,Conflict,,,Beirut,LB1,BA
108587,Displacement due to conflict,Lebanon,LBN,Baalbek-El Hermel,LB8,El Hermel,LB22,450,2024-10-28T00:00:00,2024,10,57,Conflict,,,Baalbek-El Hermel,LB8,BA
89591,Displacement due to conflict,Lebanon,LBN,Mount Lebanon,LB3,Aley,LB31,6393,2024-10-28T00:00:00,2024,10,57,Conflict,,,Beirut,LB1,BA
85626,Displacement due to conflict,Lebanon,LBN,Akkar,LB7,Akkar,LB51,3567,2024-10-28T00:00:00,2024,10,57,Conflict,,,Beirut,LB1,BA
84789,Displacement due to conflict,Lebanon,LBN,North,LB5,Tripoli,LB56,2042,2024-10-28T00:00:00,2024,10,57,Conflict,,,South,LB6,BA
88005,Displacement due to conflict,Lebanon,LBN,North,LB5,El Koura,LB54,4663,2024-10-28T00:00:00,2024,10,57,Conflict,,,Mount Lebanon,LB3,BA
93649,Displacement due to conflict,Lebanon,LBN,El Nabatieh,LB4,El Nabatieh,LB44,593,2024-10-28T00:00:00,2024,10,57,Conflict,,,El Nabatieh,LB4,BA
92172,Displacement due to conflict,Lebanon,LBN,Bekaa,LB2,Zahle,LB25,2088,2024-10-28T00:00:00,2024,10,57,Conflict,,,Bekaa,LB2,BA
92608,Displacement due to conflict,Lebanon,LBN,South,LB6,Saida,LB61,3500,2024-10-28T00:00:00,2024,10,57,Conflict,,,Mount Lebanon,LB3,BA
95916,Displacement due to conflict,Lebanon,LBN,North,LB5,El Koura,LB54,1304,2024-10-28T00:00:00,2024,10,57,Conflict,,,Beirut,LB1,BA
96734,Displacement due to conflict,Lebanon,LBN,Bekaa,LB2,Rachaya,LB23,1135,2024-10-28T00:00:00,2024,10,57,Conflict,,,El Nabatieh,LB4,BA
96589,Displacement due to conflict,Lebanon,LBN,North,LB5,Bcharre,LB53,15,2024-10-28T00:00:00,2024,10,57,Conflict,,,Baalbek-El Hermel,LB8,BA
98656,Displacement due to conflict,Lebanon,LBN,Bekaa,LB2,West Bekaa,LB24,3275,2024-10-28T00:00:00,2024,10,57,Conflict,,,Bekaa,LB2,BA
76643,Displacement due to conflict,Lebanon,LBN,Bekaa,LB2,Zahle,LB25,8285,2024-10-28T00:00:00,2024,10,57,Conflict,,,El Nabatieh,LB4,BA
77582,Displacement due to conflict,Lebanon,LBN,Bekaa,LB2,West Bekaa,LB24,236,2024-10-28T00:00:00,2024,10,57,Conflict,,,Baalbek-El Hermel,LB8,BA
77839,Displacement due to conflict,Lebanon,LBN,Bekaa,LB2,Zahle,LB25,666,2024-10-28T00:00:00,2024,10,57,Conflict,,,Beirut,LB1,BA
74834,Displacement due to conflict,Lebanon,LBN,North,LB5,Tripoli,LB56,1248,2024-10-28T00:00:00,2024,10,57,Conflict,,,El Nabatieh,LB4,BA
79770,Displacement due to conflict,Lebanon,LBN,Mount Lebanon,LB3,Aley,LB31,10,2024-10-28T00:00:00,2024,10,57,Conflict,,,Bekaa,LB2,BA
79778,Displacement due to conflict,Lebanon,LBN,Akkar,LB7,Akkar,LB51,8037,2024-10-28T00:00:00,2024,10,57,Conflict,,,Baalbek-El Hermel,LB8,BA
79643,Displacement due to conflict,Lebanon,LBN,South,LB6,Sour,LB63,7563,2024-10-28T00:00:00,2024,10,57,Conflict,,,South,LB6,BA
80173,Displacement due to conflict,Lebanon,LBN,North,LB5,Bcharre,LB53,1200,2024-10-28T00:00:00,2024,10,57,Conflict,,,El Nabatieh,LB4,BA
78320,Displacement due to conflict,Lebanon,LBN,Mount Lebanon,LB3,Baabda,LB32,8019,2024-10-28T00:00:00,2024,10,57,Conflict,,,South,LB6,BA
79159,Displacement due to conflict,Lebanon,LBN,North,LB5,Tripoli,LB56,2700,2024-10-28T00:00:00,2024,10,57,Conflict,,,Mount Lebanon,LB3,BA
78812,Displacement due to conflict,Lebanon,LBN,Bekaa,LB2,Rachaya,LB23,120,2024-10-28T00:00:00,2024,10,57,Conflict,,,Baalbek-El Hermel,LB8,BA
84192,Displacement due to conflict,Lebanon,LBN,Mount Lebanon,LB3,Kesrwane,LB35,7145,2024-10-28T00:00:00,2024,10,57,Conflict,,,Mount Lebanon,LB3,BA
83477,Displacement due to conflict,Lebanon,LBN,South,LB6,Jezzine,LB62,2047,2024-10-28T00:00:00,2024,10,57,Conflict,,,South,LB6,BA
81917,Displacement due to conflict,Lebanon,LBN,Baalbek-El Hermel,LB8,Baalbek,LB21,44383,2024-10-28T00:00:00,2024,10,57,Conflict,,,Baalbek-El Hermel,LB8,BA
65950,Displacement due to conflict,Lebanon,LBN,North,LB5,El Koura,LB54,3430,2024-10-28T00:00:00,2024,10,57,Conflict,,,South,LB6,BA
67308,Displacement due to conflict,Lebanon,LBN,Mount Lebanon,LB3,El Meten,LB36,25411,2024-10-28T00:00:00,2024,10,57,Conflict,,,El Nabatieh,LB4,BA
69800,Displacement due to conflict,Lebanon,LBN,Akkar,LB7,Akkar,LB51,350,2024-10-28T00:00:00,2024,10,57,Conflict,,,Mount Lebanon,LB3,BA
71267,Displacement due to conflict,Lebanon,LBN,South,LB6,Jezzine,LB62,5609,2024-10-28T00:00:00,2024,10,57,Conflict,,,El Nabatieh,LB4,BA
68535,Displacement due to conflict,Lebanon,LBN,North,LB5,Bcharre,LB53,32,2024-10-28T00:00:00,2024,10,57,Conflict,,,Beirut,LB1,BA
59994,Displacement due to conflict,Lebanon,LBN,Mount Lebanon,LB3,Aley,LB31,59272,2024-10-28T00:00:00,2024,10,57,Conflict,,,El Nabatieh,LB4,BA
58451,Displacement due to conflict,Lebanon,LBN,Mount Lebanon,LB3,Jbeil,LB34,7,2024-10-28T00:00:00,2024,10,57,Conflict,,,Beirut,LB1,BA
36416,Displacement due to conflict,Lebanon,LBN,North,LB5,El Koura,LB54,3016,2024-10-28T00:00:00,2024,10,57,Conflict,,,El Nabatieh,LB4,BA
37787,Displacement due to conflict,Lebanon,LBN,Mount Lebanon,LB3,Kesrwane,LB35,7935,2024-10-28T00:00:00,2024,10,57,Conflict,,,El Nabatieh,LB4,BA
38797,Displacement due to conflict,Lebanon,LBN,Mount Lebanon,LB3,Chouf,LB33,66575,2024-10-28T00:00:00,2024,10,57,Conflict,,,South,LB6,BA
39391,Displacement due to conflict,Lebanon,LBN,South,LB6,Saida,LB61,12871,2024-10-28T00:00:00,2024,10,57,Conflict,,,El Nabatieh,LB4,BA
32456,Displacement due to conflict,Lebanon,LBN,South,LB6,Jezzine,LB62,130,2024-10-28T00:00:00,2024,10,57,Conflict,,,Bekaa,LB2,BA
32274,Displacement due to conflict,Lebanon,LBN,Beirut,LB1,Beirut,LB11,60699,2024-10-28T00:00:00,2024,10,57,Conflict,,,El Nabatieh,LB4,BA
46941,Displacement due to conflict,Lebanon,LBN,Beirut,LB1,Beirut,LB11,69186,2024-10-28T00:00:00,2024,10,57,Conflict,,,South,LB6,BA
44439,Displacement due to conflict,Lebanon,LBN,Mount Lebanon,LB3,Jbeil,LB34,1336,2024-10-28T00:00:00,2024,10,57,Conflict,,,Baalbek-El Hermel,LB8,BA
45210,Displacement due to conflict,Lebanon,LBN,North,LB5,Zgharta,LB57,13543,2024-10-28T00:00:00,2024,10,57,Conflict,,,South,LB6,BA
53602,Displacement due to conflict,Lebanon,LBN,North,LB5,El Batroun,LB52,106,2024-10-28T00:00:00,2024,10,57,Conflict,,,Mount Lebanon,LB3,BA
53669,Displacement due to conflict,Lebanon,LBN,Akkar,LB7,Akkar,LB51,415,2024-10-28T00:00:00,2024,10,57,Conflict,,,Bekaa,LB2,BA
56315,Displacement due to conflict,Lebanon,LBN,Mount Lebanon,LB3,El Meten,LB36,8488,2024-10-28T00:00:00,2024,10,57,Conflict,,,Mount Lebanon,LB3,BA
52787,Displacement due to conflict,Lebanon,LBN,Mount Lebanon,LB3,Chouf,LB33,7669,2024-10-28T00:00:00,2024,10,57,Conflict,,,Mount Lebanon,LB3,BA
52329,Displacement due to conflict,Lebanon,LBN,Bekaa,LB2,Rachaya,LB23,681,2024-10-28T00:00:00,2024,10,57,Conflict,,,Mount Lebanon,LB3,BA
49563,Displacement due to conflict,Lebanon,LBN,Mount Lebanon,LB3,El Meten,LB36,1192,2024-10-28T00:00:00,2024,10,57,Conflict,,,Bekaa,LB2,BA
6149,Displacement due to conflict,Lebanon,LBN,North,LB5,El Batroun,LB52,5,2024-10-28T00:00:00,2024,10,57,Conflict,,,Bekaa,LB2,BA
6884,Displacement due to conflict,Lebanon,LBN,Bekaa,LB2,West Bekaa,LB24,40,2024-10-28T00:00:00,2024,10,57,Conflict,,,South,LB6,BA
6710,Displacement due to conflict,Lebanon,LBN,Mount Lebanon,LB3,Jbeil,LB34,12430,2024-10-28T00:00:00,2024,10,57,Conflict,,,El Nabatieh,LB4,BA
4273,Displacement due to conflict,Lebanon,LBN,Mount Lebanon,LB3,Kesrwane,LB35,140,2024-10-28T00:00:00,2024,10,57,Conflict,,,Beirut,LB1,BA
4889,Displacement due to conflict,Lebanon,LBN,North,LB5,Zgharta,LB57,455,2024-10-28T00:00:00,2024,10,57,Conflict,,,El Nabatieh,LB4,BA
243,Displacement due to conflict,Lebanon,LBN,North,LB5,El Minieh-Dennie,LB55,2938,2024-10-28T00:00:00,2024,10,57,Conflict,,,Baalbek-El Hermel,LB8,BA
2083,Displacement due to conflict,Lebanon,LBN,Bekaa,LB2,Zahle,LB25,15830,2024-10-28T00:00:00,2024,10,57,Conflict,,,Baalbek-El Hermel,LB8,BA
1520,Displacement due to conflict,Lebanon,LBN,North,LB5,Tripoli,LB56,6818,2024-10-28T00:00:00,2024,10,57,Conflict,,,Beirut,LB1,BA
2342,Displacement due to conflict,Lebanon,LBN,Mount Lebanon,LB3,Jbeil,LB34,2887,2024-10-28T00:00:00,2024,10,57,Conflict,,,South,LB6,BA
8337,Displacement due to conflict,Lebanon,LBN,El Nabatieh,LB4,Marjaayoun,LB43,241,2024-10-28T00:00:00,2024,10,57,Conflict,,,El Nabatieh,LB4,BA
10160,Displacement due to conflict,Lebanon,LBN,North,LB5,El Minieh-Dennie,LB55,14,2024-10-28T00:00:00,2024,10,57,Conflict,,,Beirut,LB1,BA
9705,Displacement due to conflict,Lebanon,LBN,Mount Lebanon,LB3,Aley,LB31,30231,2024-10-28T00:00:00,2024,10,57,Conflict,,,South,LB6,BA
13843,Displacement due to conflict,Lebanon,LBN,North,LB5,El Batroun,LB52,4697,2024-10-28T00:00:00,2024,10,57,Conflict,,,South,LB6,BA
13102,Displacement due to conflict,Lebanon,LBN,North,LB5,Bcharre,LB53,935,2024-10-28T00:00:00,2024,10,57,Conflict,,,South,LB6,BA
28283,Displacement due to conflict,Lebanon,LBN,Bekaa,LB2,Rachaya,LB23,1139,2024-10-28T00:00:00,2024,10,57,Conflict,,,South,LB6,BA
28363,Displacement due to conflict,Lebanon,LBN,North,LB5,Zgharta,LB57,308,2024-10-28T00:00:00,2024,10,57,Conflict,,,Baalbek-El Hermel,LB8,BA
25071,Displacement due to conflict,Lebanon,LBN,Baalbek-El Hermel,LB8,Baalbek,LB21,675,2024-10-28T00:00:00,2024,10,57,Conflict,,,Mount Lebanon,LB3,BA
17886,Displacement due to conflict,Lebanon,LBN,Beirut,LB1,Beirut,LB11,2000,2024-10-28T00:00:00,2024,10,57,Conflict,,,Mount Lebanon,LB3,BA
14408,Displacement due to conflict,Lebanon,LBN,Bekaa,LB2,West Bekaa,LB24,13283,2024-10-28T00:00:00,2024,10,57,Conflict,,,El Nabatieh,LB4,BA
18716,Displacement due to conflict,Lebanon,LBN,North,LB5,El Minieh-Dennie,LB55,18977,2024-10-28T00:00:00,2024,10,57,Conflict,,,South,LB6,BA
20505,Displacement due to conflict,Lebanon,LBN,Mount Lebanon,LB3,Chouf,LB33,50,2024-10-28T00:00:00,2024,10,57,Conflict,,,Bekaa,LB2,BA
21303,Displacement due to conflict,Lebanon,LBN,Mount Lebanon,LB3,Jbeil,LB34,23384,2024-10-28T00:00:00,2024,10,57,Conflict,,,Mount Lebanon,LB3,BA
20686,Displacement due to conflict,Lebanon,LBN,North,LB5,El Minieh-Dennie,LB55,15670,2024-10-31T00:00:00,2024,10,58,Conflict,,,South,LB6,BA
19878,Displacement due to conflict,Lebanon,LBN,Mount Lebanon,LB3,Kesrwane,LB35,6540,2024-10-31T00:00:00,2024,10,58,Conflict,,,Mount Lebanon,LB3,BA
17193,Displacement due to conflict,Lebanon,LBN,Akkar,LB7,Akkar,LB51,8040,2024-10-31T00:00:00,2024,10,58,Conflict,,,Baalbek-El Hermel,LB8,BA
15934,Displacement due to conflict,Lebanon,LBN,Mount Lebanon,LB3,El Meten,LB36,1192,2024-10-31T00:00:00,2024,10,58,Conflict,,,Bekaa,LB2,BA
23978,Displacement due to conflict,Lebanon,LBN,Bekaa,LB2,Rachaya,LB23,1128,2024-10-31T00:00:00,2024,10,58,Conflict,,,Bekaa,LB2,BA
22550,Displacement due to conflict,Lebanon,LBN,Mount Lebanon,LB3,Aley,LB31,10,2024-10-31T00:00:00,2024,10,58,Conflict,,,Bekaa,LB2,BA
27559,Displacement due to conflict,Lebanon,LBN,North,LB5,El Batroun,LB52,5,2024-10-31T00:00:00,2024,10,58,Conflict,,,Bekaa,LB2,BA
25726,Displacement due to conflict,Lebanon,LBN,El Nabatieh,LB4,Bent Jbeil,LB41,609,2024-10-31T00:00:00,2024,10,58,Conflict,,,El Nabatieh,LB4,BA
25701,Displacement due to conflict,Lebanon,LBN,Bekaa,LB2,Zahle,LB25,9457,2024-10-31T00:00:00,2024,10,58,Conflict,,,El Nabatieh,LB4,BA
13635,Displacement due to conflict,Lebanon,LBN,Bekaa,LB2,Zahle,LB25,646,2024-10-31T00:00:00,2024,10,58,Conflict,,,Beirut,LB1,BA
12019,Displacement due to conflict,Lebanon,LBN,Bekaa,LB2,West Bekaa,LB24,2684,2024-10-31T00:00:00,2024,10,58,Conflict,,,Bekaa,LB2,BA
10669,Displacement due to conflict,Lebanon,LBN,Mount Lebanon,LB3,Baabda,LB32,880,2024-10-31T00:00:00,2024,10,58,Conflict,,,Beirut,LB1,BA
283,Displacement due to conflict,Lebanon,LBN,Mount Lebanon,LB3,Kesrwane,LB35,155,2024-10-31T00:00:00,2024,10,58,Conflict,,,Beirut,LB1,BA
1188,Displacement due to conflict,Lebanon,LBN,Mount Lebanon,LB3,Kesrwane,LB35,5643,2024-10-31T00:00:00,2024,10,58,Conflict,,,South,LB6,BA
4799,Displacement due to conflict,Lebanon,LBN,Mount Lebanon,LB3,Jbeil,LB34,2551,2024-10-31T00:00:00,2024,10,58,Conflict,,,Bekaa,LB2,BA
5376,Displacement due to conflict,Lebanon,LBN,Beirut,LB1,Beirut,LB11,63019,2024-10-31T00:00:00,2024,10,58,Conflict,,,El Nabatieh,LB4,BA
49914,Displacement due to conflict,Lebanon,LBN,North,LB5,Zgharta,LB57,468,2024-10-31T00:00:00,2024,10,58,Conflict,,,El Nabatieh,LB4,BA
50642,Displacement due to conflict,Lebanon,LBN,Mount Lebanon,LB3,Aley,LB31,26343,2024-10-31T00:00:00,2024,10,58,Conflict,,,Mount Lebanon,LB3,BA
51037,Displacement due to conflict,Lebanon,LBN,South,LB6,Jezzine,LB62,5846,2024-10-31T00:00:00,2024,10,58,Conflict,,,El Nabatieh,LB4,BA
51169,Displacement due to conflict,Lebanon,LBN,North,LB5,El Minieh-Dennie,LB55,3642,2024-10-31T00:00:00,2024,10,58,Conflict,,,Baalbek-El Hermel,LB8,BA
52389,Displacement due to conflict,Lebanon,LBN,Mount Lebanon,LB3,Baabda,LB32,8108,2024-10-31T00:00:00,2024,10,58,Conflict,,,Mount Lebanon,LB3,BA
54429,Displacement due to conflict,Lebanon,LBN,Mount Lebanon,LB3,Chouf,LB33,50,2024-10-31T00:00:00,2024,10,58,Conflict,,,Bekaa,LB2,BA
53391,Displacement due to conflict,Lebanon,LBN,North,LB5,El Koura,LB54,1351,2024-10-31T00:00:00,2024,10,58,Conflict,,,Beirut,LB1,BA
44857,Displacement due to conflict,Lebanon,LBN,North,LB5,Tripoli,LB56,1252,2024-10-31T00:00:00,2024,10,58,Conflict,,,El Nabatieh,LB4,BA
45162,Displacement due to conflict,Lebanon,LBN,Bekaa,LB2,Rachaya,LB23,567,2024-10-31T00:00:00,2024,10,58,Conflict,,,South,LB6,BA
49117,Displacement due to conflict,Lebanon,LBN,Mount Lebanon,LB3,Chouf,LB33,8120,2024-10-31T00:00:00,2024,10,58,Conflict,,,Mount Lebanon,LB3,BA
33037,Displacement due to conflict,Lebanon,LBN,North,LB5,El Batroun,LB52,4812,2024-10-31T00:00:00,2024,10,58,Conflict,,,South,LB6,BA
35332,Displacement due to conflict,Lebanon,LBN,Mount Lebanon,LB3,Aley,LB31,4645,2024-10-31T00:00:00,2024,10,58,Conflict,,,Beirut,LB1,BA
29747,Displacement due to conflict,Lebanon,LBN,Akkar,LB7,Akkar,LB51,25451,2024-10-31T00:00:00,2024,10,58,Conflict,,,El Nabatieh,LB4,BA
30514,Displacement due to conflict,Lebanon,LBN,North,LB5,El Minieh-Dennie,LB55,3432,2024-10-31T00:00:00,2024,10,58,Conflict,,,El Nabatieh,LB4,BA
31223,Displacement due to conflict,Lebanon,LBN,Mount Lebanon,LB3,El Meten,LB36,7932,2024-10-31T00:00:00,2024,10,58,Conflict,,,South,LB6,BA
32032,Displacement due to conflict,Lebanon,LBN,South,LB6,Jezzine,LB62,1933,2024-10-31T00:00:00,2024,10,58,Conflict,,,South,LB6,BA
39108,Displacement due to conflict,Lebanon,LBN,Mount Lebanon,LB3,El Meten,LB36,4600,2024-10-31T00:00:00,2024,10,58,Conflict,,,Mount Lebanon,LB3,BA
38149,Displacement due to conflict,Lebanon,LBN,Bekaa,LB2,West Bekaa,LB24,14133,2024-10-31T00:00:00,2024,10,58,Conflict,,,El Nabatieh,LB4,BA
57381,Displacement due to conflict,Lebanon,LBN,Beirut,LB1,Beirut,LB11,67576,2024-10-31T00:00:00,2024,10,58,Conflict,,,South,LB6,BA
60952,Displacement due to conflict,Lebanon,LBN,Mount Lebanon,LB3,Chouf,LB33,68143,2024-10-31T00:00:00,2024,10,58,Conflict,,,South,LB6,BA
60843,Displacement due to conflict,Lebanon,LBN,North,LB5,Bcharre,LB53,975,2024-10-31T00:00:00,2024,10,58,Conflict,,,South,LB6,BA
63206,Displacement due to conflict,Lebanon,LBN,Bekaa,LB2,Rachaya,LB23,537,2024-10-31T00:00:00,2024,10,58,Conflict,,,Mount Lebanon,LB3,BA
61817,Displacement due to conflict,Lebanon,LBN,El Nabatieh,LB4,Marjaayoun,LB43,233,2024-10-31T00:00:00,2024,10,58,Conflict,,,El Nabatieh,LB4,BA
61697,Displacement due to conflict,Lebanon,LBN,El Nabatieh,LB4,Hasbaya,LB42,2717,2024-10-31T00:00:00,2024,10,58,Conflict,,,El Nabatieh,LB4,BA
68927,Displacement due to conflict,Lebanon,LBN,North,LB5,Zgharta,LB57,13486,2024-10-31T00:00:00,2024,10,58,Conflict,,,South,LB6,BA
71344,Displacement due to conflict,Lebanon,LBN,Akkar,LB7,Akkar,LB51,415,2024-10-31T00:00:00,2024,10,58,Conflict,,,Bekaa,LB2,BA
65772,Displacement due to conflict,Lebanon,LBN,Akkar,LB7,Akkar,LB51,355,2024-10-31T00:00:00,2024,10,58,Conflict,,,Mount Lebanon,LB3,BA
65424,Displacement due to conflict,Lebanon,LBN,North,LB5,El Koura,LB54,1567,2024-10-31T00:00:00,2024,10,58,Conflict,,,Mount Lebanon,LB3,BA
64967,Displacement due to conflict,Lebanon,LBN,Mount Lebanon,LB3,Kesrwane,LB35,9339,2024-10-31T00:00:00,2024,10,58,Conflict,,,El Nabatieh,LB4,BA
65007,Displacement due to conflict,Lebanon,LBN,South,LB6,Saida,LB61,14347,2024-10-31T00:00:00,2024,10,58,Conflict,,,El Nabatieh,LB4,BA
82450,Displacement due to conflict,Lebanon,LBN,Bekaa,LB2,West Bekaa,LB24,236,2024-10-31T00:00:00,2024,10,58,Conflict,,,Baalbek-El Hermel,LB8,BA
77915,Displacement due to conflict,Lebanon,LBN,Mount Lebanon,LB3,Chouf,LB33,7,2024-10-31T00:00:00,2024,10,58,Conflict,,,Baalbek-El Hermel,LB8,BA
80660,Displacement due to conflict,Lebanon,LBN,North,LB5,Bcharre,LB53,1200,2024-10-31T00:00:00,2024,10,58,Conflict,,,El Nabatieh,LB4,BA
81149,Displacement due to conflict,Lebanon,LBN,North,LB5,El Minieh-Dennie,LB55,2502,2024-10-31T00:00:00,2024,10,58,Conflict,,,Mount Lebanon,LB3,BA
80763,Displacement due to conflict,Lebanon,LBN,Bekaa,LB2,Zahle,LB25,16305,2024-10-31T00:00:00,2024,10,58,Conflict,,,Baalbek-El Hermel,LB8,BA
73789,Displacement due to conflict,Lebanon,LBN,Baalbek-El Hermel,LB8,El Hermel,LB22,450,2024-10-31T00:00:00,2024,10,58,Conflict,,,Baalbek-El Hermel,LB8,BA
73551,Displacement due to conflict,Lebanon,LBN,North,LB5,El Batroun,LB52,31,2024-10-31T00:00:00,2024,10,58,Conflict,,,Mount Lebanon,LB3,BA
72229,Displacement due to conflict,Lebanon,LBN,Mount Lebanon,LB3,Jbeil,LB34,7,2024-10-31T00:00:00,2024,10,58,Conflict,,,Beirut,LB1,BA
71970,Displacement due to conflict,Lebanon,LBN,North,LB5,El Minieh-Dennie,LB55,14,2024-10-31T00:00:00,2024,10,58,Conflict,,,Beirut,LB1,BA
71467,Displacement due to conflict,Lebanon,LBN,North,LB5,Bcharre,LB53,15,2024-10-31T00:00:00,2024,10,58,Conflict,,,Baalbek-El Hermel,LB8,BA
98484,Displacement due to conflict,Lebanon,LBN,Mount Lebanon,LB3,Jbeil,LB34,10213,2024-10-31T00:00:00,2024,10,58,Conflict,,,El Nabatieh,LB4,BA
98309,Displacement due to conflict,Lebanon,LBN,Mount Lebanon,LB3,Chouf,LB33,76803,2024-10-31T00:00:00,2024,10,58,Conflict,,,El Nabatieh,LB4,BA
98315,Displacement due to conflict,Lebanon,LBN,Mount Lebanon,LB3,Jbeil,LB34,23386,2024-10-31T00:00:00,2024,10,58,Conflict,,,Mount Lebanon,LB3,BA
98229,Displacement due to conflict,Lebanon,LBN,Bekaa,LB2,Zahle,LB25,2224,2024-10-31T00:00:00,2024,10,58,Conflict,,,Bekaa,LB2,BA
96696,Displacement due to conflict,Lebanon,LBN,Mount Lebanon,LB3,Baabda,LB32,9356,2024-10-31T00:00:00,2024,10,58,Conflict,,,El Nabatieh,LB4,BA
96087,Displacement due to conflict,Lebanon,LBN,Mount Lebanon,LB3,El Meten,LB36,3510,2024-10-31T00:00:00,2024,10,58,Conflict,,,Baalbek-El Hermel,LB8,BA
93358,Displacement due to conflict,Lebanon,LBN,Mount Lebanon,LB3,Aley,LB31,58529,2024-10-31T00:00:00,2024,10,58,Conflict,,,El Nabatieh,LB4,BA
95133,Displacement due to conflict,Lebanon,LBN,Bekaa,LB2,Rachaya,LB23,881,2024-10-31T00:00:00,2024,10,58,Conflict,,,Baalbek-El Hermel,LB8,BA
87091,Displacement due to conflict,Lebanon,LBN,South,LB6,Saida,LB61,53773,2024-10-31T00:00:00,2024,10,58,Conflict,,,South,LB6,BA
86682,Displacement due to conflict,Lebanon,LBN,Baalbek-El Hermel,LB8,Baalbek,LB21,50,2024-10-31T00:00:00,2024,10,58,Conflict,,,El Nabatieh,LB4,BA
86499,Displacement due to conflict,Lebanon,LBN,North,LB5,Tripoli,LB56,7495,2024-10-31T00:00:00,2024,10,58,Conflict,,,Beirut,LB1,BA
89680,Displacement due to conflict,Lebanon,LBN,El Nabatieh,LB4,El Nabatieh,LB44,594,2024-10-31T00:00:00,2024,10,58,Conflict,,,El Nabatieh,LB4,BA
89060,Displacement due to conflict,Lebanon,LBN,North,LB5,El Batroun,LB52,2001,2024-10-31T00:00:00,2024,10,58,Conflict,,,El Nabatieh,LB4,BA
89019,Displacement due to conflict,Lebanon,LBN,North,LB5,Zgharta,LB57,350,2024-10-31T00:00:00,2024,10,58,Conflict,,,Beirut,LB1,BA
91704,Displacement due to conflict,Lebanon,LBN,North,LB5,Zgharta,LB57,314,2024-10-31T00:00:00,2024,10,58,Conflict,,,Baalbek-El Hermel,LB8,BA
90644,Displacement due to conflict,Lebanon,LBN,Akkar,LB7,Akkar,LB51,21016,2024-10-31T00:00:00,2024,10,58,Conflict,,,South,LB6,BA
109030,Displacement due to conflict,Lebanon,LBN,North,LB5,Tripoli,LB56,912,2024-10-31T00:00:00,2024,10,58,Conflict,,,South,LB6,BA
112646,Displacement due to conflict,Lebanon,LBN,Beirut,LB1,Beirut,LB11,2458,2024-10-31T00:00:00,2024,10,58,Conflict,,,Mount Lebanon,LB3,BA
110654,Displacement due to conflict,Lebanon,LBN,Mount Lebanon,LB3,Jbeil,LB34,1313,2024-10-31T00:00:00,2024,10,58,Conflict,,,Baalbek-El Hermel,LB8,BA
110763,Displacement due to conflict,Lebanon,LBN,North,LB5,Bcharre,LB53,46,2024-10-31T00:00:00,2024,10,58,Conflict,,,Beirut,LB1,BA
105504,Displacement due to conflict,Lebanon,LBN,North,LB5,El Koura,LB54,3521,2024-10-31T00:00:00,2024,10,58,Conflict,,,South,LB6,BA
101856,Displacement due to conflict,Lebanon,LBN,North,LB5,El Koura,LB54,3065,2024-10-31T00:00:00,2024,10,58,Conflict,,,El Nabatieh,LB4,BA
103469,Displacement due to conflict,Lebanon,LBN,North,LB5,El Koura,LB54,3000,2024-10-31T00:00:00,2024,10,58,Conflict,,,Baalbek-El Hermel,LB8,BA
99876,Displacement due to conflict,Lebanon,LBN,Mount Lebanon,LB3,El Meten,LB36,25044,2024-10-31T00:00:00,2024,10,58,Conflict,,,El Nabatieh,LB4,BA
99303,Displacement due to conflict,Lebanon,LBN,Akkar,LB7,Akkar,LB51,3622,2024-10-31T00:00:00,2024,10,58,Conflict,,,Beirut,LB1,BA
99831,Displacement due to conflict,Lebanon,LBN,Mount Lebanon,LB3,Kesrwane,LB35,12,2024-10-31T00:00:00,2024,10,58,Conflict,,,Bekaa,LB2,BA
132299,Displacement due to conflict,Lebanon,LBN,Bekaa,LB2,Rachaya,LB23,1127,2024-10-31T00:00:00,2024,10,58,Conflict,,,El Nabatieh,LB4,BA
140363,Displacement due to conflict,Lebanon,LBN,Mount Lebanon,LB3,Aley,LB31,18379,2024-10-31T00:00:00,2024,10,58,Conflict,,,South,LB6,BA
140612,Displacement due to conflict,Lebanon,LBN,North,LB5,El Batroun,LB52,119,2024-10-31T00:00:00,2024,10,58,Conflict,,,Beirut,LB1,BA
124049,Displacement due to conflict,Lebanon,LBN,North,LB5,Tripoli,LB56,3114,2024-10-31T00:00:00,2024,10,58,Conflict,,,Mount Lebanon,LB3,BA
119808,Displacement due to conflict,Lebanon,LBN,Mount Lebanon,LB3,Jbeil,LB34,4011,2024-10-31T00:00:00,2024,10,58,Conflict,,,South,LB6,BA
114719,Displacement due to conflict,Lebanon,LBN,Mount Lebanon,LB3,Baabda,LB32,8813,2024-10-31T00:00:00,2024,10,58,Conflict,,,South,LB6,BA
116006,Displacement due to conflict,Lebanon,LBN,Mount Lebanon,LB3,Chouf,LB33,1292,2024-10-31T00:00:00,2024,10,58,Conflict,,,Beirut,LB1,BA
113031,Displacement due to conflict,Lebanon,LBN,South,LB6,Sour,LB63,7495,2024-10-31T00:00:00,2024,10,58,Conflict,,,South,LB6,BA
114120,Displacement due to conflict,Lebanon,LBN,South,LB6,Jezzine,LB62,130,2024-10-31T00:00:00,2024,10,58,Conflict,,,Bekaa,LB2,BA
113619,Displacement due to conflict,Lebanon,LBN,Mount Lebanon,LB3,El Meten,LB36,19,2024-10-31T00:00:00,2024,10,58,Conflict,,,Beirut,LB1,BA
117038,Displacement due to conflict,Lebanon,LBN,Bekaa,LB2,West Bekaa,LB24,40,2024-10-31T00:00:00,2024,10,58,Conflict,,,South,LB6,BA
118982,Displacement due to conflict,Lebanon,LBN,Baalbek-El Hermel,LB8,Baalbek,LB21,43250,2024-10-31T00:00:00,2024,10,58,Conflict,,,Baalbek-El Hermel,LB8,BA
114352,Displacement due to conflict,Lebanon,LBN,North,LB5,El Minieh-Dennie,LB55,3455,2024-11-03T00:00:00,2024,11,59,Conflict,,,El Nabatieh,LB4,BA
114233,Displacement due to conflict,Lebanon,LBN,Beirut,LB1,Beirut,LB11,59609,2024-11-03T00:00:00,2024,11,59,Conflict,,,El Nabatieh,LB4,BA
115161,Displacement due to conflict,Lebanon,LBN,El Nabatieh,LB4,Bent Jbeil,LB41,663,2024-11-03T00:00:00,2024,11,59,Conflict,,,El Nabatieh,LB4,BA
120040,Displacement due to conflict,Lebanon,LBN,North,LB5,Bcharre,LB53,46,2024-11-03T00:00:00,2024,11,59,Conflict,,,Beirut,LB1,BA
120302,Displacement due to conflict,Lebanon,LBN,Mount Lebanon,LB3,El Meten,LB36,10413,2024-11-03T00:00:00,2024,11,59,Conflict,,,Mount Lebanon,LB3,BA
120825,Displacement due to conflict,Lebanon,LBN,Mount Lebanon,LB3,Chouf,LB33,7,2024-11-03T00:00:00,2024,11,59,Conflict,,,Baalbek-El Hermel,LB8,BA
121261,Displacement due to conflict,Lebanon,LBN,Mount Lebanon,LB3,Chouf,LB33,78761,2024-11-03T00:00:00,2024,11,59,Conflict,,,El Nabatieh,LB4,BA
126207,Displacement due to conflict,Lebanon,LBN,El Nabatieh,LB4,Hasbaya,LB42,2709,2024-11-03T00:00:00,2024,11,59,Conflict,,,El Nabatieh,LB4,BA
126339,Displacement due to conflict,Lebanon,LBN,Mount Lebanon,LB3,Kesrwane,LB35,7664,2024-11-03T00:00:00,2024,11,59,Conflict,,,Mount Lebanon,LB3,BA
140335,Displacement due to conflict,Lebanon,LBN,North,LB5,El Batroun,LB52,5,2024-11-03T00:00:00,2024,11,59,Conflict,,,Bekaa,LB2,BA
133821,Displacement due to conflict,Lebanon,LBN,Mount Lebanon,LB3,Aley,LB31,32743,2024-11-03T00:00:00,2024,11,59,Conflict,,,South,LB6,BA
134830,Displacement due to conflict,Lebanon,LBN,Bekaa,LB2,Zahle,LB25,1916,2024-11-03T00:00:00,2024,11,59,Conflict,,,Bekaa,LB2,BA
130798,Displacement due to conflict,Lebanon,LBN,Bekaa,LB2,West Bekaa,LB24,396,2024-11-03T00:00:00,2024,11,59,Conflict,,,Baalbek-El Hermel,LB8,BA
130766,Displacement due to conflict,Lebanon,LBN,North,LB5,Bcharre,LB53,698,2024-11-03T00:00:00,2024,11,59,Conflict,,,South,LB6,BA
129909,Displacement due to conflict,Lebanon,LBN,North,LB5,El Batroun,LB52,1959,2024-11-03T00:00:00,2024,11,59,Conflict,,,El Nabatieh,LB4,BA
128539,Displacement due to conflict,Lebanon,LBN,Beirut,LB1,Beirut,LB11,3158,2024-11-03T00:00:00,2024,11,59,Conflict,,,Mount Lebanon,LB3,BA
99219,Displacement due to conflict,Lebanon,LBN,Mount Lebanon,LB3,Jbeil,LB34,10143,2024-11-03T00:00:00,2024,11,59,Conflict,,,El Nabatieh,LB4,BA
106064,Displacement due to conflict,Lebanon,LBN,Akkar,LB7,Akkar,LB51,3368,2024-11-03T00:00:00,2024,11,59,Conflict,,,Beirut,LB1,BA
104203,Displacement due to conflict,Lebanon,LBN,Mount Lebanon,LB3,Chouf,LB33,70,2024-11-03T00:00:00,2024,11,59,Conflict,,,Bekaa,LB2,BA
111152,Displacement due to conflict,Lebanon,LBN,Akkar,LB7,Akkar,LB51,22533,2024-11-03T00:00:00,2024,11,59,Conflict,,,South,LB6,BA
110152,Displacement due to conflict,Lebanon,LBN,North,LB5,El Minieh-Dennie,LB55,24,2024-11-03T00:00:00,2024,11,59,Conflict,,,Beirut,LB1,BA
109858,Displacement due to conflict,Lebanon,LBN,North,LB5,El Koura,LB54,4085,2024-11-03T00:00:00,2024,11,59,Conflict,,,South,LB6,BA
109123,Displacement due to conflict,Lebanon,LBN,South,LB6,Jezzine,LB62,1976,2024-11-03T00:00:00,2024,11,59,Conflict,,,South,LB6,BA
106433,Displacement due to conflict,Lebanon,LBN,Baalbek-El Hermel,LB8,Baalbek,LB21,8,2024-11-03T00:00:00,2024,11,59,Conflict,,,Mount Lebanon,LB3,BA
90258,Displacement due to conflict,Lebanon,LBN,South,LB6,Saida,LB61,15695,2024-11-03T00:00:00,2024,11,59,Conflict,,,El Nabatieh,LB4,BA
91163,Displacement due to conflict,Lebanon,LBN,Mount Lebanon,LB3,Jbeil,LB34,23360,2024-11-03T00:00:00,2024,11,59,Conflict,,,Mount Lebanon,LB3,BA
91238,Displacement due to conflict,Lebanon,LBN,South,LB6,Jezzine,LB62,5778,2024-11-03T00:00:00,2024,11,59,Conflict,,,El Nabatieh,LB4,BA
89083,Displacement due to conflict,Lebanon,LBN,Bekaa,LB2,West Bekaa,LB24,13508,2024-11-03T00:00:00,2024,11,59,Conflict,,,El Nabatieh,LB4,BA
89552,Displacement due to conflict,Lebanon,LBN,Mount Lebanon,LB3,Kesrwane,LB35,5384,2024-11-03T00:00:00,2024,11,59,Conflict,,,South,LB6,BA
86584,Displacement due to conflict,Lebanon,LBN,North,LB5,El Koura,LB54,3073,2024-11-03T00:00:00,2024,11,59,Conflict,,,El Nabatieh,LB4,BA
86631,Displacement due to conflict,Lebanon,LBN,Beirut,LB1,Beirut,LB11,69176,2024-11-03T00:00:00,2024,11,59,Conflict,,,South,LB6,BA
95462,Displacement due to conflict,Lebanon,LBN,North,LB5,Tripoli,LB56,1454,2024-11-03T00:00:00,2024,11,59,Conflict,,,El Nabatieh,LB4,BA
93543,Displacement due to conflict,Lebanon,LBN,Mount Lebanon,LB3,Kesrwane,LB35,12,2024-11-03T00:00:00,2024,11,59,Conflict,,,Bekaa,LB2,BA
95652,Displacement due to conflict,Lebanon,LBN,South,LB6,Sour,LB63,7775,2024-11-03T00:00:00,2024,11,59,Conflict,,,South,LB6,BA
97091,Displacement due to conflict,Lebanon,LBN,Mount Lebanon,LB3,Aley,LB31,12330,2024-11-03T00:00:00,2024,11,59,Conflict,,,Mount Lebanon,LB3,BA
97256,Displacement due to conflict,Lebanon,LBN,North,LB5,El Minieh-Dennie,LB55,2342,2024-11-03T00:00:00,2024,11,59,Conflict,,,Baalbek-El Hermel,LB8,BA
72901,Displacement due to conflict,Lebanon,LBN,Mount Lebanon,LB3,Jbeil,LB34,7,2024-11-03T00:00:00,2024,11,59,Conflict,,,Beirut,LB1,BA
75057,Displacement due to conflict,Lebanon,LBN,Mount Lebanon,LB3,Kesrwane,LB35,8357,2024-11-03T00:00:00,2024,11,59,Conflict,,,El Nabatieh,LB4,BA
75952,Displacement due to conflict,Lebanon,LBN,North,LB5,El Koura,LB54,3975,2024-11-03T00:00:00,2024,11,59,Conflict,,,Mount Lebanon,LB3,BA
80871,Displacement due to conflict,Lebanon,LBN,Mount Lebanon,LB3,Kesrwane,LB35,140,2024-11-03T00:00:00,2024,11,59,Conflict,,,Beirut,LB1,BA
80352,Displacement due to conflict,Lebanon,LBN,North,LB5,Zgharta,LB57,635,2024-11-03T00:00:00,2024,11,59,Conflict,,,Beirut,LB1,BA
78135,Displacement due to conflict,Lebanon,LBN,El Nabatieh,LB4,El Nabatieh,LB44,578,2024-11-03T00:00:00,2024,11,59,Conflict,,,El Nabatieh,LB4,BA
79207,Displacement due to conflict,Lebanon,LBN,Mount Lebanon,LB3,Aley,LB31,10,2024-11-03T00:00:00,2024,11,59,Conflict,,,Bekaa,LB2,BA
81455,Displacement due to conflict,Lebanon,LBN,North,LB5,Zgharta,LB57,314,2024-11-03T00:00:00,2024,11,59,Conflict,,,Baalbek-El Hermel,LB8,BA
83633,Displacement due to conflict,Lebanon,LBN,Bekaa,LB2,Rachaya,LB23,1122,2024-11-03T00:00:00,2024,11,59,Conflict,,,Bekaa,LB2,BA
83932,Displacement due to conflict,Lebanon,LBN,North,LB5,Zgharta,LB57,579,2024-11-03T00:00:00,2024,11,59,Conflict,,,El Nabatieh,LB4,BA
83289,Displacement due to conflict,Lebanon,LBN,Baalbek-El Hermel,LB8,Baalbek,LB21,50,2024-11-03T00:00:00,2024,11,59,Conflict,,,El Nabatieh,LB4,BA
64900,Displacement due to conflict,Lebanon,LBN,South,LB6,Jezzine,LB62,130,2024-11-03T00:00:00,2024,11,59,Conflict,,,Bekaa,LB2,BA
63658,Displacement due to conflict,Lebanon,LBN,Mount Lebanon,LB3,Baabda,LB32,876,2024-11-03T00:00:00,2024,11,59,Conflict,,,Beirut,LB1,BA
66016,Displacement due to conflict,Lebanon,LBN,North,LB5,El Minieh-Dennie,LB55,627,2024-11-03T00:00:00,2024,11,59,Conflict,,,Mount Lebanon,LB3,BA
67720,Displacement due to conflict,Lebanon,LBN,North,LB5,Tripoli,LB56,742,2024-11-03T00:00:00,2024,11,59,Conflict,,,Baalbek-El Hermel,LB8,BA
62073,Displacement due to conflict,Lebanon,LBN,North,LB5,El Batroun,LB52,4712,2024-11-03T00:00:00,2024,11,59,Conflict,,,South,LB6,BA
63557,Displacement due to conflict,Lebanon,LBN,El Nabatieh,LB4,Marjaayoun,LB43,217,2024-11-03T00:00:00,2024,11,59,Conflict,,,El Nabatieh,LB4,BA
58087,Displacement due to conflict,Lebanon,LBN,Mount Lebanon,LB3,Baabda,LB32,8794,2024-11-03T00:00:00,2024,11,59,Conflict,,,Mount Lebanon,LB3,BA
59808,Displacement due to conflict,Lebanon,LBN,North,LB5,El Batroun,LB52,119,2024-11-03T00:00:00,2024,11,59,Conflict,,,Beirut,LB1,BA
59958,Displacement due to conflict,Lebanon,LBN,North,LB5,El Batroun,LB52,106,2024-11-03T00:00:00,2024,11,59,Conflict,,,Mount Lebanon,LB3,BA
39114,Displacement due to conflict,Lebanon,LBN,North,LB5,El Koura,LB54,1350,2024-11-03T00:00:00,2024,11,59,Conflict,,,Beirut,LB1,BA
40266,Displacement due to conflict,Lebanon,LBN,Mount Lebanon,LB3,El Meten,LB36,26051,2024-11-03T00:00:00,2024,11,59,Conflict,,,El Nabatieh,LB4,BA
40355,Displacement due to conflict,Lebanon,LBN,Bekaa,LB2,Rachaya,LB23,1180,2024-11-03T00:00:00,2024,11,59,Conflict,,,El Nabatieh,LB4,BA
41769,Displacement due to conflict,Lebanon,LBN,Mount Lebanon,LB3,Aley,LB31,63614,2024-11-03T00:00:00,2024,11,59,Conflict,,,El Nabatieh,LB4,BA
42289,Displacement due to conflict,Lebanon,LBN,North,LB5,Bcharre,LB53,1240,2024-11-03T00:00:00,2024,11,59,Conflict,,,El Nabatieh,LB4,BA
31915,Displacement due to conflict,Lebanon,LBN,Bekaa,LB2,Rachaya,LB23,537,2024-11-03T00:00:00,2024,11,59,Conflict,,,Mount Lebanon,LB3,BA
31478,Displacement due to conflict,Lebanon,LBN,North,LB5,Tripoli,LB56,2714,2024-11-03T00:00:00,2024,11,59,Conflict,,,Beirut,LB1,BA
30700,Displacement due to conflict,Lebanon,LBN,Akkar,LB7,Akkar,LB51,8076,2024-11-03T00:00:00,2024,11,59,Conflict,,,Baalbek-El Hermel,LB8,BA
31057,Displacement due to conflict,Lebanon,LBN,Mount Lebanon,LB3,Baabda,LB32,8315,2024-11-03T00:00:00,2024,11,59,Conflict,,,South,LB6,BA
35556,Displacement due to conflict,Lebanon,LBN,Mount Lebanon,LB3,Chouf,LB33,1292,2024-11-03T00:00:00,2024,11,59,Conflict,,,Beirut,LB1,BA
34590,Displacement due to conflict,Lebanon,LBN,Bekaa,LB2,Zahle,LB25,17325,2024-11-03T00:00:00,2024,11,59,Conflict,,,Baalbek-El Hermel,LB8,BA
34295,Displacement due to conflict,Lebanon,LBN,Bekaa,LB2,Zahle,LB25,656,2024-11-03T00:00:00,2024,11,59,Conflict,,,Beirut,LB1,BA
33628,Displacement due to conflict,Lebanon,LBN,Mount Lebanon,LB3,El Meten,LB36,105,2024-11-03T00:00:00,2024,11,59,Conflict,,,Baalbek-El Hermel,LB8,BA
47005,Displacement due to conflict,Lebanon,LBN,Bekaa,LB2,Rachaya,LB23,881,2024-11-03T00:00:00,2024,11,59,Conflict,,,Baalbek-El Hermel,LB8,BA
47347,Displacement due to conflict,Lebanon,LBN,North,LB5,Tripoli,LB56,10159,2024-11-03T00:00:00,2024,11,59,Conflict,,,South,LB6,BA
47152,Displacement due to conflict,Lebanon,LBN,Mount Lebanon,LB3,Chouf,LB33,6943,2024-11-03T00:00:00,2024,11,59,Conflict,,,Mount Lebanon,LB3,BA
44781,Displacement due to conflict,Lebanon,LBN,Akkar,LB7,Akkar,LB51,25717,2024-11-03T00:00:00,2024,11,59,Conflict,,,El Nabatieh,LB4,BA
45432,Displacement due to conflict,Lebanon,LBN,Bekaa,LB2,West Bekaa,LB24,3630,2024-11-03T00:00:00,2024,11,59,Conflict,,,Bekaa,LB2,BA
44190,Displacement due to conflict,Lebanon,LBN,Mount Lebanon,LB3,Jbeil,LB34,2567,2024-11-03T00:00:00,2024,11,59,Conflict,,,Bekaa,LB2,BA
50477,Displacement due to conflict,Lebanon,LBN,Bekaa,LB2,West Bekaa,LB24,40,2024-11-03T00:00:00,2024,11,59,Conflict,,,South,LB6,BA
50584,Displacement due to conflict,Lebanon,LBN,South,LB6,Saida,LB61,49534,2024-11-03T00:00:00,2024,11,59,Conflict,,,South,LB6,BA
5711,Displacement due to conflict,Lebanon,LBN,Mount Lebanon,LB3,El Meten,LB36,1204,2024-11-03T00:00:00,2024,11,59,Conflict,,,Bekaa,LB2,BA
4421,Displacement due to conflict,Lebanon,LBN,Mount Lebanon,LB3,Chouf,LB33,68716,2024-11-03T00:00:00,2024,11,59,Conflict,,,South,LB6,BA
4440,Displacement due to conflict,Lebanon,LBN,Mount Lebanon,LB3,Jbeil,LB34,1445,2024-11-03T00:00:00,2024,11,59,Conflict,,,Baalbek-El Hermel,LB8,BA
7015,Displacement due to conflict,Lebanon,LBN,North,LB5,Bcharre,LB53,15,2024-11-03T00:00:00,2024,11,59,Conflict,,,Baalbek-El Hermel,LB8,BA
7452,Displacement due to conflict,Lebanon,LBN,Baalbek-El Hermel,LB8,Baalbek,LB21,56728,2024-11-03T00:00:00,2024,11,59,Conflict,,,Baalbek-El Hermel,LB8,BA
2052,Displacement due to conflict,Lebanon,LBN,Mount Lebanon,LB3,Baabda,LB32,10868,2024-11-03T00:00:00,2024,11,59,Conflict,,,El Nabatieh,LB4,BA
9489,Displacement due to conflict,Lebanon,LBN,Mount Lebanon,LB3,Aley,LB31,4566,2024-11-03T00:00:00,2024,11,59,Conflict,,,Beirut,LB1,BA
8212,Displacement due to conflict,Lebanon,LBN,South,LB6,Saida,LB61,3500,2024-11-03T00:00:00,2024,11,59,Conflict,,,Mount Lebanon,LB3,BA
8716,Displacement due to conflict,Lebanon,LBN,Baalbek-El Hermel,LB8,El Hermel,LB22,450,2024-11-03T00:00:00,2024,11,59,Conflict,,,Baalbek-El Hermel,LB8,BA
11900,Displacement due to conflict,Lebanon,LBN,Akkar,LB7,Akkar,LB51,419,2024-11-03T00:00:00,2024,11,59,Conflict,,,Bekaa,LB2,BA
13192,Displacement due to conflict,Lebanon,LBN,North,LB5,El Koura,LB54,8,2024-11-03T00:00:00,2024,11,59,Conflict,,,Bekaa,LB2,BA
12665,Displacement due to conflict,Lebanon,LBN,North,LB5,El Minieh-Dennie,LB55,19623,2024-11-03T00:00:00,2024,11,59,Conflict,,,South,LB6,BA
23101,Displacement due to conflict,Lebanon,LBN,Bekaa,LB2,Rachaya,LB23,575,2024-11-03T00:00:00,2024,11,59,Conflict,,,South,LB6,BA
24596,Displacement due to conflict,Lebanon,LBN,Mount Lebanon,LB3,El Meten,LB36,5738,2024-11-03T00:00:00,2024,11,59,Conflict,,,South,LB6,BA
16142,Displacement due to conflict,Lebanon,LBN,Mount Lebanon,LB3,Jbeil,LB34,3591,2024-11-03T00:00:00,2024,11,59,Conflict,,,South,LB6,BA
16613,Displacement due to conflict,Lebanon,LBN,North,LB5,Zgharta,LB57,13357,2024-11-03T00:00:00,2024,11,59,Conflict,,,South,LB6,BA
16634,Displacement due to conflict,Lebanon,LBN,Akkar,LB7,Akkar,LB51,355,2024-11-03T00:00:00,2024,11,59,Conflict,,,Mount Lebanon,LB3,BA
21371,Displacement due to conflict,Lebanon,LBN,North,LB5,Tripoli,LB56,875,2024-11-03T00:00:00,2024,11,59,Conflict,,,Mount Lebanon,LB3,BA
21023,Displacement due to conflict,Lebanon,LBN,Mount Lebanon,LB3,El Meten,LB36,18,2024-11-03T00:00:00,2024,11,59,Conflict,,,Beirut,LB1,BA
20996,Displacement due to conflict,Lebanon,LBN,Bekaa,LB2,Zahle,LB25,10445,2024-11-03T00:00:00,2024,11,59,Conflict,,,El Nabatieh,LB4,BA
20981,Displacement due to conflict,Lebanon,LBN,Mount Lebanon,LB3,El Meten,LB36,31468,2024-11-06T00:00:00,2024,11,60,Conflict,,,El Nabatieh,LB4,BA
18580,Displacement due to conflict,Lebanon,LBN,Mount Lebanon,LB3,Aley,LB31,63953,2024-11-06T00:00:00,2024,11,60,Conflict,,,El Nabatieh,LB4,BA
16803,Displacement due to conflict,Lebanon,LBN,Akkar,LB7,Akkar,LB51,22359,2024-11-06T00:00:00,2024,11,60,Conflict,,,South,LB6,BA
23640,Displacement due to conflict,Lebanon,LBN,North,LB5,El Batroun,LB52,4779,2024-11-06T00:00:00,2024,11,60,Conflict,,,South,LB6,BA
12879,Displacement due to conflict,Lebanon,LBN,Mount Lebanon,LB3,Aley,LB31,5918,2024-11-06T00:00:00,2024,11,60,Conflict,,,Beirut,LB1,BA
13965,Displacement due to conflict,Lebanon,LBN,Mount Lebanon,LB3,Chouf,LB33,70,2024-11-06T00:00:00,2024,11,60,Conflict,,,Bekaa,LB2,BA
11645,Displacement due to conflict,Lebanon,LBN,North,LB5,Tripoli,LB56,650,2024-11-06T00:00:00,2024,11,60,Conflict,,,Baalbek-El Hermel,LB8,BA
9085,Displacement due to conflict,Lebanon,LBN,Mount Lebanon,LB3,El Meten,LB36,1354,2024-11-06T00:00:00,2024,11,60,Conflict,,,Bekaa,LB2,BA
7800,Displacement due to conflict,Lebanon,LBN,El Nabatieh,LB4,Marjaayoun,LB43,195,2024-11-06T00:00:00,2024,11,60,Conflict,,,El Nabatieh,LB4,BA
9412,Displacement due to conflict,Lebanon,LBN,Akkar,LB7,Akkar,LB51,3379,2024-11-06T00:00:00,2024,11,60,Conflict,,,Beirut,LB1,BA
9743,Displacement due to conflict,Lebanon,LBN,Bekaa,LB2,West Bekaa,LB24,40,2024-11-06T00:00:00,2024,11,60,Conflict,,,South,LB6,BA
9794,Displacement due to conflict,Lebanon,LBN,Baalbek-El Hermel,LB8,Baalbek,LB21,8,2024-11-06T00:00:00,2024,11,60,Conflict,,,Mount Lebanon,LB3,BA
9592,Displacement due to conflict,Lebanon,LBN,North,LB5,Zgharta,LB57,14374,2024-11-06T00:00:00,2024,11,60,Conflict,,,South,LB6,BA
1012,Displacement due to conflict,Lebanon,LBN,Mount Lebanon,LB3,Chouf,LB33,79608,2024-11-06T00:00:00,2024,11,60,Conflict,,,El Nabatieh,LB4,BA
287,Displacement due to conflict,Lebanon,LBN,South,LB6,Saida,LB61,14819,2024-11-06T00:00:00,2024,11,60,Conflict,,,El Nabatieh,LB4,BA
6702,Displacement due to conflict,Lebanon,LBN,Mount Lebanon,LB3,Kesrwane,LB35,12,2024-11-06T00:00:00,2024,11,60,Conflict,,,Bekaa,LB2,BA
4229,Displacement due to conflict,Lebanon,LBN,Bekaa,LB2,Rachaya,LB23,573,2024-11-06T00:00:00,2024,11,60,Conflict,,,South,LB6,BA
5265,Displacement due to conflict,Lebanon,LBN,North,LB5,Zgharta,LB57,75,2024-11-06T00:00:00,2024,11,60,Conflict,,,El Nabatieh,LB4,BA
51005,Displacement due to conflict,Lebanon,LBN,Akkar,LB7,Akkar,LB51,355,2024-11-06T00:00:00,2024,11,60,Conflict,,,Mount Lebanon,LB3,BA
53752,Displacement due to conflict,Lebanon,LBN,Bekaa,LB2,Zahle,LB25,17286,2024-11-06T00:00:00,2024,11,60,Conflict,,,Baalbek-El Hermel,LB8,BA
53262,Displacement due to conflict,Lebanon,LBN,North,LB5,Tripoli,LB56,7744,2024-11-06T00:00:00,2024,11,60,Conflict,,,South,LB6,BA
56222,Displacement due to conflict,Lebanon,LBN,North,LB5,El Batroun,LB52,2014,2024-11-06T00:00:00,2024,11,60,Conflict,,,El Nabatieh,LB4,BA
55631,Displacement due to conflict,Lebanon,LBN,North,LB5,El Minieh-Dennie,LB55,24,2024-11-06T00:00:00,2024,11,60,Conflict,,,Beirut,LB1,BA
54760,Displacement due to conflict,Lebanon,LBN,North,LB5,El Minieh-Dennie,LB55,2342,2024-11-06T00:00:00,2024,11,60,Conflict,,,Baalbek-El Hermel,LB8,BA
54985,Displacement due to conflict,Lebanon,LBN,Bekaa,LB2,West Bekaa,LB24,13511,2024-11-06T00:00:00,2024,11,60,Conflict,,,El Nabatieh,LB4,BA
42857,Displacement due to conflict,Lebanon,LBN,Mount Lebanon,LB3,Aley,LB31,32327,2024-11-06T00:00:00,2024,11,60,Conflict,,,South,LB6,BA
45311,Displacement due to conflict,Lebanon,LBN,South,LB6,Sour,LB63,7981,2024-11-06T00:00:00,2024,11,60,Conflict,,,South,LB6,BA
35361,Displacement due to conflict,Lebanon,LBN,North,LB5,Bcharre,LB53,649,2024-11-06T00:00:00,2024,11,60,Conflict,,,South,LB6,BA
31665,Displacement due to conflict,Lebanon,LBN,Bekaa,LB2,West Bekaa,LB24,367,2024-11-06T00:00:00,2024,11,60,Conflict,,,Beirut,LB1,BA
30206,Displacement due to conflict,Lebanon,LBN,North,LB5,El Batroun,LB52,106,2024-11-06T00:00:00,2024,11,60,Conflict,,,Mount Lebanon,LB3,BA
41465,Displacement due to conflict,Lebanon,LBN,North,LB5,El Minieh-Dennie,LB55,2905,2024-11-06T00:00:00,2024,11,60,Conflict,,,El Nabatieh,LB4,BA
39208,Displacement due to conflict,Lebanon,LBN,North,LB5,Bcharre,LB53,46,2024-11-06T00:00:00,2024,11,60,Conflict,,,Beirut,LB1,BA
38508,Displacement due to conflict,Lebanon,LBN,Mount Lebanon,LB3,Jbeil,LB34,3202,2024-11-06T00:00:00,2024,11,60,Conflict,,,South,LB6,BA
36325,Displacement due to conflict,Lebanon,LBN,Mount Lebanon,LB3,El Meten,LB36,150,2024-11-06T00:00:00,2024,11,60,Conflict,,,Baalbek-El Hermel,LB8,BA
36026,Displacement due to conflict,Lebanon,LBN,El Nabatieh,LB4,Bent Jbeil,LB41,663,2024-11-06T00:00:00,2024,11,60,Conflict,,,El Nabatieh,LB4,BA
58310,Displacement due to conflict,Lebanon,LBN,Baalbek-El Hermel,LB8,Baalbek,LB21,50,2024-11-06T00:00:00,2024,11,60,Conflict,,,El Nabatieh,LB4,BA
58491,Displacement due to conflict,Lebanon,LBN,Mount Lebanon,LB3,Kesrwane,LB35,7150,2024-11-06T00:00:00,2024,11,60,Conflict,,,Mount Lebanon,LB3,BA
56955,Displacement due to conflict,Lebanon,LBN,Bekaa,LB2,Rachaya,LB23,200,2024-11-06T00:00:00,2024,11,60,Conflict,,,Baalbek-El Hermel,LB8,BA
63311,Displacement due to conflict,Lebanon,LBN,Mount Lebanon,LB3,Jbeil,LB34,23562,2024-11-06T00:00:00,2024,11,60,Conflict,,,Mount Lebanon,LB3,BA
61862,Displacement due to conflict,Lebanon,LBN,Bekaa,LB2,West Bekaa,LB24,3654,2024-11-06T00:00:00,2024,11,60,Conflict,,,Bekaa,LB2,BA
60507,Displacement due to conflict,Lebanon,LBN,North,LB5,Tripoli,LB56,2753,2024-11-06T00:00:00,2024,11,60,Conflict,,,Beirut,LB1,BA
61469,Displacement due to conflict,Lebanon,LBN,Mount Lebanon,LB3,Aley,LB31,10,2024-11-06T00:00:00,2024,11,60,Conflict,,,Bekaa,LB2,BA
66317,Displacement due to conflict,Lebanon,LBN,Baalbek-El Hermel,LB8,Baalbek,LB21,54188,2024-11-06T00:00:00,2024,11,60,Conflict,,,Baalbek-El Hermel,LB8,BA
65347,Displacement due to conflict,Lebanon,LBN,North,LB5,Zgharta,LB57,35,2024-11-06T00:00:00,2024,11,60,Conflict,,,Beirut,LB1,BA
70862,Displacement due to conflict,Lebanon,LBN,Mount Lebanon,LB3,Aley,LB31,12365,2024-11-06T00:00:00,2024,11,60,Conflict,,,Mount Lebanon,LB3,BA
70614,Displacement due to conflict,Lebanon,LBN,Beirut,LB1,Beirut,LB11,69146,2024-11-06T00:00:00,2024,11,60,Conflict,,,South,LB6,BA
70048,Displacement due to conflict,Lebanon,LBN,Mount Lebanon,LB3,El Meten,LB36,6391,2024-11-06T00:00:00,2024,11,60,Conflict,,,South,LB6,BA
68027,Displacement due to conflict,Lebanon,LBN,Mount Lebanon,LB3,Baabda,LB32,11060,2024-11-06T00:00:00,2024,11,60,Conflict,,,El Nabatieh,LB4,BA
83394,Displacement due to conflict,Lebanon,LBN,North,LB5,Tripoli,LB56,1469,2024-11-06T00:00:00,2024,11,60,Conflict,,,El Nabatieh,LB4,BA
78149,Displacement due to conflict,Lebanon,LBN,El Nabatieh,LB4,Hasbaya,LB42,2747,2024-11-06T00:00:00,2024,11,60,Conflict,,,El Nabatieh,LB4,BA
80137,Displacement due to conflict,Lebanon,LBN,Mount Lebanon,LB3,Chouf,LB33,1292,2024-11-06T00:00:00,2024,11,60,Conflict,,,Beirut,LB1,BA
74475,Displacement due to conflict,Lebanon,LBN,Mount Lebanon,LB3,Jbeil,LB34,3160,2024-11-06T00:00:00,2024,11,60,Conflict,,,Bekaa,LB2,BA
71617,Displacement due to conflict,Lebanon,LBN,Beirut,LB1,Beirut,LB11,59743,2024-11-06T00:00:00,2024,11,60,Conflict,,,El Nabatieh,LB4,BA
72199,Displacement due to conflict,Lebanon,LBN,Mount Lebanon,LB3,Chouf,LB33,7,2024-11-06T00:00:00,2024,11,60,Conflict,,,Baalbek-El Hermel,LB8,BA
72609,Displacement due to conflict,Lebanon,LBN,Bekaa,LB2,Rachaya,LB23,985,2024-11-06T00:00:00,2024,11,60,Conflict,,,Bekaa,LB2,BA
98437,Displacement due to conflict,Lebanon,LBN,North,LB5,El Koura,LB54,8,2024-11-06T00:00:00,2024,11,60,Conflict,,,Bekaa,LB2,BA
94475,Displacement due to conflict,Lebanon,LBN,North,LB5,Zgharta,LB57,324,2024-11-06T00:00:00,2024,11,60,Conflict,,,Baalbek-El Hermel,LB8,BA
86638,Displacement due to conflict,Lebanon,LBN,Mount Lebanon,LB3,El Meten,LB36,9765,2024-11-06T00:00:00,2024,11,60,Conflict,,,Mount Lebanon,LB3,BA
87106,Displacement due to conflict,Lebanon,LBN,South,LB6,Saida,LB61,54329,2024-11-06T00:00:00,2024,11,60,Conflict,,,South,LB6,BA
87848,Displacement due to conflict,Lebanon,LBN,Mount Lebanon,LB3,Chouf,LB33,67557,2024-11-06T00:00:00,2024,11,60,Conflict,,,South,LB6,BA
87970,Displacement due to conflict,Lebanon,LBN,South,LB6,Jezzine,LB62,130,2024-11-06T00:00:00,2024,11,60,Conflict,,,Bekaa,LB2,BA
85191,Displacement due to conflict,Lebanon,LBN,Mount Lebanon,LB3,Baabda,LB32,863,2024-11-06T00:00:00,2024,11,60,Conflict,,,Beirut,LB1,BA
89007,Displacement due to conflict,Lebanon,LBN,Bekaa,LB2,Zahle,LB25,10198,2024-11-06T00:00:00,2024,11,60,Conflict,,,El Nabatieh,LB4,BA
90571,Displacement due to conflict,Lebanon,LBN,Bekaa,LB2,Zahle,LB25,603,2024-11-06T00:00:00,2024,11,60,Conflict,,,Beirut,LB1,BA
107928,Displacement due to conflict,Lebanon,LBN,North,LB5,El Koura,LB54,3120,2024-11-06T00:00:00,2024,11,60,Conflict,,,El Nabatieh,LB4,BA
107285,Displacement due to conflict,Lebanon,LBN,North,LB5,El Batroun,LB52,5,2024-11-06T00:00:00,2024,11,60,Conflict,,,Bekaa,LB2,BA
109722,Displacement due to conflict,Lebanon,LBN,Akkar,LB7,Akkar,LB51,26754,2024-11-06T00:00:00,2024,11,60,Conflict,,,El Nabatieh,LB4,BA
108147,Displacement due to conflict,Lebanon,LBN,Mount Lebanon,LB3,El Meten,LB36,21,2024-11-06T00:00:00,2024,11,60,Conflict,,,Beirut,LB1,BA
110337,Displacement due to conflict,Lebanon,LBN,North,LB5,Bcharre,LB53,15,2024-11-06T00:00:00,2024,11,60,Conflict,,,Baalbek-El Hermel,LB8,BA
105952,Displacement due to conflict,Lebanon,LBN,Mount Lebanon,LB3,Jbeil,LB34,1470,2024-11-06T00:00:00,2024,11,60,Conflict,,,Baalbek-El Hermel,LB8,BA
103160,Displacement due to conflict,Lebanon,LBN,Mount Lebanon,LB3,Baabda,LB32,8453,2024-11-06T00:00:00,2024,11,60,Conflict,,,South,LB6,BA
103419,Displacement due to conflict,Lebanon,LBN,North,LB5,Bcharre,LB53,770,2024-11-06T00:00:00,2024,11,60,Conflict,,,El Nabatieh,LB4,BA
102436,Displacement due to conflict,Lebanon,LBN,Beirut,LB1,Beirut,LB11,3510,2024-11-06T00:00:00,2024,11,60,Conflict,,,Mount Lebanon,LB3,BA
101451,Displacement due to conflict,Lebanon,LBN,Bekaa,LB2,Rachaya,LB23,1184,2024-11-06T00:00:00,2024,11,60,Conflict,,,El Nabatieh,LB4,BA
101682,Displacement due to conflict,Lebanon,LBN,Akkar,LB7,Akkar,LB51,423,2024-11-06T00:00:00,2024,11,60,Conflict,,,Bekaa,LB2,BA
128742,Displacement due to conflict,Lebanon,LBN,Mount Lebanon,LB3,Kesrwane,LB35,140,2024-11-06T00:00:00,2024,11,60,Conflict,,,Beirut,LB1,BA
129071,Displacement due to conflict,Lebanon,LBN,North,LB5,El Koura,LB54,1370,2024-11-06T00:00:00,2024,11,60,Conflict,,,Beirut,LB1,BA
130124,Displacement due to conflict,Lebanon,LBN,North,LB5,El Koura,LB54,3893,2024-11-06T00:00:00,2024,11,60,Conflict,,,South,LB6,BA
130237,Displacement due to conflict,Lebanon,LBN,Mount Lebanon,LB3,Kesrwane,LB35,5984,2024-11-06T00:00:00,2024,11,60,Conflict,,,South,LB6,BA
126878,Displacement due to conflict,Lebanon,LBN,Mount Lebanon,LB3,Baabda,LB32,7156,2024-11-06T00:00:00,2024,11,60,Conflict,,,Mount Lebanon,LB3,BA
126730,Displacement due to conflict,Lebanon,LBN,Mount Lebanon,LB3,Jbeil,LB34,7,2024-11-06T00:00:00,2024,11,60,Conflict,,,Beirut,LB1,BA
128258,Displacement due to conflict,Lebanon,LBN,North,LB5,Tripoli,LB56,3194,2024-11-06T00:00:00,2024,11,60,Conflict,,,Mount Lebanon,LB3,BA
132156,Displacement due to conflict,Lebanon,LBN,Baalbek-El Hermel,LB8,El Hermel,LB22,450,2024-11-06T00:00:00,2024,11,60,Conflict,,,Baalbek-El Hermel,LB8,BA
134713,Displacement due to conflict,Lebanon,LBN,Mount Lebanon,LB3,Baabda,LB32,1641,2024-11-06T00:00:00,2024,11,60,Conflict,,,Baalbek-El Hermel,LB8,BA
133694,Displacement due to conflict,Lebanon,LBN,South,LB6,Jezzine,LB62,5815,2024-11-06T00:00:00,2024,11,60,Conflict,,,El Nabatieh,LB4,BA
126348,Displacement due to conflict,Lebanon,LBN,South,LB6,Jezzine,LB62,1984,2024-11-06T00:00:00,2024,11,60,Conflict,,,South,LB6,BA
125311,Displacement due to conflict,Lebanon,LBN,Bekaa,LB2,West Bekaa,LB24,400,2024-11-06T00:00:00,2024,11,60,Conflict,,,Baalbek-El Hermel,LB8,BA
124265,Displacement due to conflict,Lebanon,LBN,Mount Lebanon,LB3,Kesrwane,LB35,8674,2024-11-06T00:00:00,2024,11,60,Conflict,,,El Nabatieh,LB4,BA
123641,Displacement due to conflict,Lebanon,LBN,North,LB5,El Batroun,LB52,119,2024-11-06T00:00:00,2024,11,60,Conflict,,,Beirut,LB1,BA
122293,Displacement due to conflict,Lebanon,LBN,Akkar,LB7,Akkar,LB51,8096,2024-11-06T00:00:00,2024,11,60,Conflict,,,Baalbek-El Hermel,LB8,BA
122370,Displacement due to conflict,Lebanon,LBN,North,LB5,El Minieh-Dennie,LB55,15971,2024-11-06T00:00:00,2024,11,60,Conflict,,,South,LB6,BA
120277,Displacement due to conflict,Lebanon,LBN,North,LB5,El Koura,LB54,4090,2024-11-06T00:00:00,2024,11,60,Conflict,,,Mount Lebanon,LB3,BA
119578,Displacement due to conflict,Lebanon,LBN,Mount Lebanon,LB3,Jbeil,LB34,10200,2024-11-06T00:00:00,2024,11,60,Conflict,,,El Nabatieh,LB4,BA
114830,Displacement due to conflict,Lebanon,LBN,Bekaa,LB2,Zahle,LB25,1872,2024-11-06T00:00:00,2024,11,60,Conflict,,,Bekaa,LB2,BA
114715,Displacement due to conflict,Lebanon,LBN,Bekaa,LB2,Rachaya,LB23,1218,2024-11-06T00:00:00,2024,11,60,Conflict,,,Mount Lebanon,LB3,BA
114570,Displacement due to conflict,Lebanon,LBN,North,LB5,El Minieh-Dennie,LB55,625,2024-11-06T00:00:00,2024,11,60,Conflict,,,Mount Lebanon,LB3,BA
118768,Displacement due to conflict,Lebanon,LBN,Mount Lebanon,LB3,Chouf,LB33,6928,2024-11-06T00:00:00,2024,11,60,Conflict,,,Mount Lebanon,LB3,BA
116222,Displacement due to conflict,Lebanon,LBN,El Nabatieh,LB4,El Nabatieh,LB44,578,2024-11-06T00:00:00,2024,11,60,Conflict,,,El Nabatieh,LB4,BA
117288,Displacement due to conflict,Lebanon,LBN,North,LB5,Bcharre,LB53,515,2024-11-10T00:00:00,2024,11,61,Conflict,,,South,LB6,BA
118567,Displacement due to conflict,Lebanon,LBN,Beirut,LB1,Beirut,LB11,39086,2024-11-10T00:00:00,2024,11,61,Conflict,,,South,LB6,BA
114521,Displacement due to conflict,Lebanon,LBN,El Nabatieh,LB4,Bent Jbeil,LB41,663,2024-11-10T00:00:00,2024,11,61,Conflict,,,El Nabatieh,LB4,BA
115720,Displacement due to conflict,Lebanon,LBN,North,LB5,El Batroun,LB52,228,2024-11-10T00:00:00,2024,11,61,Conflict,,,Mount Lebanon,LB3,BA
115557,Displacement due to conflict,Lebanon,LBN,Bekaa,LB2,West Bekaa,LB24,1414,2024-11-10T00:00:00,2024,11,61,Conflict,,,South,LB6,BA
120296,Displacement due to conflict,Lebanon,LBN,South,LB6,Jezzine,LB62,3593,2024-11-10T00:00:00,2024,11,61,Conflict,,,South,LB6,BA
121008,Displacement due to conflict,Lebanon,LBN,Bekaa,LB2,West Bekaa,LB24,489,2024-11-10T00:00:00,2024,11,61,Conflict,,,Baalbek-El Hermel,LB8,BA
122043,Displacement due to conflict,Lebanon,LBN,Mount Lebanon,LB3,Kesrwane,LB35,9445,2024-11-10T00:00:00,2024,11,61,Conflict,,,El Nabatieh,LB4,BA
123927,Displacement due to conflict,Lebanon,LBN,North,LB5,El Koura,LB54,1127,2024-11-10T00:00:00,2024,11,61,Conflict,,,Beirut,LB1,BA
124589,Displacement due to conflict,Lebanon,LBN,Mount Lebanon,LB3,Kesrwane,LB35,5794,2024-11-10T00:00:00,2024,11,61,Conflict,,,South,LB6,BA
124482,Displacement due to conflict,Lebanon,LBN,Mount Lebanon,LB3,Chouf,LB33,480,2024-11-10T00:00:00,2024,11,61,Conflict,,,Bekaa,LB2,BA
126322,Displacement due to conflict,Lebanon,LBN,Mount Lebanon,LB3,Kesrwane,LB35,922,2024-11-10T00:00:00,2024,11,61,Conflict,,,Beirut,LB1,BA
126525,Displacement due to conflict,Lebanon,LBN,South,LB6,Saida,LB61,32351,2024-11-10T00:00:00,2024,11,61,Conflict,,,El Nabatieh,LB4,BA
125725,Displacement due to conflict,Lebanon,LBN,Beirut,LB1,Beirut,LB11,13735,2024-11-10T00:00:00,2024,11,61,Conflict,,,Mount Lebanon,LB3,BA
125915,Displacement due to conflict,Lebanon,LBN,Mount Lebanon,LB3,Aley,LB31,4668,2024-11-10T00:00:00,2024,11,61,Conflict,,,Beirut,LB1,BA
133702,Displacement due to conflict,Lebanon,LBN,North,LB5,El Batroun,LB52,2965,2024-11-10T00:00:00,2024,11,61,Conflict,,,El Nabatieh,LB4,BA
134822,Displacement due to conflict,Lebanon,LBN,Mount Lebanon,LB3,Jbeil,LB34,9945,2024-11-10T00:00:00,2024,11,61,Conflict,,,El Nabatieh,LB4,BA
133309,Displacement due to conflict,Lebanon,LBN,South,LB6,Sour,LB63,2442,2024-11-10T00:00:00,2024,11,61,Conflict,,,El Nabatieh,LB4,BA
132440,Displacement due to conflict,Lebanon,LBN,Bekaa,LB2,Rachaya,LB23,1200,2024-11-10T00:00:00,2024,11,61,Conflict,,,El Nabatieh,LB4,BA
102077,Displacement due to conflict,Lebanon,LBN,Mount Lebanon,LB3,Chouf,LB33,66547,2024-11-10T00:00:00,2024,11,61,Conflict,,,South,LB6,BA
99081,Displacement due to conflict,Lebanon,LBN,Beirut,LB1,Beirut,LB11,79814,2024-11-10T00:00:00,2024,11,61,Conflict,,,El Nabatieh,LB4,BA
100073,Displacement due to conflict,Lebanon,LBN,El Nabatieh,LB4,Hasbaya,LB42,2699,2024-11-10T00:00:00,2024,11,61,Conflict,,,El Nabatieh,LB4,BA
103272,Displacement due to conflict,Lebanon,LBN,North,LB5,Tripoli,LB56,3582,2024-11-10T00:00:00,2024,11,61,Conflict,,,Beirut,LB1,BA
105906,Displacement due to conflict,Lebanon,LBN,Mount Lebanon,LB3,Chouf,LB33,515,2024-11-10T00:00:00,2024,11,61,Conflict,,,Beirut,LB1,BA
105636,Displacement due to conflict,Lebanon,LBN,North,LB5,El Koura,LB54,217,2024-11-10T00:00:00,2024,11,61,Conflict,,,Bekaa,LB2,BA
112817,Displacement due to conflict,Lebanon,LBN,North,LB5,Zgharta,LB57,4215,2024-11-10T00:00:00,2024,11,61,Conflict,,,El Nabatieh,LB4,BA
111463,Displacement due to conflict,Lebanon,LBN,Mount Lebanon,LB3,Chouf,LB33,74277,2024-11-10T00:00:00,2024,11,61,Conflict,,,El Nabatieh,LB4,BA
108148,Displacement due to conflict,Lebanon,LBN,Mount Lebanon,LB3,Aley,LB31,28409,2024-11-10T00:00:00,2024,11,61,Conflict,,,Mount Lebanon,LB3,BA
108980,Displacement due to conflict,Lebanon,LBN,Mount Lebanon,LB3,Kesrwane,LB35,942,2024-11-10T00:00:00,2024,11,61,Conflict,,,Bekaa,LB2,BA
108906,Displacement due to conflict,Lebanon,LBN,El Nabatieh,LB4,Hasbaya,LB42,64,2024-11-10T00:00:00,2024,11,61,Conflict,,,Bekaa,LB2,BA
108879,Displacement due to conflict,Lebanon,LBN,Mount Lebanon,LB3,Jbeil,LB34,5788,2024-11-10T00:00:00,2024,11,61,Conflict,,,South,LB6,BA
106531,Displacement due to conflict,Lebanon,LBN,Bekaa,LB2,Rachaya,LB23,1498,2024-11-10T00:00:00,2024,11,61,Conflict,,,Baalbek-El Hermel,LB8,BA
106343,Displacement due to conflict,Lebanon,LBN,El Nabatieh,LB4,El Nabatieh,LB44,544,2024-11-10T00:00:00,2024,11,61,Conflict,,,El Nabatieh,LB4,BA
90492,Displacement due to conflict,Lebanon,LBN,Akkar,LB7,Akkar,LB51,2082,2024-11-10T00:00:00,2024,11,61,Conflict,,,Bekaa,LB2,BA
88610,Displacement due to conflict,Lebanon,LBN,Mount Lebanon,LB3,El Meten,LB36,12879,2024-11-10T00:00:00,2024,11,61,Conflict,,,Mount Lebanon,LB3,BA
89153,Displacement due to conflict,Lebanon,LBN,Bekaa,LB2,Rachaya,LB23,349,2024-11-10T00:00:00,2024,11,61,Conflict,,,South,LB6,BA
88875,Displacement due to conflict,Lebanon,LBN,North,LB5,Zgharta,LB57,4471,2024-11-10T00:00:00,2024,11,61,Conflict,,,South,LB6,BA
84799,Displacement due to conflict,Lebanon,LBN,Baalbek-El Hermel,LB8,Baalbek,LB21,75,2024-11-10T00:00:00,2024,11,61,Conflict,,,El Nabatieh,LB4,BA
86434,Displacement due to conflict,Lebanon,LBN,Akkar,LB7,Akkar,LB51,683,2024-11-10T00:00:00,2024,11,61,Conflict,,,Mount Lebanon,LB3,BA
88494,Displacement due to conflict,Lebanon,LBN,North,LB5,Bcharre,LB53,632,2024-11-10T00:00:00,2024,11,61,Conflict,,,El Nabatieh,LB4,BA
95138,Displacement due to conflict,Lebanon,LBN,Baalbek-El Hermel,LB8,Baalbek,LB21,45122,2024-11-10T00:00:00,2024,11,61,Conflict,,,Baalbek-El Hermel,LB8,BA
95066,Displacement due to conflict,Lebanon,LBN,North,LB5,Bcharre,LB53,150,2024-11-10T00:00:00,2024,11,61,Conflict,,,Baalbek-El Hermel,LB8,BA
91976,Displacement due to conflict,Lebanon,LBN,North,LB5,El Batroun,LB52,5,2024-11-10T00:00:00,2024,11,61,Conflict,,,Bekaa,LB2,BA
98864,Displacement due to conflict,Lebanon,LBN,South,LB6,Sour,LB63,5698,2024-11-10T00:00:00,2024,11,61,Conflict,,,South,LB6,BA
97038,Displacement due to conflict,Lebanon,LBN,Mount Lebanon,LB3,Chouf,LB33,17027,2024-11-10T00:00:00,2024,11,61,Conflict,,,Mount Lebanon,LB3,BA
97071,Displacement due to conflict,Lebanon,LBN,Akkar,LB7,Akkar,LB51,19003,2024-11-10T00:00:00,2024,11,61,Conflict,,,South,LB6,BA
95762,Displacement due to conflict,Lebanon,LBN,North,LB5,Tripoli,LB56,1130,2024-11-10T00:00:00,2024,11,61,Conflict,,,Baalbek-El Hermel,LB8,BA
75254,Displacement due to conflict,Lebanon,LBN,Mount Lebanon,LB3,Baabda,LB32,8466,2024-11-10T00:00:00,2024,11,61,Conflict,,,South,LB6,BA
77713,Displacement due to conflict,Lebanon,LBN,North,LB5,El Minieh-Dennie,LB55,4010,2024-11-10T00:00:00,2024,11,61,Conflict,,,Baalbek-El Hermel,LB8,BA
77074,Displacement due to conflict,Lebanon,LBN,South,LB6,Saida,LB61,98,2024-11-10T00:00:00,2024,11,61,Conflict,,,Beirut,LB1,BA
79769,Displacement due to conflict,Lebanon,LBN,Akkar,LB7,Akkar,LB51,6845,2024-11-10T00:00:00,2024,11,61,Conflict,,,Beirut,LB1,BA
78903,Displacement due to conflict,Lebanon,LBN,Mount Lebanon,LB3,Aley,LB31,52620,2024-11-10T00:00:00,2024,11,61,Conflict,,,El Nabatieh,LB4,BA
83492,Displacement due to conflict,Lebanon,LBN,North,LB5,El Koura,LB54,531,2024-11-10T00:00:00,2024,11,61,Conflict,,,Mount Lebanon,LB3,BA
84291,Displacement due to conflict,Lebanon,LBN,Mount Lebanon,LB3,Baabda,LB32,6253,2024-11-10T00:00:00,2024,11,61,Conflict,,,Mount Lebanon,LB3,BA
65593,Displacement due to conflict,Lebanon,LBN,Mount Lebanon,LB3,El Meten,LB36,5846,2024-11-10T00:00:00,2024,11,61,Conflict,,,Bekaa,LB2,BA
65207,Displacement due to conflict,Lebanon,LBN,North,LB5,El Minieh-Dennie,LB55,238,2024-11-10T00:00:00,2024,11,61,Conflict,,,Bekaa,LB2,BA
63476,Displacement due to conflict,Lebanon,LBN,North,LB5,Tripoli,LB56,3271,2024-11-10T00:00:00,2024,11,61,Conflict,,,El Nabatieh,LB4,BA
61256,Displacement due to conflict,Lebanon,LBN,Mount Lebanon,LB3,Aley,LB31,10,2024-11-10T00:00:00,2024,11,61,Conflict,,,Bekaa,LB2,BA
56874,Displacement due to conflict,Lebanon,LBN,Bekaa,LB2,Zahle,LB25,15786,2024-11-10T00:00:00,2024,11,61,Conflict,,,Baalbek-El Hermel,LB8,BA
56440,Displacement due to conflict,Lebanon,LBN,North,LB5,El Batroun,LB52,49,2024-11-10T00:00:00,2024,11,61,Conflict,,,Baalbek-El Hermel,LB8,BA
59237,Displacement due to conflict,Lebanon,LBN,South,LB6,Saida,LB61,37237,2024-11-10T00:00:00,2024,11,61,Conflict,,,South,LB6,BA
58858,Displacement due to conflict,Lebanon,LBN,Bekaa,LB2,West Bekaa,LB24,2926,2024-11-10T00:00:00,2024,11,61,Conflict,,,Bekaa,LB2,BA
59117,Displacement due to conflict,Lebanon,LBN,Mount Lebanon,LB3,El Meten,LB36,9558,2024-11-10T00:00:00,2024,11,61,Conflict,,,South,LB6,BA
35943,Displacement due to conflict,Lebanon,LBN,North,LB5,Tripoli,LB56,1598,2024-11-10T00:00:00,2024,11,61,Conflict,,,Mount Lebanon,LB3,BA
38179,Displacement due to conflict,Lebanon,LBN,North,LB5,Tripoli,LB56,6338,2024-11-10T00:00:00,2024,11,61,Conflict,,,South,LB6,BA
42249,Displacement due to conflict,Lebanon,LBN,Bekaa,LB2,Rachaya,LB23,1139,2024-11-10T00:00:00,2024,11,61,Conflict,,,Bekaa,LB2,BA
31610,Displacement due to conflict,Lebanon,LBN,El Nabatieh,LB4,Marjaayoun,LB43,195,2024-11-10T00:00:00,2024,11,61,Conflict,,,El Nabatieh,LB4,BA
31857,Displacement due to conflict,Lebanon,LBN,Mount Lebanon,LB3,Jbeil,LB34,19484,2024-11-10T00:00:00,2024,11,61,Conflict,,,Mount Lebanon,LB3,BA
31203,Displacement due to conflict,Lebanon,LBN,Bekaa,LB2,Zahle,LB25,814,2024-11-10T00:00:00,2024,11,61,Conflict,,,Beirut,LB1,BA
35429,Displacement due to conflict,Lebanon,LBN,Mount Lebanon,LB3,Jbeil,LB34,8,2024-11-10T00:00:00,2024,11,61,Conflict,,,Bekaa,LB2,BA
45683,Displacement due to conflict,Lebanon,LBN,Mount Lebanon,LB3,Aley,LB31,6334,2024-11-10T00:00:00,2024,11,61,Conflict,,,Baalbek-El Hermel,LB8,BA
45007,Displacement due to conflict,Lebanon,LBN,Mount Lebanon,LB3,El Meten,LB36,18088,2024-11-10T00:00:00,2024,11,61,Conflict,,,El Nabatieh,LB4,BA
42877,Displacement due to conflict,Lebanon,LBN,Mount Lebanon,LB3,El Meten,LB36,3,2024-11-10T00:00:00,2024,11,61,Conflict,,,Beirut,LB1,BA
43495,Displacement due to conflict,Lebanon,LBN,North,LB5,El Koura,LB54,3269,2024-11-10T00:00:00,2024,11,61,Conflict,,,South,LB6,BA
47897,Displacement due to conflict,Lebanon,LBN,South,LB6,Jezzine,LB62,4280,2024-11-10T00:00:00,2024,11,61,Conflict,,,El Nabatieh,LB4,BA
55457,Displacement due to conflict,Lebanon,LBN,North,LB5,El Minieh-Dennie,LB55,7840,2024-11-10T00:00:00,2024,11,61,Conflict,,,El Nabatieh,LB4,BA
54594,Displacement due to conflict,Lebanon,LBN,Mount Lebanon,LB3,Kesrwane,LB35,4379,2024-11-10T00:00:00,2024,11,61,Conflict,,,Mount Lebanon,LB3,BA
53221,Displacement due to conflict,Lebanon,LBN,Mount Lebanon,LB3,El Meten,LB36,2579,2024-11-10T00:00:00,2024,11,61,Conflict,,,Baalbek-El Hermel,LB8,BA
54052,Displacement due to conflict,Lebanon,LBN,Mount Lebanon,LB3,Jbeil,LB34,7,2024-11-10T00:00:00,2024,11,61,Conflict,,,Beirut,LB1,BA
53995,Displacement due to conflict,Lebanon,LBN,Mount Lebanon,LB3,Baabda,LB32,662,2024-11-10T00:00:00,2024,11,61,Conflict,,,Beirut,LB1,BA
49716,Displacement due to conflict,Lebanon,LBN,Mount Lebanon,LB3,Baabda,LB32,10440,2024-11-10T00:00:00,2024,11,61,Conflict,,,El Nabatieh,LB4,BA
52494,Displacement due to conflict,Lebanon,LBN,Baalbek-El Hermel,LB8,El Hermel,LB22,450,2024-11-10T00:00:00,2024,11,61,Conflict,,,Baalbek-El Hermel,LB8,BA
51776,Displacement due to conflict,Lebanon,LBN,Mount Lebanon,LB3,Chouf,LB33,1478,2024-11-10T00:00:00,2024,11,61,Conflict,,,Baalbek-El Hermel,LB8,BA
51505,Displacement due to conflict,Lebanon,LBN,North,LB5,Bcharre,LB53,146,2024-11-10T00:00:00,2024,11,61,Conflict,,,Beirut,LB1,BA
660,Displacement due to conflict,Lebanon,LBN,North,LB5,Zgharta,LB57,5948,2024-11-10T00:00:00,2024,11,61,Conflict,,,Baalbek-El Hermel,LB8,BA
2308,Displacement due to conflict,Lebanon,LBN,North,LB5,El Minieh-Dennie,LB55,7129,2024-11-10T00:00:00,2024,11,61,Conflict,,,South,LB6,BA
2642,Displacement due to conflict,Lebanon,LBN,Mount Lebanon,LB3,Kesrwane,LB35,519,2024-11-10T00:00:00,2024,11,61,Conflict,,,Baalbek-El Hermel,LB8,BA
9746,Displacement due to conflict,Lebanon,LBN,North,LB5,El Batroun,LB52,3158,2024-11-10T00:00:00,2024,11,61,Conflict,,,South,LB6,BA
9055,Displacement due to conflict,Lebanon,LBN,North,LB5,El Minieh-Dennie,LB55,25,2024-11-10T00:00:00,2024,11,61,Conflict,,,Mount Lebanon,LB3,BA
8762,Displacement due to conflict,Lebanon,LBN,Mount Lebanon,LB3,Aley,LB31,22865,2024-11-10T00:00:00,2024,11,61,Conflict,,,South,LB6,BA
8857,Displacement due to conflict,Lebanon,LBN,North,LB5,El Minieh-Dennie,LB55,1290,2024-11-10T00:00:00,2024,11,61,Conflict,,,Beirut,LB1,BA
8381,Displacement due to conflict,Lebanon,LBN,South,LB6,Jezzine,LB62,130,2024-11-10T00:00:00,2024,11,61,Conflict,,,Bekaa,LB2,BA
11375,Displacement due to conflict,Lebanon,LBN,Mount Lebanon,LB3,Baabda,LB32,3131,2024-11-10T00:00:00,2024,11,61,Conflict,,,Baalbek-El Hermel,LB8,BA
25187,Displacement due to conflict,Lebanon,LBN,North,LB5,El Koura,LB54,1276,2024-11-10T00:00:00,2024,11,61,Conflict,,,Baalbek-El Hermel,LB8,BA
23445,Displacement due to conflict,Lebanon,LBN,Bekaa,LB2,West Bekaa,LB24,12705,2024-11-10T00:00:00,2024,11,61,Conflict,,,El Nabatieh,LB4,BA
26570,Displacement due to conflict,Lebanon,LBN,Akkar,LB7,Akkar,LB51,10764,2024-11-10T00:00:00,2024,11,61,Conflict,,,Baalbek-El Hermel,LB8,BA
27896,Displacement due to conflict,Lebanon,LBN,Akkar,LB7,Akkar,LB51,22385,2024-11-10T00:00:00,2024,11,61,Conflict,,,El Nabatieh,LB4,BA
16097,Displacement due to conflict,Lebanon,LBN,Bekaa,LB2,Zahle,LB25,6618,2024-11-10T00:00:00,2024,11,61,Conflict,,,El Nabatieh,LB4,BA
16375,Displacement due to conflict,Lebanon,LBN,Baalbek-El Hermel,LB8,Baalbek,LB21,6756,2024-11-10T00:00:00,2024,11,61,Conflict,,,Beirut,LB1,BA
15297,Displacement due to conflict,Lebanon,LBN,Mount Lebanon,LB3,Jbeil,LB34,5750,2024-11-10T00:00:00,2024,11,61,Conflict,,,Baalbek-El Hermel,LB8,BA
18930,Displacement due to conflict,Lebanon,LBN,North,LB5,El Koura,LB54,6400,2024-11-10T00:00:00,2024,11,61,Conflict,,,El Nabatieh,LB4,BA
19347,Displacement due to conflict,Lebanon,LBN,North,LB5,El Batroun,LB52,496,2024-11-10T00:00:00,2024,11,61,Conflict,,,Beirut,LB1,BA
19650,Displacement due to conflict,Lebanon,LBN,Bekaa,LB2,Zahle,LB25,8182,2024-11-10T00:00:00,2024,11,61,Conflict,,,Bekaa,LB2,BA
21455,Displacement due to conflict,Lebanon,LBN,Mount Lebanon,LB3,Baabda,LB32,216,2024-11-10T00:00:00,2024,11,61,Conflict,,,Bekaa,LB2,BA
18694,Displacement due to conflict,Lebanon,LBN,North,LB5,Bcharre,LB53,165,2024-11-13T00:00:00,2024,11,62,Conflict,,,Baalbek-El Hermel,LB8,BA
14479,Displacement due to conflict,Lebanon,LBN,Mount Lebanon,LB3,El Meten,LB36,6,2024-11-13T00:00:00,2024,11,62,Conflict,,,Beirut,LB1,BA
16098,Displacement due to conflict,Lebanon,LBN,Bekaa,LB2,Rachaya,LB23,329,2024-11-13T00:00:00,2024,11,62,Conflict,,,South,LB6,BA
16598,Displacement due to conflict,Lebanon,LBN,Akkar,LB7,Akkar,LB51,10948,2024-11-13T00:00:00,2024,11,62,Conflict,,,Baalbek-El Hermel,LB8,BA
27842,Displacement due to conflict,Lebanon,LBN,South,LB6,Sour,LB63,2465,2024-11-13T00:00:00,2024,11,62,Conflict,,,El Nabatieh,LB4,BA
26043,Displacement due to conflict,Lebanon,LBN,Mount Lebanon,LB3,Baabda,LB32,11044,2024-11-13T00:00:00,2024,11,62,Conflict,,,El Nabatieh,LB4,BA
23602,Displacement due to conflict,Lebanon,LBN,Mount Lebanon,LB3,Kesrwane,LB35,4399,2024-11-13T00:00:00,2024,11,62,Conflict,,,Mount Lebanon,LB3,BA
23515,Displacement due to conflict,Lebanon,LBN,Mount Lebanon,LB3,Baabda,LB32,582,2024-11-13T00:00:00,2024,11,62,Conflict,,,Beirut,LB1,BA
22145,Displacement due to conflict,Lebanon,LBN,Mount Lebanon,LB3,Chouf,LB33,17913,2024-11-13T00:00:00,2024,11,62,Conflict,,,Mount Lebanon,LB3,BA
24809,Displacement due to conflict,Lebanon,LBN,North,LB5,Zgharta,LB57,1395,2024-11-13T00:00:00,2024,11,62,Conflict,,,Baalbek-El Hermel,LB8,BA
11358,Displacement due to conflict,Lebanon,LBN,Mount Lebanon,LB3,Jbeil,LB34,5642,2024-11-13T00:00:00,2024,11,62,Conflict,,,Baalbek-El Hermel,LB8,BA
11684,Displacement due to conflict,Lebanon,LBN,North,LB5,El Minieh-Dennie,LB55,1266,2024-11-13T00:00:00,2024,11,62,Conflict,,,Beirut,LB1,BA
12872,Displacement due to conflict,Lebanon,LBN,North,LB5,El Minieh-Dennie,LB55,7772,2024-11-13T00:00:00,2024,11,62,Conflict,,,El Nabatieh,LB4,BA
9296,Displacement due to conflict,Lebanon,LBN,Mount Lebanon,LB3,Aley,LB31,10,2024-11-13T00:00:00,2024,11,62,Conflict,,,Bekaa,LB2,BA
10825,Displacement due to conflict,Lebanon,LBN,North,LB5,El Batroun,LB52,49,2024-11-13T00:00:00,2024,11,62,Conflict,,,Baalbek-El Hermel,LB8,BA
10653,Displacement due to conflict,Lebanon,LBN,Bekaa,LB2,Rachaya,LB23,1201,2024-11-13T00:00:00,2024,11,62,Conflict,,,Bekaa,LB2,BA
10660,Displacement due to conflict,Lebanon,LBN,South,LB6,Jezzine,LB62,3817,2024-11-13T00:00:00,2024,11,62,Conflict,,,South,LB6,BA
675,Displacement due to conflict,Lebanon,LBN,Mount Lebanon,LB3,El Meten,LB36,10332,2024-11-13T00:00:00,2024,11,62,Conflict,,,Mount Lebanon,LB3,BA
5474,Displacement due to conflict,Lebanon,LBN,El Nabatieh,LB4,El Nabatieh,LB44,256,2024-11-13T00:00:00,2024,11,62,Conflict,,,El Nabatieh,LB4,BA
7542,Displacement due to conflict,Lebanon,LBN,Mount Lebanon,LB3,Baabda,LB32,8358,2024-11-13T00:00:00,2024,11,62,Conflict,,,South,LB6,BA
7679,Displacement due to conflict,Lebanon,LBN,Mount Lebanon,LB3,Baabda,LB32,5664,2024-11-13T00:00:00,2024,11,62,Conflict,,,Mount Lebanon,LB3,BA
52344,Displacement due to conflict,Lebanon,LBN,El Nabatieh,LB4,Hasbaya,LB42,64,2024-11-13T00:00:00,2024,11,62,Conflict,,,Bekaa,LB2,BA
51378,Displacement due to conflict,Lebanon,LBN,Baalbek-El Hermel,LB8,El Hermel,LB22,450,2024-11-13T00:00:00,2024,11,62,Conflict,,,Baalbek-El Hermel,LB8,BA
50439,Displacement due to conflict,Lebanon,LBN,Bekaa,LB2,Rachaya,LB23,1306,2024-11-13T00:00:00,2024,11,62,Conflict,,,Baalbek-El Hermel,LB8,BA
43833,Displacement due to conflict,Lebanon,LBN,Mount Lebanon,LB3,Chouf,LB33,448,2024-11-13T00:00:00,2024,11,62,Conflict,,,Bekaa,LB2,BA
42937,Displacement due to conflict,Lebanon,LBN,North,LB5,Zgharta,LB57,8505,2024-11-13T00:00:00,2024,11,62,Conflict,,,South,LB6,BA
45283,Displacement due to conflict,Lebanon,LBN,Bekaa,LB2,Zahle,LB25,2997,2024-11-13T00:00:00,2024,11,62,Conflict,,,Beirut,LB1,BA
45588,Displacement due to conflict,Lebanon,LBN,Baalbek-El Hermel,LB8,Baalbek,LB21,1604,2024-11-13T00:00:00,2024,11,62,Conflict,,,Beirut,LB1,BA
34787,Displacement due to conflict,Lebanon,LBN,Mount Lebanon,LB3,Aley,LB31,25899,2024-11-13T00:00:00,2024,11,62,Conflict,,,Mount Lebanon,LB3,BA
33379,Displacement due to conflict,Lebanon,LBN,Mount Lebanon,LB3,Kesrwane,LB35,714,2024-11-13T00:00:00,2024,11,62,Conflict,,,Baalbek-El Hermel,LB8,BA
32586,Displacement due to conflict,Lebanon,LBN,North,LB5,El Minieh-Dennie,LB55,3698,2024-11-13T00:00:00,2024,11,62,Conflict,,,Baalbek-El Hermel,LB8,BA
40489,Displacement due to conflict,Lebanon,LBN,North,LB5,Zgharta,LB57,375,2024-11-13T00:00:00,2024,11,62,Conflict,,,Bekaa,LB2,BA
40506,Displacement due to conflict,Lebanon,LBN,South,LB6,Sour,LB63,5751,2024-11-13T00:00:00,2024,11,62,Conflict,,,South,LB6,BA
35901,Displacement due to conflict,Lebanon,LBN,Bekaa,LB2,Rachaya,LB23,1231,2024-11-13T00:00:00,2024,11,62,Conflict,,,El Nabatieh,LB4,BA
35612,Displacement due to conflict,Lebanon,LBN,South,LB6,Saida,LB61,40951,2024-11-13T00:00:00,2024,11,62,Conflict,,,South,LB6,BA
36224,Displacement due to conflict,Lebanon,LBN,North,LB5,Bcharre,LB53,146,2024-11-13T00:00:00,2024,11,62,Conflict,,,Beirut,LB1,BA
36590,Displacement due to conflict,Lebanon,LBN,Mount Lebanon,LB3,Aley,LB31,6071,2024-11-13T00:00:00,2024,11,62,Conflict,,,Baalbek-El Hermel,LB8,BA
60020,Displacement due to conflict,Lebanon,LBN,El Nabatieh,LB4,Marjaayoun,LB43,187,2024-11-13T00:00:00,2024,11,62,Conflict,,,El Nabatieh,LB4,BA
58532,Displacement due to conflict,Lebanon,LBN,Mount Lebanon,LB3,El Meten,LB36,11169,2024-11-13T00:00:00,2024,11,62,Conflict,,,South,LB6,BA
61195,Displacement due to conflict,Lebanon,LBN,North,LB5,El Koura,LB54,1203,2024-11-13T00:00:00,2024,11,62,Conflict,,,Baalbek-El Hermel,LB8,BA
62080,Displacement due to conflict,Lebanon,LBN,Mount Lebanon,LB3,Kesrwane,LB35,797,2024-11-13T00:00:00,2024,11,62,Conflict,,,Beirut,LB1,BA
64831,Displacement due to conflict,Lebanon,LBN,North,LB5,Bcharre,LB53,599,2024-11-13T00:00:00,2024,11,62,Conflict,,,El Nabatieh,LB4,BA
65422,Displacement due to conflict,Lebanon,LBN,Akkar,LB7,Akkar,LB51,6930,2024-11-13T00:00:00,2024,11,62,Conflict,,,Beirut,LB1,BA
67537,Displacement due to conflict,Lebanon,LBN,Mount Lebanon,LB3,Chouf,LB33,502,2024-11-13T00:00:00,2024,11,62,Conflict,,,Beirut,LB1,BA
69384,Displacement due to conflict,Lebanon,LBN,Mount Lebanon,LB3,Aley,LB31,4839,2024-11-13T00:00:00,2024,11,62,Conflict,,,Beirut,LB1,BA
70385,Displacement due to conflict,Lebanon,LBN,El Nabatieh,LB4,Bent Jbeil,LB41,613,2024-11-13T00:00:00,2024,11,62,Conflict,,,El Nabatieh,LB4,BA
69767,Displacement due to conflict,Lebanon,LBN,Mount Lebanon,LB3,Jbeil,LB34,7,2024-11-13T00:00:00,2024,11,62,Conflict,,,Beirut,LB1,BA
82985,Displacement due to conflict,Lebanon,LBN,Mount Lebanon,LB3,Aley,LB31,16085,2024-11-13T00:00:00,2024,11,62,Conflict,,,South,LB6,BA
81961,Displacement due to conflict,Lebanon,LBN,Bekaa,LB2,Zahle,LB25,4444,2024-11-13T00:00:00,2024,11,62,Conflict,,,Bekaa,LB2,BA
79376,Displacement due to conflict,Lebanon,LBN,Mount Lebanon,LB3,El Meten,LB36,7392,2024-11-13T00:00:00,2024,11,62,Conflict,,,Bekaa,LB2,BA
77534,Displacement due to conflict,Lebanon,LBN,Mount Lebanon,LB3,Chouf,LB33,70197,2024-11-13T00:00:00,2024,11,62,Conflict,,,El Nabatieh,LB4,BA
75764,Displacement due to conflict,Lebanon,LBN,Beirut,LB1,Beirut,LB11,78449,2024-11-13T00:00:00,2024,11,62,Conflict,,,El Nabatieh,LB4,BA
75596,Displacement due to conflict,Lebanon,LBN,El Nabatieh,LB4,Hasbaya,LB42,2723,2024-11-13T00:00:00,2024,11,62,Conflict,,,El Nabatieh,LB4,BA
75874,Displacement due to conflict,Lebanon,LBN,Bekaa,LB2,West Bekaa,LB24,13260,2024-11-13T00:00:00,2024,11,62,Conflict,,,El Nabatieh,LB4,BA
76305,Displacement due to conflict,Lebanon,LBN,North,LB5,El Batroun,LB52,494,2024-11-13T00:00:00,2024,11,62,Conflict,,,Beirut,LB1,BA
71419,Displacement due to conflict,Lebanon,LBN,Bekaa,LB2,Zahle,LB25,23518,2024-11-13T00:00:00,2024,11,62,Conflict,,,Baalbek-El Hermel,LB8,BA
98504,Displacement due to conflict,Lebanon,LBN,Mount Lebanon,LB3,Chouf,LB33,1510,2024-11-13T00:00:00,2024,11,62,Conflict,,,Baalbek-El Hermel,LB8,BA
98593,Displacement due to conflict,Lebanon,LBN,North,LB5,Bcharre,LB53,499,2024-11-13T00:00:00,2024,11,62,Conflict,,,South,LB6,BA
98320,Displacement due to conflict,Lebanon,LBN,Mount Lebanon,LB3,Jbeil,LB34,10732,2024-11-13T00:00:00,2024,11,62,Conflict,,,El Nabatieh,LB4,BA
97301,Displacement due to conflict,Lebanon,LBN,Mount Lebanon,LB3,Jbeil,LB34,6204,2024-11-13T00:00:00,2024,11,62,Conflict,,,South,LB6,BA
97363,Displacement due to conflict,Lebanon,LBN,Mount Lebanon,LB3,Chouf,LB33,61817,2024-11-13T00:00:00,2024,11,62,Conflict,,,South,LB6,BA
92058,Displacement due to conflict,Lebanon,LBN,North,LB5,El Minieh-Dennie,LB55,7165,2024-11-13T00:00:00,2024,11,62,Conflict,,,South,LB6,BA
92198,Displacement due to conflict,Lebanon,LBN,Mount Lebanon,LB3,Kesrwane,LB35,7874,2024-11-13T00:00:00,2024,11,62,Conflict,,,El Nabatieh,LB4,BA
95114,Displacement due to conflict,Lebanon,LBN,Bekaa,LB2,Zahle,LB25,674,2024-11-13T00:00:00,2024,11,62,Conflict,,,El Nabatieh,LB4,BA
95451,Displacement due to conflict,Lebanon,LBN,South,LB6,Saida,LB61,32103,2024-11-13T00:00:00,2024,11,62,Conflict,,,El Nabatieh,LB4,BA
94348,Displacement due to conflict,Lebanon,LBN,Mount Lebanon,LB3,Jbeil,LB34,12,2024-11-13T00:00:00,2024,11,62,Conflict,,,Bekaa,LB2,BA
87653,Displacement due to conflict,Lebanon,LBN,Akkar,LB7,Akkar,LB51,2053,2024-11-13T00:00:00,2024,11,62,Conflict,,,Bekaa,LB2,BA
87594,Displacement due to conflict,Lebanon,LBN,North,LB5,El Minieh-Dennie,LB55,494,2024-11-13T00:00:00,2024,11,62,Conflict,,,Bekaa,LB2,BA
86043,Displacement due to conflict,Lebanon,LBN,North,LB5,El Koura,LB54,3170,2024-11-13T00:00:00,2024,11,62,Conflict,,,South,LB6,BA
85611,Displacement due to conflict,Lebanon,LBN,North,LB5,El Koura,LB54,6127,2024-11-13T00:00:00,2024,11,62,Conflict,,,El Nabatieh,LB4,BA
85244,Displacement due to conflict,Lebanon,LBN,North,LB5,El Koura,LB54,1326,2024-11-13T00:00:00,2024,11,62,Conflict,,,Beirut,LB1,BA
89649,Displacement due to conflict,Lebanon,LBN,North,LB5,El Batroun,LB52,3620,2024-11-13T00:00:00,2024,11,62,Conflict,,,South,LB6,BA
89467,Displacement due to conflict,Lebanon,LBN,South,LB6,Jezzine,LB62,3821,2024-11-13T00:00:00,2024,11,62,Conflict,,,El Nabatieh,LB4,BA
106158,Displacement due to conflict,Lebanon,LBN,Mount Lebanon,LB3,El Meten,LB36,17846,2024-11-13T00:00:00,2024,11,62,Conflict,,,El Nabatieh,LB4,BA
106449,Displacement due to conflict,Lebanon,LBN,Akkar,LB7,Akkar,LB51,23277,2024-11-13T00:00:00,2024,11,62,Conflict,,,El Nabatieh,LB4,BA
109111,Displacement due to conflict,Lebanon,LBN,North,LB5,El Batroun,LB52,2409,2024-11-13T00:00:00,2024,11,62,Conflict,,,El Nabatieh,LB4,BA
109849,Displacement due to conflict,Lebanon,LBN,Mount Lebanon,LB3,Aley,LB31,62664,2024-11-13T00:00:00,2024,11,62,Conflict,,,El Nabatieh,LB4,BA
112040,Displacement due to conflict,Lebanon,LBN,North,LB5,El Batroun,LB52,5,2024-11-13T00:00:00,2024,11,62,Conflict,,,Bekaa,LB2,BA
111984,Displacement due to conflict,Lebanon,LBN,Beirut,LB1,Beirut,LB11,20563,2024-11-13T00:00:00,2024,11,62,Conflict,,,Mount Lebanon,LB3,BA
110661,Displacement due to conflict,Lebanon,LBN,North,LB5,Tripoli,LB56,3234,2024-11-13T00:00:00,2024,11,62,Conflict,,,Baalbek-El Hermel,LB8,BA
102402,Displacement due to conflict,Lebanon,LBN,Bekaa,LB2,West Bekaa,LB24,411,2024-11-13T00:00:00,2024,11,62,Conflict,,,Baalbek-El Hermel,LB8,BA
99706,Displacement due to conflict,Lebanon,LBN,Baalbek-El Hermel,LB8,Baalbek,LB21,3166,2024-11-13T00:00:00,2024,11,62,Conflict,,,El Nabatieh,LB4,BA
133479,Displacement due to conflict,Lebanon,LBN,Akkar,LB7,Akkar,LB51,285,2024-11-13T00:00:00,2024,11,62,Conflict,,,Mount Lebanon,LB3,BA
132073,Displacement due to conflict,Lebanon,LBN,Mount Lebanon,LB3,Kesrwane,LB35,7244,2024-11-13T00:00:00,2024,11,62,Conflict,,,South,LB6,BA
132337,Displacement due to conflict,Lebanon,LBN,Bekaa,LB2,West Bekaa,LB24,2481,2024-11-13T00:00:00,2024,11,62,Conflict,,,Bekaa,LB2,BA
130544,Displacement due to conflict,Lebanon,LBN,North,LB5,Tripoli,LB56,5724,2024-11-13T00:00:00,2024,11,62,Conflict,,,South,LB6,BA
140285,Displacement due to conflict,Lebanon,LBN,Mount Lebanon,LB3,Kesrwane,LB35,1170,2024-11-13T00:00:00,2024,11,62,Conflict,,,Bekaa,LB2,BA
127900,Displacement due to conflict,Lebanon,LBN,Akkar,LB7,Akkar,LB51,20537,2024-11-13T00:00:00,2024,11,62,Conflict,,,South,LB6,BA
127364,Displacement due to conflict,Lebanon,LBN,Baalbek-El Hermel,LB8,Baalbek,LB21,46921,2024-11-13T00:00:00,2024,11,62,Conflict,,,Baalbek-El Hermel,LB8,BA
130087,Displacement due to conflict,Lebanon,LBN,North,LB5,El Koura,LB54,210,2024-11-13T00:00:00,2024,11,62,Conflict,,,Bekaa,LB2,BA
129379,Displacement due to conflict,Lebanon,LBN,North,LB5,Tripoli,LB56,1597,2024-11-13T00:00:00,2024,11,62,Conflict,,,Mount Lebanon,LB3,BA
129367,Displacement due to conflict,Lebanon,LBN,Mount Lebanon,LB3,Baabda,LB32,2773,2024-11-13T00:00:00,2024,11,62,Conflict,,,Baalbek-El Hermel,LB8,BA
128219,Displacement due to conflict,Lebanon,LBN,North,LB5,El Batroun,LB52,336,2024-11-13T00:00:00,2024,11,62,Conflict,,,Mount Lebanon,LB3,BA
124083,Displacement due to conflict,Lebanon,LBN,Mount Lebanon,LB3,El Meten,LB36,2557,2024-11-13T00:00:00,2024,11,62,Conflict,,,Baalbek-El Hermel,LB8,BA
123757,Displacement due to conflict,Lebanon,LBN,South,LB6,Saida,LB61,98,2024-11-13T00:00:00,2024,11,62,Conflict,,,Beirut,LB1,BA
122990,Displacement due to conflict,Lebanon,LBN,North,LB5,Zgharta,LB57,4057,2024-11-13T00:00:00,2024,11,62,Conflict,,,Beirut,LB1,BA
123333,Displacement due to conflict,Lebanon,LBN,Beirut,LB1,Beirut,LB11,37066,2024-11-13T00:00:00,2024,11,62,Conflict,,,South,LB6,BA
120121,Displacement due to conflict,Lebanon,LBN,Mount Lebanon,LB3,Jbeil,LB34,20400,2024-11-13T00:00:00,2024,11,62,Conflict,,,Mount Lebanon,LB3,BA
119712,Displacement due to conflict,Lebanon,LBN,South,LB6,Jezzine,LB62,135,2024-11-13T00:00:00,2024,11,62,Conflict,,,Bekaa,LB2,BA
119734,Displacement due to conflict,Lebanon,LBN,North,LB5,Tripoli,LB56,4093,2024-11-13T00:00:00,2024,11,62,Conflict,,,Beirut,LB1,BA
113108,Displacement due to conflict,Lebanon,LBN,Mount Lebanon,LB3,Baabda,LB32,191,2024-11-13T00:00:00,2024,11,62,Conflict,,,Bekaa,LB2,BA
113601,Displacement due to conflict,Lebanon,LBN,North,LB5,El Koura,LB54,815,2024-11-13T00:00:00,2024,11,62,Conflict,,,Mount Lebanon,LB3,BA
118332,Displacement due to conflict,Lebanon,LBN,North,LB5,Tripoli,LB56,1005,2024-11-13T00:00:00,2024,11,62,Conflict,,,El Nabatieh,LB4,BA
117055,Displacement due to conflict,Lebanon,LBN,North,LB5,Zgharta,LB57,210,2024-11-13T00:00:00,2024,11,62,Conflict,,,El Nabatieh,LB4,BA
116508,Displacement due to conflict,Lebanon,LBN,Bekaa,LB2,West Bekaa,LB24,1414,2024-11-13T00:00:00,2024,11,62,Conflict,,,South,LB6,BA
116763,Displacement due to conflict,Lebanon,LBN,Beirut,LB1,Beirut,LB11,71286,2024-11-17T00:00:00,2024,11,63,Conflict,,,El Nabatieh,LB4,BA
117267,Displacement due to conflict,Lebanon,LBN,North,LB5,El Minieh-Dennie,LB55,8089,2024-11-17T00:00:00,2024,11,63,Conflict,,,South,LB6,BA
118426,Displacement due to conflict,Lebanon,LBN,Mount Lebanon,LB3,Chouf,LB33,73788,2024-11-17T00:00:00,2024,11,63,Conflict,,,El Nabatieh,LB4,BA
117899,Displacement due to conflict,Lebanon,LBN,Akkar,LB7,Akkar,LB51,11201,2024-11-17T00:00:00,2024,11,63,Conflict,,,Baalbek-El Hermel,LB8,BA
118652,Displacement due to conflict,Lebanon,LBN,North,LB5,Tripoli,LB56,1292,2024-11-17T00:00:00,2024,11,63,Conflict,,,Baalbek-El Hermel,LB8,BA
113354,Displacement due to conflict,Lebanon,LBN,Bekaa,LB2,Rachaya,LB23,1296,2024-11-17T00:00:00,2024,11,63,Conflict,,,Baalbek-El Hermel,LB8,BA
115918,Displacement due to conflict,Lebanon,LBN,South,LB6,Jezzine,LB62,4247,2024-11-17T00:00:00,2024,11,63,Conflict,,,El Nabatieh,LB4,BA
122463,Displacement due to conflict,Lebanon,LBN,Mount Lebanon,LB3,Kesrwane,LB35,8818,2024-11-17T00:00:00,2024,11,63,Conflict,,,El Nabatieh,LB4,BA
123274,Displacement due to conflict,Lebanon,LBN,North,LB5,El Batroun,LB52,375,2024-11-17T00:00:00,2024,11,63,Conflict,,,Mount Lebanon,LB3,BA
123734,Displacement due to conflict,Lebanon,LBN,Baalbek-El Hermel,LB8,Baalbek,LB21,46798,2024-11-17T00:00:00,2024,11,63,Conflict,,,Baalbek-El Hermel,LB8,BA
126016,Displacement due to conflict,Lebanon,LBN,Beirut,LB1,Beirut,LB11,42741,2024-11-17T00:00:00,2024,11,63,Conflict,,,South,LB6,BA
124823,Displacement due to conflict,Lebanon,LBN,Bekaa,LB2,Zahle,LB25,20799,2024-11-17T00:00:00,2024,11,63,Conflict,,,Baalbek-El Hermel,LB8,BA
128296,Displacement due to conflict,Lebanon,LBN,Mount Lebanon,LB3,El Meten,LB36,7075,2024-11-17T00:00:00,2024,11,63,Conflict,,,Bekaa,LB2,BA
128218,Displacement due to conflict,Lebanon,LBN,Akkar,LB7,Akkar,LB51,6713,2024-11-17T00:00:00,2024,11,63,Conflict,,,Beirut,LB1,BA
127557,Displacement due to conflict,Lebanon,LBN,Mount Lebanon,LB3,Jbeil,LB34,20104,2024-11-17T00:00:00,2024,11,63,Conflict,,,Mount Lebanon,LB3,BA
100342,Displacement due to conflict,Lebanon,LBN,South,LB6,Sour,LB63,5909,2024-11-17T00:00:00,2024,11,63,Conflict,,,South,LB6,BA
101311,Displacement due to conflict,Lebanon,LBN,Bekaa,LB2,West Bekaa,LB24,1414,2024-11-17T00:00:00,2024,11,63,Conflict,,,South,LB6,BA
110349,Displacement due to conflict,Lebanon,LBN,North,LB5,El Koura,LB54,630,2024-11-17T00:00:00,2024,11,63,Conflict,,,Mount Lebanon,LB3,BA
111659,Displacement due to conflict,Lebanon,LBN,Mount Lebanon,LB3,Chouf,LB33,500,2024-11-17T00:00:00,2024,11,63,Conflict,,,Beirut,LB1,BA
109806,Displacement due to conflict,Lebanon,LBN,North,LB5,Zgharta,LB57,2807,2024-11-17T00:00:00,2024,11,63,Conflict,,,Beirut,LB1,BA
106197,Displacement due to conflict,Lebanon,LBN,El Nabatieh,LB4,El Nabatieh,LB44,256,2024-11-17T00:00:00,2024,11,63,Conflict,,,El Nabatieh,LB4,BA
107206,Displacement due to conflict,Lebanon,LBN,North,LB5,Bcharre,LB53,433,2024-11-17T00:00:00,2024,11,63,Conflict,,,South,LB6,BA
107207,Displacement due to conflict,Lebanon,LBN,Mount Lebanon,LB3,Baabda,LB32,7621,2024-11-17T00:00:00,2024,11,63,Conflict,,,South,LB6,BA
107975,Displacement due to conflict,Lebanon,LBN,North,LB5,Zgharta,LB57,1123,2024-11-17T00:00:00,2024,11,63,Conflict,,,El Nabatieh,LB4,BA
89424,Displacement due to conflict,Lebanon,LBN,South,LB6,Saida,LB61,47631,2024-11-17T00:00:00,2024,11,63,Conflict,,,South,LB6,BA
89452,Displacement due to conflict,Lebanon,LBN,Mount Lebanon,LB3,Jbeil,LB34,10889,2024-11-17T00:00:00,2024,11,63,Conflict,,,El Nabatieh,LB4,BA
89969,Displacement due to conflict,Lebanon,LBN,Mount Lebanon,LB3,Kesrwane,LB35,3612,2024-11-17T00:00:00,2024,11,63,Conflict,,,Mount Lebanon,LB3,BA
91004,Displacement due to conflict,Lebanon,LBN,South,LB6,Jezzine,LB62,3483,2024-11-17T00:00:00,2024,11,63,Conflict,,,South,LB6,BA
91268,Displacement due to conflict,Lebanon,LBN,Mount Lebanon,LB3,Chouf,LB33,59610,2024-11-17T00:00:00,2024,11,63,Conflict,,,South,LB6,BA
85532,Displacement due to conflict,Lebanon,LBN,Baalbek-El Hermel,LB8,Baalbek,LB21,75,2024-11-17T00:00:00,2024,11,63,Conflict,,,El Nabatieh,LB4,BA
85434,Displacement due to conflict,Lebanon,LBN,North,LB5,El Koura,LB54,3069,2024-11-17T00:00:00,2024,11,63,Conflict,,,South,LB6,BA
85710,Displacement due to conflict,Lebanon,LBN,Mount Lebanon,LB3,El Meten,LB36,11244,2024-11-17T00:00:00,2024,11,63,Conflict,,,South,LB6,BA
86415,Displacement due to conflict,Lebanon,LBN,North,LB5,El Koura,LB54,108,2024-11-17T00:00:00,2024,11,63,Conflict,,,Bekaa,LB2,BA
87307,Displacement due to conflict,Lebanon,LBN,North,LB5,El Minieh-Dennie,LB55,421,2024-11-17T00:00:00,2024,11,63,Conflict,,,Bekaa,LB2,BA
88103,Displacement due to conflict,Lebanon,LBN,El Nabatieh,LB4,Hasbaya,LB42,2728,2024-11-17T00:00:00,2024,11,63,Conflict,,,El Nabatieh,LB4,BA
94003,Displacement due to conflict,Lebanon,LBN,North,LB5,El Koura,LB54,1081,2024-11-17T00:00:00,2024,11,63,Conflict,,,Beirut,LB1,BA
72228,Displacement due to conflict,Lebanon,LBN,Mount Lebanon,LB3,Jbeil,LB34,6110,2024-11-17T00:00:00,2024,11,63,Conflict,,,Baalbek-El Hermel,LB8,BA
74468,Displacement due to conflict,Lebanon,LBN,Mount Lebanon,LB3,Kesrwane,LB35,7578,2024-11-17T00:00:00,2024,11,63,Conflict,,,South,LB6,BA
74617,Displacement due to conflict,Lebanon,LBN,North,LB5,El Batroun,LB52,42,2024-11-17T00:00:00,2024,11,63,Conflict,,,Baalbek-El Hermel,LB8,BA
75131,Displacement due to conflict,Lebanon,LBN,Mount Lebanon,LB3,Kesrwane,LB35,783,2024-11-17T00:00:00,2024,11,63,Conflict,,,Beirut,LB1,BA
77260,Displacement due to conflict,Lebanon,LBN,Mount Lebanon,LB3,Baabda,LB32,623,2024-11-17T00:00:00,2024,11,63,Conflict,,,Beirut,LB1,BA
78983,Displacement due to conflict,Lebanon,LBN,South,LB6,Jezzine,LB62,135,2024-11-17T00:00:00,2024,11,63,Conflict,,,Bekaa,LB2,BA
78126,Displacement due to conflict,Lebanon,LBN,Bekaa,LB2,Rachaya,LB23,1002,2024-11-17T00:00:00,2024,11,63,Conflict,,,El Nabatieh,LB4,BA
79930,Displacement due to conflict,Lebanon,LBN,Mount Lebanon,LB3,Aley,LB31,18868,2024-11-17T00:00:00,2024,11,63,Conflict,,,South,LB6,BA
81726,Displacement due to conflict,Lebanon,LBN,El Nabatieh,LB4,Hasbaya,LB42,64,2024-11-17T00:00:00,2024,11,63,Conflict,,,Bekaa,LB2,BA
82132,Displacement due to conflict,Lebanon,LBN,Beirut,LB1,Beirut,LB11,23603,2024-11-17T00:00:00,2024,11,63,Conflict,,,Mount Lebanon,LB3,BA
82020,Displacement due to conflict,Lebanon,LBN,Mount Lebanon,LB3,Chouf,LB33,18480,2024-11-17T00:00:00,2024,11,63,Conflict,,,Mount Lebanon,LB3,BA
82173,Displacement due to conflict,Lebanon,LBN,North,LB5,El Batroun,LB52,2396,2024-11-17T00:00:00,2024,11,63,Conflict,,,El Nabatieh,LB4,BA
83365,Displacement due to conflict,Lebanon,LBN,Mount Lebanon,LB3,Aley,LB31,4977,2024-11-17T00:00:00,2024,11,63,Conflict,,,Baalbek-El Hermel,LB8,BA
70426,Displacement due to conflict,Lebanon,LBN,South,LB6,Saida,LB61,98,2024-11-17T00:00:00,2024,11,63,Conflict,,,Beirut,LB1,BA
67059,Displacement due to conflict,Lebanon,LBN,Mount Lebanon,LB3,Baabda,LB32,5769,2024-11-17T00:00:00,2024,11,63,Conflict,,,Mount Lebanon,LB3,BA
67137,Displacement due to conflict,Lebanon,LBN,Bekaa,LB2,Rachaya,LB23,1475,2024-11-17T00:00:00,2024,11,63,Conflict,,,Bekaa,LB2,BA
62284,Displacement due to conflict,Lebanon,LBN,Mount Lebanon,LB3,Baabda,LB32,176,2024-11-17T00:00:00,2024,11,63,Conflict,,,Bekaa,LB2,BA
63454,Displacement due to conflict,Lebanon,LBN,Akkar,LB7,Akkar,LB51,23459,2024-11-17T00:00:00,2024,11,63,Conflict,,,El Nabatieh,LB4,BA
63110,Displacement due to conflict,Lebanon,LBN,Bekaa,LB2,Zahle,LB25,2379,2024-11-17T00:00:00,2024,11,63,Conflict,,,Beirut,LB1,BA
60648,Displacement due to conflict,Lebanon,LBN,El Nabatieh,LB4,Bent Jbeil,LB41,613,2024-11-17T00:00:00,2024,11,63,Conflict,,,El Nabatieh,LB4,BA
56439,Displacement due to conflict,Lebanon,LBN,North,LB5,Bcharre,LB53,165,2024-11-17T00:00:00,2024,11,63,Conflict,,,Baalbek-El Hermel,LB8,BA
59827,Displacement due to conflict,Lebanon,LBN,El Nabatieh,LB4,Marjaayoun,LB43,182,2024-11-17T00:00:00,2024,11,63,Conflict,,,El Nabatieh,LB4,BA
59733,Displacement due to conflict,Lebanon,LBN,Mount Lebanon,LB3,Chouf,LB33,1493,2024-11-17T00:00:00,2024,11,63,Conflict,,,Baalbek-El Hermel,LB8,BA
41320,Displacement due to conflict,Lebanon,LBN,North,LB5,Zgharta,LB57,35,2024-11-17T00:00:00,2024,11,63,Conflict,,,Bekaa,LB2,BA
32674,Displacement due to conflict,Lebanon,LBN,North,LB5,El Minieh-Dennie,LB55,2002,2024-11-17T00:00:00,2024,11,63,Conflict,,,Beirut,LB1,BA
35411,Displacement due to conflict,Lebanon,LBN,Bekaa,LB2,West Bekaa,LB24,13079,2024-11-17T00:00:00,2024,11,63,Conflict,,,El Nabatieh,LB4,BA
29955,Displacement due to conflict,Lebanon,LBN,North,LB5,Zgharta,LB57,9649,2024-11-17T00:00:00,2024,11,63,Conflict,,,South,LB6,BA
28996,Displacement due to conflict,Lebanon,LBN,Mount Lebanon,LB3,Baabda,LB32,11868,2024-11-17T00:00:00,2024,11,63,Conflict,,,El Nabatieh,LB4,BA
45096,Displacement due to conflict,Lebanon,LBN,Bekaa,LB2,West Bekaa,LB24,184,2024-11-17T00:00:00,2024,11,63,Conflict,,,Beirut,LB1,BA
42873,Displacement due to conflict,Lebanon,LBN,Bekaa,LB2,Zahle,LB25,2801,2024-11-17T00:00:00,2024,11,63,Conflict,,,Bekaa,LB2,BA
42705,Displacement due to conflict,Lebanon,LBN,Mount Lebanon,LB3,Kesrwane,LB35,583,2024-11-17T00:00:00,2024,11,63,Conflict,,,Baalbek-El Hermel,LB8,BA
44230,Displacement due to conflict,Lebanon,LBN,Mount Lebanon,LB3,Chouf,LB33,458,2024-11-17T00:00:00,2024,11,63,Conflict,,,Bekaa,LB2,BA
43328,Displacement due to conflict,Lebanon,LBN,Mount Lebanon,LB3,Kesrwane,LB35,1121,2024-11-17T00:00:00,2024,11,63,Conflict,,,Bekaa,LB2,BA
43689,Displacement due to conflict,Lebanon,LBN,Mount Lebanon,LB3,El Meten,LB36,11017,2024-11-17T00:00:00,2024,11,63,Conflict,,,Mount Lebanon,LB3,BA
48067,Displacement due to conflict,Lebanon,LBN,North,LB5,Bcharre,LB53,584,2024-11-17T00:00:00,2024,11,63,Conflict,,,El Nabatieh,LB4,BA
47380,Displacement due to conflict,Lebanon,LBN,North,LB5,El Batroun,LB52,3627,2024-11-17T00:00:00,2024,11,63,Conflict,,,South,LB6,BA
49872,Displacement due to conflict,Lebanon,LBN,Bekaa,LB2,West Bekaa,LB24,2795,2024-11-17T00:00:00,2024,11,63,Conflict,,,Bekaa,LB2,BA
52528,Displacement due to conflict,Lebanon,LBN,Mount Lebanon,LB3,Aley,LB31,26913,2024-11-17T00:00:00,2024,11,63,Conflict,,,Mount Lebanon,LB3,BA
51767,Displacement due to conflict,Lebanon,LBN,North,LB5,Bcharre,LB53,150,2024-11-17T00:00:00,2024,11,63,Conflict,,,Beirut,LB1,BA
53928,Displacement due to conflict,Lebanon,LBN,North,LB5,El Minieh-Dennie,LB55,2857,2024-11-17T00:00:00,2024,11,63,Conflict,,,Baalbek-El Hermel,LB8,BA
54571,Displacement due to conflict,Lebanon,LBN,North,LB5,El Koura,LB54,1265,2024-11-17T00:00:00,2024,11,63,Conflict,,,Baalbek-El Hermel,LB8,BA
54710,Displacement due to conflict,Lebanon,LBN,Akkar,LB7,Akkar,LB51,21406,2024-11-17T00:00:00,2024,11,63,Conflict,,,South,LB6,BA
55218,Displacement due to conflict,Lebanon,LBN,North,LB5,El Batroun,LB52,494,2024-11-17T00:00:00,2024,11,63,Conflict,,,Beirut,LB1,BA
6390,Displacement due to conflict,Lebanon,LBN,North,LB5,Zgharta,LB57,188,2024-11-17T00:00:00,2024,11,63,Conflict,,,Baalbek-El Hermel,LB8,BA
5285,Displacement due to conflict,Lebanon,LBN,North,LB5,Tripoli,LB56,5070,2024-11-17T00:00:00,2024,11,63,Conflict,,,South,LB6,BA
5124,Displacement due to conflict,Lebanon,LBN,North,LB5,El Minieh-Dennie,LB55,6650,2024-11-17T00:00:00,2024,11,63,Conflict,,,El Nabatieh,LB4,BA
939,Displacement due to conflict,Lebanon,LBN,Mount Lebanon,LB3,Aley,LB31,4883,2024-11-17T00:00:00,2024,11,63,Conflict,,,Beirut,LB1,BA
2051,Displacement due to conflict,Lebanon,LBN,Baalbek-El Hermel,LB8,Baalbek,LB21,4860,2024-11-17T00:00:00,2024,11,63,Conflict,,,Beirut,LB1,BA
1707,Displacement due to conflict,Lebanon,LBN,South,LB6,Sour,LB63,2532,2024-11-17T00:00:00,2024,11,63,Conflict,,,El Nabatieh,LB4,BA
9764,Displacement due to conflict,Lebanon,LBN,North,LB5,El Batroun,LB52,5,2024-11-17T00:00:00,2024,11,63,Conflict,,,Bekaa,LB2,BA
9005,Displacement due to conflict,Lebanon,LBN,Mount Lebanon,LB3,El Meten,LB36,17217,2024-11-17T00:00:00,2024,11,63,Conflict,,,El Nabatieh,LB4,BA
8151,Displacement due to conflict,Lebanon,LBN,North,LB5,Tripoli,LB56,4305,2024-11-17T00:00:00,2024,11,63,Conflict,,,Beirut,LB1,BA
8158,Displacement due to conflict,Lebanon,LBN,Akkar,LB7,Akkar,LB51,292,2024-11-17T00:00:00,2024,11,63,Conflict,,,Mount Lebanon,LB3,BA
12709,Displacement due to conflict,Lebanon,LBN,Bekaa,LB2,West Bekaa,LB24,528,2024-11-17T00:00:00,2024,11,63,Conflict,,,Baalbek-El Hermel,LB8,BA
12559,Displacement due to conflict,Lebanon,LBN,Mount Lebanon,LB3,Aley,LB31,10,2024-11-17T00:00:00,2024,11,63,Conflict,,,Bekaa,LB2,BA
11646,Displacement due to conflict,Lebanon,LBN,North,LB5,Tripoli,LB56,3287,2024-11-17T00:00:00,2024,11,63,Conflict,,,El Nabatieh,LB4,BA
25052,Displacement due to conflict,Lebanon,LBN,North,LB5,El Koura,LB54,6504,2024-11-17T00:00:00,2024,11,63,Conflict,,,El Nabatieh,LB4,BA
23757,Displacement due to conflict,Lebanon,LBN,South,LB6,Saida,LB61,26249,2024-11-17T00:00:00,2024,11,63,Conflict,,,El Nabatieh,LB4,BA
24407,Displacement due to conflict,Lebanon,LBN,Akkar,LB7,Akkar,LB51,1232,2024-11-17T00:00:00,2024,11,63,Conflict,,,Bekaa,LB2,BA
22445,Displacement due to conflict,Lebanon,LBN,Mount Lebanon,LB3,Jbeil,LB34,6269,2024-11-17T00:00:00,2024,11,63,Conflict,,,South,LB6,BA
25445,Displacement due to conflict,Lebanon,LBN,North,LB5,Tripoli,LB56,1597,2024-11-17T00:00:00,2024,11,63,Conflict,,,Mount Lebanon,LB3,BA
26527,Displacement due to conflict,Lebanon,LBN,Mount Lebanon,LB3,Baabda,LB32,2844,2024-11-17T00:00:00,2024,11,63,Conflict,,,Baalbek-El Hermel,LB8,BA
26827,Displacement due to conflict,Lebanon,LBN,Bekaa,LB2,Zahle,LB25,5844,2024-11-17T00:00:00,2024,11,63,Conflict,,,El Nabatieh,LB4,BA
26893,Displacement due to conflict,Lebanon,LBN,Mount Lebanon,LB3,Jbeil,LB34,7,2024-11-17T00:00:00,2024,11,63,Conflict,,,Beirut,LB1,BA
26927,Displacement due to conflict,Lebanon,LBN,Baalbek-El Hermel,LB8,El Hermel,LB22,450,2024-11-17T00:00:00,2024,11,63,Conflict,,,Baalbek-El Hermel,LB8,BA
27551,Displacement due to conflict,Lebanon,LBN,Bekaa,LB2,Rachaya,LB23,317,2024-11-17T00:00:00,2024,11,63,Conflict,,,South,LB6,BA
18325,Displacement due to conflict,Lebanon,LBN,Mount Lebanon,LB3,Aley,LB31,60124,2024-11-17T00:00:00,2024,11,63,Conflict,,,El Nabatieh,LB4,BA
19108,Displacement due to conflict,Lebanon,LBN,Mount Lebanon,LB3,El Meten,LB36,2140,2024-11-17T00:00:00,2024,11,63,Conflict,,,Baalbek-El Hermel,LB8,BA
19736,Displacement due to conflict,Lebanon,LBN,Baalbek-El Hermel,LB8,Baalbek,LB21,4744,2024-11-20T00:00:00,2024,11,64,Conflict,,,Beirut,LB1,BA
20091,Displacement due to conflict,Lebanon,LBN,El Nabatieh,LB4,Hasbaya,LB42,2742,2024-11-20T00:00:00,2024,11,64,Conflict,,,El Nabatieh,LB4,BA
16583,Displacement due to conflict,Lebanon,LBN,South,LB6,Saida,LB61,42144,2024-11-20T00:00:00,2024,11,64,Conflict,,,South,LB6,BA
16728,Displacement due to conflict,Lebanon,LBN,El Nabatieh,LB4,Hasbaya,LB42,66,2024-11-20T00:00:00,2024,11,64,Conflict,,,Bekaa,LB2,BA
16004,Displacement due to conflict,Lebanon,LBN,Akkar,LB7,Akkar,LB51,1937,2024-11-20T00:00:00,2024,11,64,Conflict,,,Bekaa,LB2,BA
15438,Displacement due to conflict,Lebanon,LBN,Mount Lebanon,LB3,Baabda,LB32,576,2024-11-20T00:00:00,2024,11,64,Conflict,,,Beirut,LB1,BA
27407,Displacement due to conflict,Lebanon,LBN,Mount Lebanon,LB3,Aley,LB31,4826,2024-11-20T00:00:00,2024,11,64,Conflict,,,Beirut,LB1,BA
26577,Displacement due to conflict,Lebanon,LBN,Mount Lebanon,LB3,Baabda,LB32,176,2024-11-20T00:00:00,2024,11,64,Conflict,,,Bekaa,LB2,BA
25539,Displacement due to conflict,Lebanon,LBN,El Nabatieh,LB4,Bent Jbeil,LB41,613,2024-11-20T00:00:00,2024,11,64,Conflict,,,El Nabatieh,LB4,BA
22737,Displacement due to conflict,Lebanon,LBN,Mount Lebanon,LB3,Kesrwane,LB35,900,2024-11-20T00:00:00,2024,11,64,Conflict,,,Beirut,LB1,BA
23739,Displacement due to conflict,Lebanon,LBN,Bekaa,LB2,West Bekaa,LB24,13417,2024-11-20T00:00:00,2024,11,64,Conflict,,,El Nabatieh,LB4,BA
25029,Displacement due to conflict,Lebanon,LBN,North,LB5,El Minieh-Dennie,LB55,459,2024-11-20T00:00:00,2024,11,64,Conflict,,,Bekaa,LB2,BA
24960,Displacement due to conflict,Lebanon,LBN,South,LB6,Saida,LB61,32029,2024-11-20T00:00:00,2024,11,64,Conflict,,,El Nabatieh,LB4,BA
11225,Displacement due to conflict,Lebanon,LBN,Mount Lebanon,LB3,El Meten,LB36,18359,2024-11-20T00:00:00,2024,11,64,Conflict,,,El Nabatieh,LB4,BA
11076,Displacement due to conflict,Lebanon,LBN,Mount Lebanon,LB3,Aley,LB31,62530,2024-11-20T00:00:00,2024,11,64,Conflict,,,El Nabatieh,LB4,BA
12690,Displacement due to conflict,Lebanon,LBN,South,LB6,Saida,LB61,206,2024-11-20T00:00:00,2024,11,64,Conflict,,,Beirut,LB1,BA
12806,Displacement due to conflict,Lebanon,LBN,North,LB5,El Koura,LB54,3042,2024-11-20T00:00:00,2024,11,64,Conflict,,,South,LB6,BA
9289,Displacement due to conflict,Lebanon,LBN,Akkar,LB7,Akkar,LB51,7921,2024-11-20T00:00:00,2024,11,64,Conflict,,,Beirut,LB1,BA
4077,Displacement due to conflict,Lebanon,LBN,North,LB5,Bcharre,LB53,74,2024-11-20T00:00:00,2024,11,64,Conflict,,,Beirut,LB1,BA
7434,Displacement due to conflict,Lebanon,LBN,Mount Lebanon,LB3,Kesrwane,LB35,625,2024-11-20T00:00:00,2024,11,64,Conflict,,,Baalbek-El Hermel,LB8,BA
55892,Displacement due to conflict,Lebanon,LBN,North,LB5,El Minieh-Dennie,LB55,8369,2024-11-20T00:00:00,2024,11,64,Conflict,,,El Nabatieh,LB4,BA
53156,Displacement due to conflict,Lebanon,LBN,Mount Lebanon,LB3,Chouf,LB33,64083,2024-11-20T00:00:00,2024,11,64,Conflict,,,South,LB6,BA
51692,Displacement due to conflict,Lebanon,LBN,South,LB6,Jezzine,LB62,3537,2024-11-20T00:00:00,2024,11,64,Conflict,,,South,LB6,BA
51904,Displacement due to conflict,Lebanon,LBN,El Nabatieh,LB4,Marjaayoun,LB43,182,2024-11-20T00:00:00,2024,11,64,Conflict,,,El Nabatieh,LB4,BA
50208,Displacement due to conflict,Lebanon,LBN,Mount Lebanon,LB3,Aley,LB31,24367,2024-11-20T00:00:00,2024,11,64,Conflict,,,Mount Lebanon,LB3,BA
47081,Displacement due to conflict,Lebanon,LBN,South,LB6,Jezzine,LB62,130,2024-11-20T00:00:00,2024,11,64,Conflict,,,Bekaa,LB2,BA
47048,Displacement due to conflict,Lebanon,LBN,Baalbek-El Hermel,LB8,Baalbek,LB21,75,2024-11-20T00:00:00,2024,11,64,Conflict,,,El Nabatieh,LB4,BA
46627,Displacement due to conflict,Lebanon,LBN,North,LB5,El Koura,LB54,201,2024-11-20T00:00:00,2024,11,64,Conflict,,,Bekaa,LB2,BA
29921,Displacement due to conflict,Lebanon,LBN,North,LB5,Tripoli,LB56,1117,2024-11-20T00:00:00,2024,11,64,Conflict,,,Baalbek-El Hermel,LB8,BA
30833,Displacement due to conflict,Lebanon,LBN,North,LB5,El Batroun,LB52,2362,2024-11-20T00:00:00,2024,11,64,Conflict,,,El Nabatieh,LB4,BA
34931,Displacement due to conflict,Lebanon,LBN,North,LB5,El Minieh-Dennie,LB55,3339,2024-11-20T00:00:00,2024,11,64,Conflict,,,Baalbek-El Hermel,LB8,BA
35183,Displacement due to conflict,Lebanon,LBN,Akkar,LB7,Akkar,LB51,295,2024-11-20T00:00:00,2024,11,64,Conflict,,,Mount Lebanon,LB3,BA
33434,Displacement due to conflict,Lebanon,LBN,Mount Lebanon,LB3,Jbeil,LB34,5965,2024-11-20T00:00:00,2024,11,64,Conflict,,,Baalbek-El Hermel,LB8,BA
41308,Displacement due to conflict,Lebanon,LBN,Bekaa,LB2,West Bekaa,LB24,2400,2024-11-20T00:00:00,2024,11,64,Conflict,,,Bekaa,LB2,BA
41274,Displacement due to conflict,Lebanon,LBN,Mount Lebanon,LB3,Baabda,LB32,6526,2024-11-20T00:00:00,2024,11,64,Conflict,,,Mount Lebanon,LB3,BA
41768,Displacement due to conflict,Lebanon,LBN,Bekaa,LB2,Rachaya,LB23,966,2024-11-20T00:00:00,2024,11,64,Conflict,,,El Nabatieh,LB4,BA
37164,Displacement due to conflict,Lebanon,LBN,Mount Lebanon,LB3,Chouf,LB33,464,2024-11-20T00:00:00,2024,11,64,Conflict,,,Bekaa,LB2,BA
37128,Displacement due to conflict,Lebanon,LBN,Baalbek-El Hermel,LB8,El Hermel,LB22,450,2024-11-20T00:00:00,2024,11,64,Conflict,,,Baalbek-El Hermel,LB8,BA
38015,Displacement due to conflict,Lebanon,LBN,Bekaa,LB2,Rachaya,LB23,1281,2024-11-20T00:00:00,2024,11,64,Conflict,,,Baalbek-El Hermel,LB8,BA
59736,Displacement due to conflict,Lebanon,LBN,North,LB5,Zgharta,LB57,9096,2024-11-20T00:00:00,2024,11,64,Conflict,,,South,LB6,BA
56957,Displacement due to conflict,Lebanon,LBN,South,LB6,Sour,LB63,2598,2024-11-20T00:00:00,2024,11,64,Conflict,,,El Nabatieh,LB4,BA
60289,Displacement due to conflict,Lebanon,LBN,Mount Lebanon,LB3,Baabda,LB32,7385,2024-11-20T00:00:00,2024,11,64,Conflict,,,South,LB6,BA
62906,Displacement due to conflict,Lebanon,LBN,Bekaa,LB2,Rachaya,LB23,1656,2024-11-20T00:00:00,2024,11,64,Conflict,,,Bekaa,LB2,BA
70400,Displacement due to conflict,Lebanon,LBN,Mount Lebanon,LB3,Chouf,LB33,1509,2024-11-20T00:00:00,2024,11,64,Conflict,,,Baalbek-El Hermel,LB8,BA
70024,Displacement due to conflict,Lebanon,LBN,North,LB5,Zgharta,LB57,4191,2024-11-20T00:00:00,2024,11,64,Conflict,,,Beirut,LB1,BA
71395,Displacement due to conflict,Lebanon,LBN,Mount Lebanon,LB3,Aley,LB31,7658,2024-11-20T00:00:00,2024,11,64,Conflict,,,Baalbek-El Hermel,LB8,BA
71253,Displacement due to conflict,Lebanon,LBN,Mount Lebanon,LB3,Kesrwane,LB35,8589,2024-11-20T00:00:00,2024,11,64,Conflict,,,El Nabatieh,LB4,BA
69548,Displacement due to conflict,Lebanon,LBN,Mount Lebanon,LB3,Chouf,LB33,1206,2024-11-20T00:00:00,2024,11,64,Conflict,,,Beirut,LB1,BA
84404,Displacement due to conflict,Lebanon,LBN,Bekaa,LB2,Rachaya,LB23,187,2024-11-20T00:00:00,2024,11,64,Conflict,,,South,LB6,BA
82854,Displacement due to conflict,Lebanon,LBN,Beirut,LB1,Beirut,LB11,37293,2024-11-20T00:00:00,2024,11,64,Conflict,,,South,LB6,BA
80170,Displacement due to conflict,Lebanon,LBN,El Nabatieh,LB4,El Nabatieh,LB44,256,2024-11-20T00:00:00,2024,11,64,Conflict,,,El Nabatieh,LB4,BA
80886,Displacement due to conflict,Lebanon,LBN,North,LB5,Tripoli,LB56,3087,2024-11-20T00:00:00,2024,11,64,Conflict,,,El Nabatieh,LB4,BA
80484,Displacement due to conflict,Lebanon,LBN,North,LB5,El Batroun,LB52,5,2024-11-20T00:00:00,2024,11,64,Conflict,,,Bekaa,LB2,BA
80393,Displacement due to conflict,Lebanon,LBN,Akkar,LB7,Akkar,LB51,20502,2024-11-20T00:00:00,2024,11,64,Conflict,,,South,LB6,BA
78443,Displacement due to conflict,Lebanon,LBN,Bekaa,LB2,Zahle,LB25,6398,2024-11-20T00:00:00,2024,11,64,Conflict,,,El Nabatieh,LB4,BA
78692,Displacement due to conflict,Lebanon,LBN,Mount Lebanon,LB3,Aley,LB31,10,2024-11-20T00:00:00,2024,11,64,Conflict,,,Bekaa,LB2,BA
77117,Displacement due to conflict,Lebanon,LBN,North,LB5,El Batroun,LB52,3622,2024-11-20T00:00:00,2024,11,64,Conflict,,,South,LB6,BA
76979,Displacement due to conflict,Lebanon,LBN,Mount Lebanon,LB3,El Meten,LB36,2854,2024-11-20T00:00:00,2024,11,64,Conflict,,,Baalbek-El Hermel,LB8,BA
75775,Displacement due to conflict,Lebanon,LBN,North,LB5,Tripoli,LB56,1599,2024-11-20T00:00:00,2024,11,64,Conflict,,,Mount Lebanon,LB3,BA
75853,Displacement due to conflict,Lebanon,LBN,Mount Lebanon,LB3,El Meten,LB36,10404,2024-11-20T00:00:00,2024,11,64,Conflict,,,Mount Lebanon,LB3,BA
73733,Displacement due to conflict,Lebanon,LBN,Bekaa,LB2,West Bekaa,LB24,799,2024-11-20T00:00:00,2024,11,64,Conflict,,,Baalbek-El Hermel,LB8,BA
72555,Displacement due to conflict,Lebanon,LBN,North,LB5,El Batroun,LB52,41,2024-11-20T00:00:00,2024,11,64,Conflict,,,Baalbek-El Hermel,LB8,BA
94189,Displacement due to conflict,Lebanon,LBN,Bekaa,LB2,Zahle,LB25,4935,2024-11-20T00:00:00,2024,11,64,Conflict,,,Bekaa,LB2,BA
93955,Displacement due to conflict,Lebanon,LBN,North,LB5,El Batroun,LB52,495,2024-11-20T00:00:00,2024,11,64,Conflict,,,Beirut,LB1,BA
93211,Displacement due to conflict,Lebanon,LBN,North,LB5,Bcharre,LB53,612,2024-11-20T00:00:00,2024,11,64,Conflict,,,El Nabatieh,LB4,BA
97871,Displacement due to conflict,Lebanon,LBN,Akkar,LB7,Akkar,LB51,24701,2024-11-20T00:00:00,2024,11,64,Conflict,,,El Nabatieh,LB4,BA
98833,Displacement due to conflict,Lebanon,LBN,Bekaa,LB2,Zahle,LB25,2311,2024-11-20T00:00:00,2024,11,64,Conflict,,,Beirut,LB1,BA
95939,Displacement due to conflict,Lebanon,LBN,Mount Lebanon,LB3,Kesrwane,LB35,1120,2024-11-20T00:00:00,2024,11,64,Conflict,,,Bekaa,LB2,BA
87818,Displacement due to conflict,Lebanon,LBN,North,LB5,Zgharta,LB57,93,2024-11-20T00:00:00,2024,11,64,Conflict,,,El Nabatieh,LB4,BA
85968,Displacement due to conflict,Lebanon,LBN,North,LB5,Tripoli,LB56,4019,2024-11-20T00:00:00,2024,11,64,Conflict,,,Beirut,LB1,BA
84751,Displacement due to conflict,Lebanon,LBN,North,LB5,El Koura,LB54,635,2024-11-20T00:00:00,2024,11,64,Conflict,,,Mount Lebanon,LB3,BA
90797,Displacement due to conflict,Lebanon,LBN,Mount Lebanon,LB3,Baabda,LB32,11304,2024-11-20T00:00:00,2024,11,64,Conflict,,,El Nabatieh,LB4,BA
89945,Displacement due to conflict,Lebanon,LBN,Mount Lebanon,LB3,Chouf,LB33,18934,2024-11-20T00:00:00,2024,11,64,Conflict,,,Mount Lebanon,LB3,BA
89493,Displacement due to conflict,Lebanon,LBN,North,LB5,El Koura,LB54,1209,2024-11-20T00:00:00,2024,11,64,Conflict,,,Baalbek-El Hermel,LB8,BA
88791,Displacement due to conflict,Lebanon,LBN,Bekaa,LB2,Zahle,LB25,19340,2024-11-20T00:00:00,2024,11,64,Conflict,,,Baalbek-El Hermel,LB8,BA
107921,Displacement due to conflict,Lebanon,LBN,North,LB5,El Koura,LB54,6397,2024-11-20T00:00:00,2024,11,64,Conflict,,,El Nabatieh,LB4,BA
106264,Displacement due to conflict,Lebanon,LBN,South,LB6,Jezzine,LB62,4351,2024-11-20T00:00:00,2024,11,64,Conflict,,,El Nabatieh,LB4,BA
111870,Displacement due to conflict,Lebanon,LBN,North,LB5,Bcharre,LB53,501,2024-11-20T00:00:00,2024,11,64,Conflict,,,South,LB6,BA
110275,Displacement due to conflict,Lebanon,LBN,Mount Lebanon,LB3,Kesrwane,LB35,7674,2024-11-20T00:00:00,2024,11,64,Conflict,,,South,LB6,BA
110509,Displacement due to conflict,Lebanon,LBN,Mount Lebanon,LB3,Kesrwane,LB35,3939,2024-11-20T00:00:00,2024,11,64,Conflict,,,Mount Lebanon,LB3,BA
99867,Displacement due to conflict,Lebanon,LBN,Mount Lebanon,LB3,Jbeil,LB34,11089,2024-11-20T00:00:00,2024,11,64,Conflict,,,El Nabatieh,LB4,BA
102478,Displacement due to conflict,Lebanon,LBN,North,LB5,El Koura,LB54,1252,2024-11-20T00:00:00,2024,11,64,Conflict,,,Beirut,LB1,BA
102981,Displacement due to conflict,Lebanon,LBN,Bekaa,LB2,West Bekaa,LB24,1413,2024-11-20T00:00:00,2024,11,64,Conflict,,,South,LB6,BA
103316,Displacement due to conflict,Lebanon,LBN,Mount Lebanon,LB3,Jbeil,LB34,20047,2024-11-20T00:00:00,2024,11,64,Conflict,,,Mount Lebanon,LB3,BA
128259,Displacement due to conflict,Lebanon,LBN,Beirut,LB1,Beirut,LB11,21336,2024-11-20T00:00:00,2024,11,64,Conflict,,,Mount Lebanon,LB3,BA
127676,Displacement due to conflict,Lebanon,LBN,Mount Lebanon,LB3,Chouf,LB33,69746,2024-11-20T00:00:00,2024,11,64,Conflict,,,El Nabatieh,LB4,BA
129156,Displacement due to conflict,Lebanon,LBN,North,LB5,El Minieh-Dennie,LB55,8068,2024-11-20T00:00:00,2024,11,64,Conflict,,,South,LB6,BA
129380,Displacement due to conflict,Lebanon,LBN,North,LB5,El Minieh-Dennie,LB55,1636,2024-11-20T00:00:00,2024,11,64,Conflict,,,Beirut,LB1,BA
130157,Displacement due to conflict,Lebanon,LBN,North,LB5,Tripoli,LB56,5645,2024-11-20T00:00:00,2024,11,64,Conflict,,,South,LB6,BA
139138,Displacement due to conflict,Lebanon,LBN,Mount Lebanon,LB3,Jbeil,LB34,6188,2024-11-20T00:00:00,2024,11,64,Conflict,,,South,LB6,BA
137530,Displacement due to conflict,Lebanon,LBN,Mount Lebanon,LB3,Jbeil,LB34,7,2024-11-20T00:00:00,2024,11,64,Conflict,,,Beirut,LB1,BA
138841,Displacement due to conflict,Lebanon,LBN,Baalbek-El Hermel,LB8,Baalbek,LB21,49844,2024-11-20T00:00:00,2024,11,64,Conflict,,,Baalbek-El Hermel,LB8,BA
133742,Displacement due to conflict,Lebanon,LBN,North,LB5,Bcharre,LB53,150,2024-11-20T00:00:00,2024,11,64,Conflict,,,Baalbek-El Hermel,LB8,BA
133561,Displacement due to conflict,Lebanon,LBN,South,LB6,Sour,LB63,6063,2024-11-20T00:00:00,2024,11,64,Conflict,,,South,LB6,BA
133452,Displacement due to conflict,Lebanon,LBN,Mount Lebanon,LB3,El Meten,LB36,7223,2024-11-20T00:00:00,2024,11,64,Conflict,,,Bekaa,LB2,BA
122950,Displacement due to conflict,Lebanon,LBN,Akkar,LB7,Akkar,LB51,10599,2024-11-20T00:00:00,2024,11,64,Conflict,,,Baalbek-El Hermel,LB8,BA
115972,Displacement due to conflict,Lebanon,LBN,Beirut,LB1,Beirut,LB11,79582,2024-11-20T00:00:00,2024,11,64,Conflict,,,El Nabatieh,LB4,BA
115724,Displacement due to conflict,Lebanon,LBN,North,LB5,Zgharta,LB57,189,2024-11-20T00:00:00,2024,11,64,Conflict,,,Baalbek-El Hermel,LB8,BA
115171,Displacement due to conflict,Lebanon,LBN,Mount Lebanon,LB3,Aley,LB31,16392,2024-11-20T00:00:00,2024,11,64,Conflict,,,South,LB6,BA
118921,Displacement due to conflict,Lebanon,LBN,Mount Lebanon,LB3,El Meten,LB36,9600,2024-11-20T00:00:00,2024,11,64,Conflict,,,South,LB6,BA
119412,Displacement due to conflict,Lebanon,LBN,Mount Lebanon,LB3,Baabda,LB32,2869,2024-11-20T00:00:00,2024,11,64,Conflict,,,Baalbek-El Hermel,LB8,BA
118097,Displacement due to conflict,Lebanon,LBN,North,LB5,El Batroun,LB52,367,2024-11-20T00:00:00,2024,11,64,Conflict,,,Mount Lebanon,LB3,BA
118651,Displacement due to conflict,Lebanon,LBN,Mount Lebanon,LB3,Jbeil,LB34,8,2024-11-24T00:00:00,2024,11,65,Conflict,,,Bekaa,LB2,BA
117898,Displacement due to conflict,Lebanon,LBN,Bekaa,LB2,Rachaya,LB23,1433,2024-11-24T00:00:00,2024,11,65,Conflict,,,El Nabatieh,LB4,BA
116796,Displacement due to conflict,Lebanon,LBN,Mount Lebanon,LB3,El Meten,LB36,10800,2024-11-24T00:00:00,2024,11,65,Conflict,,,Mount Lebanon,LB3,BA
115189,Displacement due to conflict,Lebanon,LBN,South,LB6,Jezzine,LB62,130,2024-11-24T00:00:00,2024,11,65,Conflict,,,Bekaa,LB2,BA
115727,Displacement due to conflict,Lebanon,LBN,North,LB5,Bcharre,LB53,89,2024-11-24T00:00:00,2024,11,65,Conflict,,,Beirut,LB1,BA
115562,Displacement due to conflict,Lebanon,LBN,North,LB5,El Minieh-Dennie,LB55,7830,2024-11-24T00:00:00,2024,11,65,Conflict,,,South,LB6,BA
112866,Displacement due to conflict,Lebanon,LBN,Baalbek-El Hermel,LB8,Baalbek,LB21,75,2024-11-24T00:00:00,2024,11,65,Conflict,,,El Nabatieh,LB4,BA
114482,Displacement due to conflict,Lebanon,LBN,Mount Lebanon,LB3,Chouf,LB33,64932,2024-11-24T00:00:00,2024,11,65,Conflict,,,South,LB6,BA
124084,Displacement due to conflict,Lebanon,LBN,North,LB5,Tripoli,LB56,4035,2024-11-24T00:00:00,2024,11,65,Conflict,,,Beirut,LB1,BA
126167,Displacement due to conflict,Lebanon,LBN,South,LB6,Sour,LB63,6168,2024-11-24T00:00:00,2024,11,65,Conflict,,,South,LB6,BA
122623,Displacement due to conflict,Lebanon,LBN,South,LB6,Jezzine,LB62,3646,2024-11-24T00:00:00,2024,11,65,Conflict,,,South,LB6,BA
121235,Displacement due to conflict,Lebanon,LBN,Bekaa,LB2,Rachaya,LB23,1540,2024-11-24T00:00:00,2024,11,65,Conflict,,,Bekaa,LB2,BA
119771,Displacement due to conflict,Lebanon,LBN,Mount Lebanon,LB3,Aley,LB31,16377,2024-11-24T00:00:00,2024,11,65,Conflict,,,South,LB6,BA
119820,Displacement due to conflict,Lebanon,LBN,North,LB5,El Batroun,LB52,5,2024-11-24T00:00:00,2024,11,65,Conflict,,,Bekaa,LB2,BA
120308,Displacement due to conflict,Lebanon,LBN,Mount Lebanon,LB3,Jbeil,LB34,6109,2024-11-24T00:00:00,2024,11,65,Conflict,,,South,LB6,BA
121097,Displacement due to conflict,Lebanon,LBN,North,LB5,El Koura,LB54,799,2024-11-24T00:00:00,2024,11,65,Conflict,,,Mount Lebanon,LB3,BA
133224,Displacement due to conflict,Lebanon,LBN,North,LB5,Bcharre,LB53,188,2024-11-24T00:00:00,2024,11,65,Conflict,,,Baalbek-El Hermel,LB8,BA
133743,Displacement due to conflict,Lebanon,LBN,Mount Lebanon,LB3,Chouf,LB33,989,2024-11-24T00:00:00,2024,11,65,Conflict,,,Beirut,LB1,BA
134881,Displacement due to conflict,Lebanon,LBN,Mount Lebanon,LB3,Jbeil,LB34,7,2024-11-24T00:00:00,2024,11,65,Conflict,,,Beirut,LB1,BA
139142,Displacement due to conflict,Lebanon,LBN,North,LB5,El Koura,LB54,3196,2024-11-24T00:00:00,2024,11,65,Conflict,,,South,LB6,BA
130225,Displacement due to conflict,Lebanon,LBN,Bekaa,LB2,Zahle,LB25,3432,2024-11-24T00:00:00,2024,11,65,Conflict,,,Beirut,LB1,BA
127681,Displacement due to conflict,Lebanon,LBN,Mount Lebanon,LB3,Aley,LB31,10,2024-11-24T00:00:00,2024,11,65,Conflict,,,Bekaa,LB2,BA
127082,Displacement due to conflict,Lebanon,LBN,North,LB5,Tripoli,LB56,3123,2024-11-24T00:00:00,2024,11,65,Conflict,,,El Nabatieh,LB4,BA
102935,Displacement due to conflict,Lebanon,LBN,Mount Lebanon,LB3,Kesrwane,LB35,1121,2024-11-24T00:00:00,2024,11,65,Conflict,,,Bekaa,LB2,BA
104648,Displacement due to conflict,Lebanon,LBN,Mount Lebanon,LB3,El Meten,LB36,6918,2024-11-24T00:00:00,2024,11,65,Conflict,,,Bekaa,LB2,BA
100527,Displacement due to conflict,Lebanon,LBN,Beirut,LB1,Beirut,LB11,37218,2024-11-24T00:00:00,2024,11,65,Conflict,,,South,LB6,BA
111367,Displacement due to conflict,Lebanon,LBN,Mount Lebanon,LB3,Aley,LB31,7656,2024-11-24T00:00:00,2024,11,65,Conflict,,,Baalbek-El Hermel,LB8,BA
111369,Displacement due to conflict,Lebanon,LBN,Mount Lebanon,LB3,Kesrwane,LB35,1166,2024-11-24T00:00:00,2024,11,65,Conflict,,,Beirut,LB1,BA
111358,Displacement due to conflict,Lebanon,LBN,Mount Lebanon,LB3,El Meten,LB36,17483,2024-11-24T00:00:00,2024,11,65,Conflict,,,El Nabatieh,LB4,BA
111403,Displacement due to conflict,Lebanon,LBN,South,LB6,Sour,LB63,2643,2024-11-24T00:00:00,2024,11,65,Conflict,,,El Nabatieh,LB4,BA
111615,Displacement due to conflict,Lebanon,LBN,Mount Lebanon,LB3,Jbeil,LB34,10905,2024-11-24T00:00:00,2024,11,65,Conflict,,,El Nabatieh,LB4,BA
112295,Displacement due to conflict,Lebanon,LBN,Mount Lebanon,LB3,Chouf,LB33,70679,2024-11-24T00:00:00,2024,11,65,Conflict,,,El Nabatieh,LB4,BA
106609,Displacement due to conflict,Lebanon,LBN,Akkar,LB7,Akkar,LB51,345,2024-11-24T00:00:00,2024,11,65,Conflict,,,Mount Lebanon,LB3,BA
106217,Displacement due to conflict,Lebanon,LBN,Mount Lebanon,LB3,Baabda,LB32,7308,2024-11-24T00:00:00,2024,11,65,Conflict,,,South,LB6,BA
107773,Displacement due to conflict,Lebanon,LBN,El Nabatieh,LB4,Hasbaya,LB42,2833,2024-11-24T00:00:00,2024,11,65,Conflict,,,El Nabatieh,LB4,BA
107025,Displacement due to conflict,Lebanon,LBN,North,LB5,El Koura,LB54,6495,2024-11-24T00:00:00,2024,11,65,Conflict,,,El Nabatieh,LB4,BA
88779,Displacement due to conflict,Lebanon,LBN,Mount Lebanon,LB3,Kesrwane,LB35,8591,2024-11-24T00:00:00,2024,11,65,Conflict,,,El Nabatieh,LB4,BA
90292,Displacement due to conflict,Lebanon,LBN,Bekaa,LB2,West Bekaa,LB24,512,2024-11-24T00:00:00,2024,11,65,Conflict,,,Baalbek-El Hermel,LB8,BA
85697,Displacement due to conflict,Lebanon,LBN,Mount Lebanon,LB3,Jbeil,LB34,20102,2024-11-24T00:00:00,2024,11,65,Conflict,,,Mount Lebanon,LB3,BA
88003,Displacement due to conflict,Lebanon,LBN,North,LB5,Tripoli,LB56,1606,2024-11-24T00:00:00,2024,11,65,Conflict,,,Mount Lebanon,LB3,BA
95818,Displacement due to conflict,Lebanon,LBN,Mount Lebanon,LB3,El Meten,LB36,11353,2024-11-24T00:00:00,2024,11,65,Conflict,,,South,LB6,BA
96909,Displacement due to conflict,Lebanon,LBN,Akkar,LB7,Akkar,LB51,8146,2024-11-24T00:00:00,2024,11,65,Conflict,,,Beirut,LB1,BA
72461,Displacement due to conflict,Lebanon,LBN,Beirut,LB1,Beirut,LB11,21237,2024-11-24T00:00:00,2024,11,65,Conflict,,,Mount Lebanon,LB3,BA
72257,Displacement due to conflict,Lebanon,LBN,Mount Lebanon,LB3,Baabda,LB32,11467,2024-11-24T00:00:00,2024,11,65,Conflict,,,El Nabatieh,LB4,BA
71853,Displacement due to conflict,Lebanon,LBN,North,LB5,El Batroun,LB52,41,2024-11-24T00:00:00,2024,11,65,Conflict,,,Baalbek-El Hermel,LB8,BA
72045,Displacement due to conflict,Lebanon,LBN,Mount Lebanon,LB3,Aley,LB31,4807,2024-11-24T00:00:00,2024,11,65,Conflict,,,Beirut,LB1,BA
74533,Displacement due to conflict,Lebanon,LBN,Bekaa,LB2,West Bekaa,LB24,1414,2024-11-24T00:00:00,2024,11,65,Conflict,,,South,LB6,BA
75734,Displacement due to conflict,Lebanon,LBN,Mount Lebanon,LB3,Baabda,LB32,7078,2024-11-24T00:00:00,2024,11,65,Conflict,,,Mount Lebanon,LB3,BA
75186,Displacement due to conflict,Lebanon,LBN,Akkar,LB7,Akkar,LB51,25360,2024-11-24T00:00:00,2024,11,65,Conflict,,,El Nabatieh,LB4,BA
77900,Displacement due to conflict,Lebanon,LBN,North,LB5,Zgharta,LB57,8628,2024-11-24T00:00:00,2024,11,65,Conflict,,,South,LB6,BA
78385,Displacement due to conflict,Lebanon,LBN,North,LB5,Tripoli,LB56,1127,2024-11-24T00:00:00,2024,11,65,Conflict,,,Baalbek-El Hermel,LB8,BA
78029,Displacement due to conflict,Lebanon,LBN,Mount Lebanon,LB3,Kesrwane,LB35,703,2024-11-24T00:00:00,2024,11,65,Conflict,,,Baalbek-El Hermel,LB8,BA
80752,Displacement due to conflict,Lebanon,LBN,Akkar,LB7,Akkar,LB51,20863,2024-11-24T00:00:00,2024,11,65,Conflict,,,South,LB6,BA
80281,Displacement due to conflict,Lebanon,LBN,North,LB5,El Koura,LB54,1158,2024-11-24T00:00:00,2024,11,65,Conflict,,,Beirut,LB1,BA
81550,Displacement due to conflict,Lebanon,LBN,Baalbek-El Hermel,LB8,Baalbek,LB21,52518,2024-11-24T00:00:00,2024,11,65,Conflict,,,Baalbek-El Hermel,LB8,BA
81333,Displacement due to conflict,Lebanon,LBN,Mount Lebanon,LB3,Baabda,LB32,141,2024-11-24T00:00:00,2024,11,65,Conflict,,,Bekaa,LB2,BA
83601,Displacement due to conflict,Lebanon,LBN,Mount Lebanon,LB3,Chouf,LB33,18948,2024-11-24T00:00:00,2024,11,65,Conflict,,,Mount Lebanon,LB3,BA
83294,Displacement due to conflict,Lebanon,LBN,Bekaa,LB2,Rachaya,LB23,813,2024-11-24T00:00:00,2024,11,65,Conflict,,,Baalbek-El Hermel,LB8,BA
83828,Displacement due to conflict,Lebanon,LBN,North,LB5,Zgharta,LB57,4947,2024-11-24T00:00:00,2024,11,65,Conflict,,,Beirut,LB1,BA
69032,Displacement due to conflict,Lebanon,LBN,Mount Lebanon,LB3,Baabda,LB32,432,2024-11-24T00:00:00,2024,11,65,Conflict,,,Beirut,LB1,BA
70122,Displacement due to conflict,Lebanon,LBN,Beirut,LB1,Beirut,LB11,79402,2024-11-24T00:00:00,2024,11,65,Conflict,,,El Nabatieh,LB4,BA
65018,Displacement due to conflict,Lebanon,LBN,El Nabatieh,LB4,Marjaayoun,LB43,182,2024-11-24T00:00:00,2024,11,65,Conflict,,,El Nabatieh,LB4,BA
64137,Displacement due to conflict,Lebanon,LBN,North,LB5,Bcharre,LB53,699,2024-11-24T00:00:00,2024,11,65,Conflict,,,El Nabatieh,LB4,BA
64480,Displacement due to conflict,Lebanon,LBN,North,LB5,El Batroun,LB52,391,2024-11-24T00:00:00,2024,11,65,Conflict,,,Mount Lebanon,LB3,BA
57410,Displacement due to conflict,Lebanon,LBN,Akkar,LB7,Akkar,LB51,10914,2024-11-24T00:00:00,2024,11,65,Conflict,,,Baalbek-El Hermel,LB8,BA
38104,Displacement due to conflict,Lebanon,LBN,North,LB5,Bcharre,LB53,507,2024-11-24T00:00:00,2024,11,65,Conflict,,,South,LB6,BA
37661,Displacement due to conflict,Lebanon,LBN,North,LB5,Zgharta,LB57,188,2024-11-24T00:00:00,2024,11,65,Conflict,,,Baalbek-El Hermel,LB8,BA
36246,Displacement due to conflict,Lebanon,LBN,South,LB6,Jezzine,LB62,4479,2024-11-24T00:00:00,2024,11,65,Conflict,,,El Nabatieh,LB4,BA
41507,Displacement due to conflict,Lebanon,LBN,Baalbek-El Hermel,LB8,El Hermel,LB22,450,2024-11-24T00:00:00,2024,11,65,Conflict,,,Baalbek-El Hermel,LB8,BA
40897,Displacement due to conflict,Lebanon,LBN,North,LB5,El Koura,LB54,1240,2024-11-24T00:00:00,2024,11,65,Conflict,,,Baalbek-El Hermel,LB8,BA
39499,Displacement due to conflict,Lebanon,LBN,North,LB5,El Minieh-Dennie,LB55,1627,2024-11-24T00:00:00,2024,11,65,Conflict,,,Beirut,LB1,BA
33220,Displacement due to conflict,Lebanon,LBN,Bekaa,LB2,Zahle,LB25,20110,2024-11-24T00:00:00,2024,11,65,Conflict,,,Baalbek-El Hermel,LB8,BA
35026,Displacement due to conflict,Lebanon,LBN,Bekaa,LB2,West Bekaa,LB24,13997,2024-11-24T00:00:00,2024,11,65,Conflict,,,El Nabatieh,LB4,BA
35509,Displacement due to conflict,Lebanon,LBN,El Nabatieh,LB4,Bent Jbeil,LB41,613,2024-11-24T00:00:00,2024,11,65,Conflict,,,El Nabatieh,LB4,BA
47750,Displacement due to conflict,Lebanon,LBN,North,LB5,Zgharta,LB57,94,2024-11-24T00:00:00,2024,11,65,Conflict,,,El Nabatieh,LB4,BA
47998,Displacement due to conflict,Lebanon,LBN,Bekaa,LB2,West Bekaa,LB24,2262,2024-11-24T00:00:00,2024,11,65,Conflict,,,Bekaa,LB2,BA
48422,Displacement due to conflict,Lebanon,LBN,Bekaa,LB2,Rachaya,LB23,40,2024-11-24T00:00:00,2024,11,65,Conflict,,,South,LB6,BA
43230,Displacement due to conflict,Lebanon,LBN,South,LB6,Saida,LB61,42460,2024-11-24T00:00:00,2024,11,65,Conflict,,,South,LB6,BA
44735,Displacement due to conflict,Lebanon,LBN,North,LB5,Tripoli,LB56,5691,2024-11-24T00:00:00,2024,11,65,Conflict,,,South,LB6,BA
52493,Displacement due to conflict,Lebanon,LBN,El Nabatieh,LB4,Hasbaya,LB42,64,2024-11-24T00:00:00,2024,11,65,Conflict,,,Bekaa,LB2,BA
54532,Displacement due to conflict,Lebanon,LBN,Mount Lebanon,LB3,Aley,LB31,27680,2024-11-24T00:00:00,2024,11,65,Conflict,,,Mount Lebanon,LB3,BA
7340,Displacement due to conflict,Lebanon,LBN,Mount Lebanon,LB3,El Meten,LB36,2287,2024-11-24T00:00:00,2024,11,65,Conflict,,,Baalbek-El Hermel,LB8,BA
3954,Displacement due to conflict,Lebanon,LBN,Mount Lebanon,LB3,Kesrwane,LB35,3686,2024-11-24T00:00:00,2024,11,65,Conflict,,,Mount Lebanon,LB3,BA
4583,Displacement due to conflict,Lebanon,LBN,North,LB5,El Batroun,LB52,2371,2024-11-24T00:00:00,2024,11,65,Conflict,,,El Nabatieh,LB4,BA
2032,Displacement due to conflict,Lebanon,LBN,Mount Lebanon,LB3,Aley,LB31,59267,2024-11-24T00:00:00,2024,11,65,Conflict,,,El Nabatieh,LB4,BA
2640,Displacement due to conflict,Lebanon,LBN,Mount Lebanon,LB3,Jbeil,LB34,5991,2024-11-24T00:00:00,2024,11,65,Conflict,,,Baalbek-El Hermel,LB8,BA
3501,Displacement due to conflict,Lebanon,LBN,North,LB5,El Batroun,LB52,3614,2024-11-24T00:00:00,2024,11,65,Conflict,,,South,LB6,BA
9703,Displacement due to conflict,Lebanon,LBN,North,LB5,El Batroun,LB52,495,2024-11-24T00:00:00,2024,11,65,Conflict,,,Beirut,LB1,BA
9569,Displacement due to conflict,Lebanon,LBN,Bekaa,LB2,Zahle,LB25,4197,2024-11-24T00:00:00,2024,11,65,Conflict,,,Bekaa,LB2,BA
10003,Displacement due to conflict,Lebanon,LBN,South,LB6,Saida,LB61,102,2024-11-24T00:00:00,2024,11,65,Conflict,,,Beirut,LB1,BA
13393,Displacement due to conflict,Lebanon,LBN,Mount Lebanon,LB3,Baabda,LB32,2590,2024-11-24T00:00:00,2024,11,65,Conflict,,,Baalbek-El Hermel,LB8,BA
22593,Displacement due to conflict,Lebanon,LBN,Akkar,LB7,Akkar,LB51,1863,2024-11-24T00:00:00,2024,11,65,Conflict,,,Bekaa,LB2,BA
22603,Displacement due to conflict,Lebanon,LBN,Mount Lebanon,LB3,Kesrwane,LB35,7744,2024-11-24T00:00:00,2024,11,65,Conflict,,,South,LB6,BA
21775,Displacement due to conflict,Lebanon,LBN,Bekaa,LB2,Rachaya,LB23,335,2024-11-24T00:00:00,2024,11,65,Conflict,,,Mount Lebanon,LB3,BA
23099,Displacement due to conflict,Lebanon,LBN,South,LB6,Saida,LB61,32023,2024-11-24T00:00:00,2024,11,65,Conflict,,,El Nabatieh,LB4,BA
26517,Displacement due to conflict,Lebanon,LBN,Bekaa,LB2,Zahle,LB25,5276,2024-11-24T00:00:00,2024,11,65,Conflict,,,El Nabatieh,LB4,BA
28253,Displacement due to conflict,Lebanon,LBN,North,LB5,El Minieh-Dennie,LB55,7987,2024-11-24T00:00:00,2024,11,65,Conflict,,,El Nabatieh,LB4,BA
28627,Displacement due to conflict,Lebanon,LBN,North,LB5,El Koura,LB54,8,2024-11-24T00:00:00,2024,11,65,Conflict,,,Bekaa,LB2,BA
16979,Displacement due to conflict,Lebanon,LBN,Baalbek-El Hermel,LB8,Baalbek,LB21,1660,2024-11-24T00:00:00,2024,11,65,Conflict,,,Beirut,LB1,BA
17464,Displacement due to conflict,Lebanon,LBN,Mount Lebanon,LB3,Chouf,LB33,464,2024-11-24T00:00:00,2024,11,65,Conflict,,,Bekaa,LB2,BA
19948,Displacement due to conflict,Lebanon,LBN,North,LB5,El Minieh-Dennie,LB55,3272,2024-11-24T00:00:00,2024,11,65,Conflict,,,Baalbek-El Hermel,LB8,BA
21711,Displacement due to conflict,Lebanon,LBN,El Nabatieh,LB4,El Nabatieh,LB44,242,2024-11-24T00:00:00,2024,11,65,Conflict,,,El Nabatieh,LB4,BA
18425,Displacement due to conflict,Lebanon,LBN,Mount Lebanon,LB3,Chouf,LB33,1478,2024-11-24T00:00:00,2024,11,65,Conflict,,,Baalbek-El Hermel,LB8,BA
18555,Displacement due to conflict,Lebanon,LBN,Beirut,LB1,Beirut,LB11,4712,2024-12-04T00:00:00,2024,12,66,Conflict,2309.0,2403.0,Mount Lebanon,LB3,BA
16705,Displacement due to conflict,Lebanon,LBN,Mount Lebanon,LB3,Jbeil,LB34,2694,2024-12-04T00:00:00,2024,12,66,Conflict,1317.0,1377.0,El Nabatieh,LB4,BA
15745,Displacement due to conflict,Lebanon,LBN,North,LB5,El Batroun,LB52,18,2024-12-04T00:00:00,2024,12,66,Conflict,9.0,9.0,Beirut,LB1,BA
14203,Displacement due to conflict,Lebanon,LBN,Mount Lebanon,LB3,Baabda,LB32,108,2024-12-04T00:00:00,2024,12,66,Conflict,53.0,55.0,Beirut,LB1,BA
26294,Displacement due to conflict,Lebanon,LBN,South,LB6,Saida,LB61,14420,2024-12-04T00:00:00,2024,12,66,Conflict,7066.0,7354.0,El Nabatieh,LB4,BA
25746,Displacement due to conflict,Lebanon,LBN,North,LB5,El Minieh-Dennie,LB55,335,2024-12-04T00:00:00,2024,12,66,Conflict,165.0,170.0,Baalbek-El Hermel,LB8,BA
22103,Displacement due to conflict,Lebanon,LBN,Mount Lebanon,LB3,El Meten,LB36,244,2024-12-04T00:00:00,2024,12,66,Conflict,119.0,125.0,Baalbek-El Hermel,LB8,BA
10960,Displacement due to conflict,Lebanon,LBN,Mount Lebanon,LB3,Baabda,LB32,1878,2024-12-04T00:00:00,2024,12,66,Conflict,923.0,955.0,South,LB6,BA
8619,Displacement due to conflict,Lebanon,LBN,North,LB5,Zgharta,LB57,88,2024-12-04T00:00:00,2024,12,66,Conflict,44.0,44.0,South,LB6,BA
2170,Displacement due to conflict,Lebanon,LBN,South,LB6,Sour,LB63,4355,2024-12-04T00:00:00,2024,12,66,Conflict,2136.0,2219.0,El Nabatieh,LB4,BA
2017,Displacement due to conflict,Lebanon,LBN,Mount Lebanon,LB3,Aley,LB31,692,2024-12-04T00:00:00,2024,12,66,Conflict,340.0,352.0,Beirut,LB1,BA
1078,Displacement due to conflict,Lebanon,LBN,Bekaa,LB2,West Bekaa,LB24,50,2024-12-04T00:00:00,2024,12,66,Conflict,25.0,25.0,Baalbek-El Hermel,LB8,BA
1130,Displacement due to conflict,Lebanon,LBN,North,LB5,El Koura,LB54,102,2024-12-04T00:00:00,2024,12,66,Conflict,50.0,52.0,Mount Lebanon,LB3,BA
5829,Displacement due to conflict,Lebanon,LBN,Bekaa,LB2,West Bekaa,LB24,154,2024-12-04T00:00:00,2024,12,66,Conflict,75.0,79.0,Bekaa,LB2,BA
6130,Displacement due to conflict,Lebanon,LBN,Mount Lebanon,LB3,Kesrwane,LB35,1518,2024-12-04T00:00:00,2024,12,66,Conflict,743.0,775.0,El Nabatieh,LB4,BA
6553,Displacement due to conflict,Lebanon,LBN,North,LB5,Bcharre,LB53,35,2024-12-04T00:00:00,2024,12,66,Conflict,17.0,18.0,Baalbek-El Hermel,LB8,BA
6746,Displacement due to conflict,Lebanon,LBN,Bekaa,LB2,Rachaya,LB23,226,2024-12-04T00:00:00,2024,12,66,Conflict,111.0,115.0,El Nabatieh,LB4,BA
53771,Displacement due to conflict,Lebanon,LBN,Mount Lebanon,LB3,Kesrwane,LB35,189,2024-12-04T00:00:00,2024,12,66,Conflict,93.0,96.0,Baalbek-El Hermel,LB8,BA
50684,Displacement due to conflict,Lebanon,LBN,Mount Lebanon,LB3,Kesrwane,LB35,8,2024-12-04T00:00:00,2024,12,66,Conflict,4.0,4.0,Bekaa,LB2,BA
50959,Displacement due to conflict,Lebanon,LBN,Mount Lebanon,LB3,El Meten,LB36,6878,2024-12-04T00:00:00,2024,12,66,Conflict,3371.0,3507.0,El Nabatieh,LB4,BA
44438,Displacement due to conflict,Lebanon,LBN,Mount Lebanon,LB3,Baabda,LB32,20,2024-12-04T00:00:00,2024,12,66,Conflict,10.0,10.0,Bekaa,LB2,BA
43967,Displacement due to conflict,Lebanon,LBN,Akkar,LB7,Akkar,LB51,1745,2024-12-04T00:00:00,2024,12,66,Conflict,854.0,891.0,South,LB6,BA
48996,Displacement due to conflict,Lebanon,LBN,Mount Lebanon,LB3,Jbeil,LB34,804,2024-12-04T00:00:00,2024,12,66,Conflict,394.0,410.0,Mount Lebanon,LB3,BA
49227,Displacement due to conflict,Lebanon,LBN,Bekaa,LB2,Rachaya,LB23,69,2024-12-04T00:00:00,2024,12,66,Conflict,34.0,35.0,Bekaa,LB2,BA
48858,Displacement due to conflict,Lebanon,LBN,Mount Lebanon,LB3,Baabda,LB32,2820,2024-12-04T00:00:00,2024,12,66,Conflict,1383.0,1437.0,El Nabatieh,LB4,BA
47527,Displacement due to conflict,Lebanon,LBN,El Nabatieh,LB4,Hasbaya,LB42,2647,2024-12-04T00:00:00,2024,12,66,Conflict,1300.0,1347.0,El Nabatieh,LB4,BA
47039,Displacement due to conflict,Lebanon,LBN,Mount Lebanon,LB3,Aley,LB31,1500,2024-12-04T00:00:00,2024,12,66,Conflict,735.0,765.0,Baalbek-El Hermel,LB8,BA
34431,Displacement due to conflict,Lebanon,LBN,North,LB5,Tripoli,LB56,743,2024-12-04T00:00:00,2024,12,66,Conflict,365.0,378.0,South,LB6,BA
30408,Displacement due to conflict,Lebanon,LBN,Beirut,LB1,Beirut,LB11,8739,2024-12-04T00:00:00,2024,12,66,Conflict,4281.0,4458.0,South,LB6,BA
29606,Displacement due to conflict,Lebanon,LBN,North,LB5,El Koura,LB54,1081,2024-12-04T00:00:00,2024,12,66,Conflict,528.0,553.0,South,LB6,BA
41519,Displacement due to conflict,Lebanon,LBN,Akkar,LB7,Akkar,LB51,17,2024-12-04T00:00:00,2024,12,66,Conflict,8.0,9.0,Bekaa,LB2,BA
37420,Displacement due to conflict,Lebanon,LBN,Mount Lebanon,LB3,Aley,LB31,4998,2024-12-04T00:00:00,2024,12,66,Conflict,2451.0,2547.0,South,LB6,BA
37449,Displacement due to conflict,Lebanon,LBN,El Nabatieh,LB4,El Nabatieh,LB44,9542,2024-12-04T00:00:00,2024,12,66,Conflict,4681.0,4861.0,El Nabatieh,LB4,BA
36496,Displacement due to conflict,Lebanon,LBN,North,LB5,Bcharre,LB53,220,2024-12-04T00:00:00,2024,12,66,Conflict,108.0,112.0,El Nabatieh,LB4,BA
38582,Displacement due to conflict,Lebanon,LBN,North,LB5,El Batroun,LB52,200,2024-12-04T00:00:00,2024,12,66,Conflict,98.0,102.0,South,LB6,BA
39037,Displacement due to conflict,Lebanon,LBN,El Nabatieh,LB4,Hasbaya,LB42,50,2024-12-04T00:00:00,2024,12,66,Conflict,25.0,25.0,Bekaa,LB2,BA
56379,Displacement due to conflict,Lebanon,LBN,Akkar,LB7,Akkar,LB51,586,2024-12-04T00:00:00,2024,12,66,Conflict,287.0,299.0,Baalbek-El Hermel,LB8,BA
58066,Displacement due to conflict,Lebanon,LBN,Mount Lebanon,LB3,Baabda,LB32,54,2024-12-04T00:00:00,2024,12,66,Conflict,26.0,28.0,Baalbek-El Hermel,LB8,BA
59487,Displacement due to conflict,Lebanon,LBN,North,LB5,Tripoli,LB56,225,2024-12-04T00:00:00,2024,12,66,Conflict,111.0,114.0,Mount Lebanon,LB3,BA
58672,Displacement due to conflict,Lebanon,LBN,Mount Lebanon,LB3,El Meten,LB36,79,2024-12-04T00:00:00,2024,12,66,Conflict,38.0,41.0,Bekaa,LB2,BA
62450,Displacement due to conflict,Lebanon,LBN,Bekaa,LB2,Zahle,LB25,150,2024-12-04T00:00:00,2024,12,66,Conflict,74.0,76.0,Beirut,LB1,BA
67663,Displacement due to conflict,Lebanon,LBN,North,LB5,Tripoli,LB56,397,2024-12-04T00:00:00,2024,12,66,Conflict,194.0,203.0,El Nabatieh,LB4,BA
66520,Displacement due to conflict,Lebanon,LBN,North,LB5,El Minieh-Dennie,LB55,325,2024-12-04T00:00:00,2024,12,66,Conflict,158.0,167.0,Beirut,LB1,BA
66564,Displacement due to conflict,Lebanon,LBN,Mount Lebanon,LB3,Aley,LB31,25545,2024-12-04T00:00:00,2024,12,66,Conflict,12518.0,13027.0,El Nabatieh,LB4,BA
66169,Displacement due to conflict,Lebanon,LBN,Bekaa,LB2,Rachaya,LB23,45,2024-12-04T00:00:00,2024,12,66,Conflict,22.0,23.0,South,LB6,BA
71305,Displacement due to conflict,Lebanon,LBN,South,LB6,Jezzine,LB62,298,2024-12-04T00:00:00,2024,12,66,Conflict,148.0,150.0,El Nabatieh,LB4,BA
70528,Displacement due to conflict,Lebanon,LBN,Akkar,LB7,Akkar,LB51,462,2024-12-04T00:00:00,2024,12,66,Conflict,226.0,236.0,Beirut,LB1,BA
83129,Displacement due to conflict,Lebanon,LBN,Mount Lebanon,LB3,Chouf,LB33,10044,2024-12-04T00:00:00,2024,12,66,Conflict,4918.0,5126.0,El Nabatieh,LB4,BA
81566,Displacement due to conflict,Lebanon,LBN,Mount Lebanon,LB3,Jbeil,LB34,1663,2024-12-04T00:00:00,2024,12,66,Conflict,815.0,848.0,South,LB6,BA
80851,Displacement due to conflict,Lebanon,LBN,South,LB6,Sour,LB63,8356,2024-12-04T00:00:00,2024,12,66,Conflict,4095.0,4261.0,South,LB6,BA
78346,Displacement due to conflict,Lebanon,LBN,North,LB5,Tripoli,LB56,106,2024-12-04T00:00:00,2024,12,66,Conflict,52.0,54.0,Beirut,LB1,BA
78492,Displacement due to conflict,Lebanon,LBN,Mount Lebanon,LB3,Jbeil,LB34,982,2024-12-04T00:00:00,2024,12,66,Conflict,481.0,501.0,Baalbek-El Hermel,LB8,BA
79145,Displacement due to conflict,Lebanon,LBN,Mount Lebanon,LB3,Chouf,LB33,576,2024-12-04T00:00:00,2024,12,66,Conflict,282.0,294.0,Mount Lebanon,LB3,BA
76861,Displacement due to conflict,Lebanon,LBN,Mount Lebanon,LB3,Kesrwane,LB35,126,2024-12-04T00:00:00,2024,12,66,Conflict,62.0,64.0,Beirut,LB1,BA
76536,Displacement due to conflict,Lebanon,LBN,El Nabatieh,LB4,Bent Jbeil,LB41,1626,2024-12-04T00:00:00,2024,12,66,Conflict,798.0,828.0,El Nabatieh,LB4,BA
71782,Displacement due to conflict,Lebanon,LBN,Bekaa,LB2,West Bekaa,LB24,1330,2024-12-04T00:00:00,2024,12,66,Conflict,653.0,677.0,El Nabatieh,LB4,BA
71466,Displacement due to conflict,Lebanon,LBN,North,LB5,Bcharre,LB53,8,2024-12-04T00:00:00,2024,12,66,Conflict,4.0,4.0,Beirut,LB1,BA
71510,Displacement due to conflict,Lebanon,LBN,Mount Lebanon,LB3,Chouf,LB33,153,2024-12-04T00:00:00,2024,12,66,Conflict,75.0,78.0,Beirut,LB1,BA
72743,Displacement due to conflict,Lebanon,LBN,Beirut,LB1,Beirut,LB11,18982,2024-12-04T00:00:00,2024,12,66,Conflict,9302.0,9680.0,El Nabatieh,LB4,BA
98135,Displacement due to conflict,Lebanon,LBN,Mount Lebanon,LB3,Baabda,LB32,1945,2024-12-04T00:00:00,2024,12,66,Conflict,952.0,993.0,Mount Lebanon,LB3,BA
87179,Displacement due to conflict,Lebanon,LBN,Bekaa,LB2,Zahle,LB25,1327,2024-12-04T00:00:00,2024,12,66,Conflict,653.0,674.0,El Nabatieh,LB4,BA
86860,Displacement due to conflict,Lebanon,LBN,South,LB6,Saida,LB61,72,2024-12-04T00:00:00,2024,12,66,Conflict,35.0,37.0,Beirut,LB1,BA
85439,Displacement due to conflict,Lebanon,LBN,Mount Lebanon,LB3,Chouf,LB33,5775,2024-12-04T00:00:00,2024,12,66,Conflict,2830.0,2945.0,South,LB6,BA
85340,Displacement due to conflict,Lebanon,LBN,North,LB5,Bcharre,LB53,117,2024-12-04T00:00:00,2024,12,66,Conflict,57.0,60.0,South,LB6,BA
90737,Displacement due to conflict,Lebanon,LBN,North,LB5,Zgharta,LB57,232,2024-12-04T00:00:00,2024,12,66,Conflict,114.0,118.0,El Nabatieh,LB4,BA
91648,Displacement due to conflict,Lebanon,LBN,Bekaa,LB2,Zahle,LB25,315,2024-12-04T00:00:00,2024,12,66,Conflict,155.0,160.0,Baalbek-El Hermel,LB8,BA
88861,Displacement due to conflict,Lebanon,LBN,El Nabatieh,LB4,Marjaayoun,LB43,174,2024-12-04T00:00:00,2024,12,66,Conflict,86.0,88.0,El Nabatieh,LB4,BA
89999,Displacement due to conflict,Lebanon,LBN,North,LB5,El Koura,LB54,768,2024-12-04T00:00:00,2024,12,66,Conflict,376.0,392.0,El Nabatieh,LB4,BA
106969,Displacement due to conflict,Lebanon,LBN,North,LB5,El Minieh-Dennie,LB55,916,2024-12-04T00:00:00,2024,12,66,Conflict,447.0,469.0,El Nabatieh,LB4,BA
111632,Displacement due to conflict,Lebanon,LBN,South,LB6,Saida,LB61,18051,2024-12-04T00:00:00,2024,12,66,Conflict,8845.0,9206.0,South,LB6,BA
110623,Displacement due to conflict,Lebanon,LBN,North,LB5,Tripoli,LB56,137,2024-12-04T00:00:00,2024,12,66,Conflict,67.0,70.0,Baalbek-El Hermel,LB8,BA
104289,Displacement due to conflict,Lebanon,LBN,Bekaa,LB2,Rachaya,LB23,139,2024-12-04T00:00:00,2024,12,66,Conflict,68.0,71.0,Baalbek-El Hermel,LB8,BA
105782,Displacement due to conflict,Lebanon,LBN,Bekaa,LB2,West Bekaa,LB24,17,2024-12-04T00:00:00,2024,12,66,Conflict,8.0,9.0,South,LB6,BA
102817,Displacement due to conflict,Lebanon,LBN,Baalbek-El Hermel,LB8,Baalbek,LB21,151,2024-12-04T00:00:00,2024,12,66,Conflict,74.0,77.0,Baalbek-El Hermel,LB8,BA
103925,Displacement due to conflict,Lebanon,LBN,Mount Lebanon,LB3,Aley,LB31,14989,2024-12-04T00:00:00,2024,12,66,Conflict,7342.0,7647.0,Mount Lebanon,LB3,BA
128424,Displacement due to conflict,Lebanon,LBN,North,LB5,El Batroun,LB52,18,2024-12-04T00:00:00,2024,12,66,Conflict,9.0,9.0,Baalbek-El Hermel,LB8,BA
133887,Displacement due to conflict,Lebanon,LBN,North,LB5,El Minieh-Dennie,LB55,745,2024-12-04T00:00:00,2024,12,66,Conflict,365.0,380.0,South,LB6,BA
132082,Displacement due to conflict,Lebanon,LBN,North,LB5,El Batroun,LB52,305,2024-12-04T00:00:00,2024,12,66,Conflict,148.0,157.0,El Nabatieh,LB4,BA
119803,Displacement due to conflict,Lebanon,LBN,Mount Lebanon,LB3,Kesrwane,LB35,839,2024-12-04T00:00:00,2024,12,66,Conflict,412.0,427.0,South,LB6,BA
119735,Displacement due to conflict,Lebanon,LBN,Mount Lebanon,LB3,El Meten,LB36,2795,2024-12-04T00:00:00,2024,12,66,Conflict,1369.0,1426.0,South,LB6,BA
121902,Displacement due to conflict,Lebanon,LBN,Mount Lebanon,LB3,Aley,LB31,53,2024-12-04T00:00:00,2024,12,66,Conflict,26.0,27.0,Bekaa,LB2,BA
114692,Displacement due to conflict,Lebanon,LBN,Mount Lebanon,LB3,Kesrwane,LB35,232,2024-12-04T00:00:00,2024,12,66,Conflict,113.0,119.0,Mount Lebanon,LB3,BA
115248,Displacement due to conflict,Lebanon,LBN,Mount Lebanon,LB3,El Meten,LB36,3366,2024-12-04T00:00:00,2024,12,66,Conflict,1649.0,1717.0,Mount Lebanon,LB3,BA
114870,Displacement due to conflict,Lebanon,LBN,Akkar,LB7,Akkar,LB51,11,2024-12-04T00:00:00,2024,12,66,Conflict,5.0,6.0,Mount Lebanon,LB3,BA
117482,Displacement due to conflict,Lebanon,LBN,Akkar,LB7,Akkar,LB51,2016,2024-12-04T00:00:00,2024,12,66,Conflict,987.0,1029.0,El Nabatieh,LB4,BA
118451,Displacement due to conflict,Lebanon,LBN,North,LB5,El Koura,LB54,45,2024-12-04T00:00:00,2024,12,66,Conflict,22.0,23.0,Baalbek-El Hermel,LB8,BA
118477,Displacement due to conflict,Lebanon,LBN,South,LB6,Jezzine,LB62,253,2024-12-04T00:00:00,2024,12,66,Conflict,124.0,129.0,South,LB6,BA
115825,Displacement due to conflict,Lebanon,LBN,North,LB5,Zgharta,LB57,50,2024-12-11T00:00:00,2024,12,67,Conflict,24.0,26.0,El Nabatieh,LB4,BA
121216,Displacement due to conflict,Lebanon,LBN,Mount Lebanon,LB3,Chouf,LB33,198,2024-12-11T00:00:00,2024,12,67,Conflict,95.0,103.0,Beirut,LB1,BA
126194,Displacement due to conflict,Lebanon,LBN,Mount Lebanon,LB3,Baabda,LB32,1700,2024-12-11T00:00:00,2024,12,67,Conflict,816.0,884.0,Mount Lebanon,LB3,BA
126033,Displacement due to conflict,Lebanon,LBN,El Nabatieh,LB4,Bent Jbeil,LB41,2252,2024-12-11T00:00:00,2024,12,67,Conflict,1082.0,1170.0,El Nabatieh,LB4,BA
124986,Displacement due to conflict,Lebanon,LBN,Beirut,LB1,Beirut,LB11,9270,2024-12-11T00:00:00,2024,12,67,Conflict,4449.0,4821.0,South,LB6,BA
124545,Displacement due to conflict,Lebanon,LBN,North,LB5,El Minieh-Dennie,LB55,335,2024-12-11T00:00:00,2024,12,67,Conflict,161.0,174.0,Baalbek-El Hermel,LB8,BA
123240,Displacement due to conflict,Lebanon,LBN,Mount Lebanon,LB3,Chouf,LB33,496,2024-12-11T00:00:00,2024,12,67,Conflict,238.0,258.0,Mount Lebanon,LB3,BA
132097,Displacement due to conflict,Lebanon,LBN,Bekaa,LB2,Zahle,LB25,350,2024-12-11T00:00:00,2024,12,67,Conflict,168.0,182.0,Baalbek-El Hermel,LB8,BA
137446,Displacement due to conflict,Lebanon,LBN,North,LB5,El Koura,LB54,318,2024-12-11T00:00:00,2024,12,67,Conflict,153.0,165.0,El Nabatieh,LB4,BA
140546,Displacement due to conflict,Lebanon,LBN,Bekaa,LB2,West Bekaa,LB24,525,2024-12-11T00:00:00,2024,12,67,Conflict,253.0,272.0,El Nabatieh,LB4,BA
128281,Displacement due to conflict,Lebanon,LBN,North,LB5,Zgharta,LB57,330,2024-12-11T00:00:00,2024,12,67,Conflict,158.0,172.0,South,LB6,BA
128594,Displacement due to conflict,Lebanon,LBN,Baalbek-El Hermel,LB8,Baalbek,LB21,106,2024-12-11T00:00:00,2024,12,67,Conflict,51.0,55.0,South,LB6,BA
130322,Displacement due to conflict,Lebanon,LBN,Baalbek-El Hermel,LB8,Baalbek,LB21,475,2024-12-11T00:00:00,2024,12,67,Conflict,228.0,247.0,Beirut,LB1,BA
127003,Displacement due to conflict,Lebanon,LBN,Mount Lebanon,LB3,Chouf,LB33,7568,2024-12-11T00:00:00,2024,12,67,Conflict,3632.0,3936.0,El Nabatieh,LB4,BA
127271,Displacement due to conflict,Lebanon,LBN,Mount Lebanon,LB3,Kesrwane,LB35,123,2024-12-11T00:00:00,2024,12,67,Conflict,59.0,64.0,Beirut,LB1,BA
103505,Displacement due to conflict,Lebanon,LBN,Mount Lebanon,LB3,Jbeil,LB34,191,2024-12-11T00:00:00,2024,12,67,Conflict,92.0,99.0,Baalbek-El Hermel,LB8,BA
102775,Displacement due to conflict,Lebanon,LBN,Akkar,LB7,Akkar,LB51,1499,2024-12-11T00:00:00,2024,12,67,Conflict,722.0,777.0,El Nabatieh,LB4,BA
104295,Displacement due to conflict,Lebanon,LBN,North,LB5,El Minieh-Dennie,LB55,593,2024-12-11T00:00:00,2024,12,67,Conflict,284.0,309.0,El Nabatieh,LB4,BA
104709,Displacement due to conflict,Lebanon,LBN,Mount Lebanon,LB3,Baabda,LB32,1323,2024-12-11T00:00:00,2024,12,67,Conflict,635.0,688.0,El Nabatieh,LB4,BA
100875,Displacement due to conflict,Lebanon,LBN,South,LB6,Saida,LB61,72,2024-12-11T00:00:00,2024,12,67,Conflict,35.0,37.0,Beirut,LB1,BA
111259,Displacement due to conflict,Lebanon,LBN,Bekaa,LB2,Rachaya,LB23,36,2024-12-11T00:00:00,2024,12,67,Conflict,17.0,19.0,Bekaa,LB2,BA
109198,Displacement due to conflict,Lebanon,LBN,Mount Lebanon,LB3,Aley,LB31,130,2024-12-11T00:00:00,2024,12,67,Conflict,63.0,67.0,Beirut,LB1,BA
108370,Displacement due to conflict,Lebanon,LBN,North,LB5,El Koura,LB54,193,2024-12-11T00:00:00,2024,12,67,Conflict,93.0,100.0,Baalbek-El Hermel,LB8,BA
89867,Displacement due to conflict,Lebanon,LBN,North,LB5,El Batroun,LB52,18,2024-12-11T00:00:00,2024,12,67,Conflict,9.0,9.0,Baalbek-El Hermel,LB8,BA
89056,Displacement due to conflict,Lebanon,LBN,North,LB5,Bcharre,LB53,11,2024-12-11T00:00:00,2024,12,67,Conflict,5.0,6.0,Beirut,LB1,BA
91253,Displacement due to conflict,Lebanon,LBN,South,LB6,Jezzine,LB62,89,2024-12-11T00:00:00,2024,12,67,Conflict,43.0,46.0,South,LB6,BA
90536,Displacement due to conflict,Lebanon,LBN,North,LB5,El Koura,LB54,52,2024-12-11T00:00:00,2024,12,67,Conflict,25.0,27.0,Mount Lebanon,LB3,BA
85692,Displacement due to conflict,Lebanon,LBN,Mount Lebanon,LB3,El Meten,LB36,245,2024-12-11T00:00:00,2024,12,67,Conflict,118.0,127.0,Baalbek-El Hermel,LB8,BA
86719,Displacement due to conflict,Lebanon,LBN,Mount Lebanon,LB3,El Meten,LB36,1951,2024-12-11T00:00:00,2024,12,67,Conflict,934.0,1017.0,South,LB6,BA
97742,Displacement due to conflict,Lebanon,LBN,Mount Lebanon,LB3,Baabda,LB32,58,2024-12-11T00:00:00,2024,12,67,Conflict,28.0,30.0,Beirut,LB1,BA
95560,Displacement due to conflict,Lebanon,LBN,Mount Lebanon,LB3,El Meten,LB36,2546,2024-12-11T00:00:00,2024,12,67,Conflict,1221.0,1325.0,Mount Lebanon,LB3,BA
93617,Displacement due to conflict,Lebanon,LBN,Mount Lebanon,LB3,Baabda,LB32,1159,2024-12-11T00:00:00,2024,12,67,Conflict,556.0,603.0,South,LB6,BA
94904,Displacement due to conflict,Lebanon,LBN,Mount Lebanon,LB3,Aley,LB31,30,2024-12-11T00:00:00,2024,12,67,Conflict,14.0,16.0,Bekaa,LB2,BA
79197,Displacement due to conflict,Lebanon,LBN,El Nabatieh,LB4,El Nabatieh,LB44,10581,2024-12-11T00:00:00,2024,12,67,Conflict,5078.0,5503.0,El Nabatieh,LB4,BA
83067,Displacement due to conflict,Lebanon,LBN,North,LB5,Tripoli,LB56,142,2024-12-11T00:00:00,2024,12,67,Conflict,68.0,74.0,Baalbek-El Hermel,LB8,BA
84318,Displacement due to conflict,Lebanon,LBN,Mount Lebanon,LB3,Kesrwane,LB35,113,2024-12-11T00:00:00,2024,12,67,Conflict,53.0,60.0,Mount Lebanon,LB3,BA
84534,Displacement due to conflict,Lebanon,LBN,Mount Lebanon,LB3,Jbeil,LB34,542,2024-12-11T00:00:00,2024,12,67,Conflict,261.0,281.0,El Nabatieh,LB4,BA
70789,Displacement due to conflict,Lebanon,LBN,North,LB5,El Koura,LB54,646,2024-12-11T00:00:00,2024,12,67,Conflict,311.0,335.0,South,LB6,BA
71363,Displacement due to conflict,Lebanon,LBN,Mount Lebanon,LB3,Aley,LB31,26523,2024-12-11T00:00:00,2024,12,67,Conflict,12731.0,13792.0,El Nabatieh,LB4,BA
69957,Displacement due to conflict,Lebanon,LBN,North,LB5,El Minieh-Dennie,LB55,109,2024-12-11T00:00:00,2024,12,67,Conflict,52.0,57.0,Beirut,LB1,BA
69587,Displacement due to conflict,Lebanon,LBN,North,LB5,El Minieh-Dennie,LB55,135,2024-12-11T00:00:00,2024,12,67,Conflict,64.0,71.0,South,LB6,BA
69132,Displacement due to conflict,Lebanon,LBN,Baalbek-El Hermel,LB8,Baalbek,LB21,122,2024-12-11T00:00:00,2024,12,67,Conflict,59.0,63.0,El Nabatieh,LB4,BA
68277,Displacement due to conflict,Lebanon,LBN,Mount Lebanon,LB3,El Meten,LB36,49,2024-12-11T00:00:00,2024,12,67,Conflict,23.0,26.0,Bekaa,LB2,BA
64905,Displacement due to conflict,Lebanon,LBN,South,LB6,Saida,LB61,16551,2024-12-11T00:00:00,2024,12,67,Conflict,7946.0,8605.0,South,LB6,BA
61758,Displacement due to conflict,Lebanon,LBN,Beirut,LB1,Beirut,LB11,5449,2024-12-11T00:00:00,2024,12,67,Conflict,2615.0,2834.0,Mount Lebanon,LB3,BA
62870,Displacement due to conflict,Lebanon,LBN,Bekaa,LB2,Zahle,LB25,503,2024-12-11T00:00:00,2024,12,67,Conflict,241.0,262.0,El Nabatieh,LB4,BA
60496,Displacement due to conflict,Lebanon,LBN,El Nabatieh,LB4,Hasbaya,LB42,48,2024-12-11T00:00:00,2024,12,67,Conflict,23.0,25.0,Bekaa,LB2,BA
59218,Displacement due to conflict,Lebanon,LBN,Bekaa,LB2,West Bekaa,LB24,50,2024-12-11T00:00:00,2024,12,67,Conflict,24.0,26.0,Baalbek-El Hermel,LB8,BA
37994,Displacement due to conflict,Lebanon,LBN,North,LB5,Tripoli,LB56,436,2024-12-11T00:00:00,2024,12,67,Conflict,208.0,228.0,South,LB6,BA
42000,Displacement due to conflict,Lebanon,LBN,Mount Lebanon,LB3,El Meten,LB36,5687,2024-12-11T00:00:00,2024,12,67,Conflict,2727.0,2960.0,El Nabatieh,LB4,BA
39938,Displacement due to conflict,Lebanon,LBN,Akkar,LB7,Akkar,LB51,33,2024-12-11T00:00:00,2024,12,67,Conflict,15.0,18.0,Mount Lebanon,LB3,BA
30202,Displacement due to conflict,Lebanon,LBN,Mount Lebanon,LB3,Kesrwane,LB35,415,2024-12-11T00:00:00,2024,12,67,Conflict,200.0,215.0,South,LB6,BA
29953,Displacement due to conflict,Lebanon,LBN,Baalbek-El Hermel,LB8,Baalbek,LB21,157,2024-12-11T00:00:00,2024,12,67,Conflict,76.0,81.0,Baalbek-El Hermel,LB8,BA
31046,Displacement due to conflict,Lebanon,LBN,Mount Lebanon,LB3,Kesrwane,LB35,11,2024-12-11T00:00:00,2024,12,67,Conflict,5.0,6.0,Baalbek-El Hermel,LB8,BA
35262,Displacement due to conflict,Lebanon,LBN,North,LB5,Bcharre,LB53,4,2024-12-11T00:00:00,2024,12,67,Conflict,2.0,2.0,El Nabatieh,LB4,BA
33212,Displacement due to conflict,Lebanon,LBN,Mount Lebanon,LB3,Baabda,LB32,20,2024-12-11T00:00:00,2024,12,67,Conflict,10.0,10.0,Bekaa,LB2,BA
32495,Displacement due to conflict,Lebanon,LBN,North,LB5,Tripoli,LB56,82,2024-12-11T00:00:00,2024,12,67,Conflict,39.0,43.0,Beirut,LB1,BA
48025,Displacement due to conflict,Lebanon,LBN,Mount Lebanon,LB3,Jbeil,LB34,419,2024-12-11T00:00:00,2024,12,67,Conflict,201.0,218.0,South,LB6,BA
43259,Displacement due to conflict,Lebanon,LBN,North,LB5,Zgharta,LB57,75,2024-12-11T00:00:00,2024,12,67,Conflict,36.0,39.0,Baalbek-El Hermel,LB8,BA
42973,Displacement due to conflict,Lebanon,LBN,Beirut,LB1,Beirut,LB11,14515,2024-12-11T00:00:00,2024,12,67,Conflict,6967.0,7548.0,El Nabatieh,LB4,BA
50763,Displacement due to conflict,Lebanon,LBN,El Nabatieh,LB4,Marjaayoun,LB43,156,2024-12-11T00:00:00,2024,12,67,Conflict,75.0,81.0,El Nabatieh,LB4,BA
50256,Displacement due to conflict,Lebanon,LBN,North,LB5,El Batroun,LB52,173,2024-12-11T00:00:00,2024,12,67,Conflict,82.0,91.0,El Nabatieh,LB4,BA
53845,Displacement due to conflict,Lebanon,LBN,Bekaa,LB2,Rachaya,LB23,431,2024-12-11T00:00:00,2024,12,67,Conflict,208.0,223.0,El Nabatieh,LB4,BA
56304,Displacement due to conflict,Lebanon,LBN,Akkar,LB7,Akkar,LB51,28,2024-12-11T00:00:00,2024,12,67,Conflict,13.0,15.0,Bekaa,LB2,BA
54616,Displacement due to conflict,Lebanon,LBN,South,LB6,Saida,LB61,200,2024-12-11T00:00:00,2024,12,67,Conflict,96.0,104.0,Mount Lebanon,LB3,BA
6204,Displacement due to conflict,Lebanon,LBN,Akkar,LB7,Akkar,LB51,503,2024-12-11T00:00:00,2024,12,67,Conflict,242.0,261.0,Baalbek-El Hermel,LB8,BA
2639,Displacement due to conflict,Lebanon,LBN,North,LB5,El Batroun,LB52,137,2024-12-11T00:00:00,2024,12,67,Conflict,66.0,71.0,South,LB6,BA
3535,Displacement due to conflict,Lebanon,LBN,Mount Lebanon,LB3,Kesrwane,LB35,1144,2024-12-11T00:00:00,2024,12,67,Conflict,548.0,596.0,El Nabatieh,LB4,BA
9086,Displacement due to conflict,Lebanon,LBN,South,LB6,Sour,LB63,9292,2024-12-11T00:00:00,2024,12,67,Conflict,4460.0,4832.0,South,LB6,BA
8240,Displacement due to conflict,Lebanon,LBN,South,LB6,Jezzine,LB62,388,2024-12-11T00:00:00,2024,12,67,Conflict,185.0,203.0,El Nabatieh,LB4,BA
11001,Displacement due to conflict,Lebanon,LBN,Akkar,LB7,Akkar,LB51,280,2024-12-11T00:00:00,2024,12,67,Conflict,134.0,146.0,Beirut,LB1,BA
12925,Displacement due to conflict,Lebanon,LBN,Mount Lebanon,LB3,Aley,LB31,5,2024-12-11T00:00:00,2024,12,67,Conflict,2.0,3.0,Baalbek-El Hermel,LB8,BA
21797,Displacement due to conflict,Lebanon,LBN,Bekaa,LB2,Rachaya,LB23,10,2024-12-11T00:00:00,2024,12,67,Conflict,5.0,5.0,South,LB6,BA
23142,Displacement due to conflict,Lebanon,LBN,Mount Lebanon,LB3,Aley,LB31,14810,2024-12-11T00:00:00,2024,12,67,Conflict,7107.0,7703.0,Mount Lebanon,LB3,BA
25749,Displacement due to conflict,Lebanon,LBN,North,LB5,Tripoli,LB56,429,2024-12-11T00:00:00,2024,12,67,Conflict,205.0,224.0,El Nabatieh,LB4,BA
26252,Displacement due to conflict,Lebanon,LBN,Mount Lebanon,LB3,Chouf,LB33,4842,2024-12-11T00:00:00,2024,12,67,Conflict,2325.0,2517.0,South,LB6,BA
26132,Displacement due to conflict,Lebanon,LBN,El Nabatieh,LB4,Hasbaya,LB42,2629,2024-12-11T00:00:00,2024,12,67,Conflict,1263.0,1366.0,El Nabatieh,LB4,BA
26951,Displacement due to conflict,Lebanon,LBN,Mount Lebanon,LB3,Jbeil,LB34,726,2024-12-11T00:00:00,2024,12,67,Conflict,348.0,378.0,Mount Lebanon,LB3,BA
28956,Displacement due to conflict,Lebanon,LBN,Akkar,LB7,Akkar,LB51,813,2024-12-11T00:00:00,2024,12,67,Conflict,389.0,424.0,South,LB6,BA
28222,Displacement due to conflict,Lebanon,LBN,South,LB6,Sour,LB63,5049,2024-12-11T00:00:00,2024,12,67,Conflict,2424.0,2625.0,El Nabatieh,LB4,BA
15782,Displacement due to conflict,Lebanon,LBN,North,LB5,Tripoli,LB56,45,2024-12-11T00:00:00,2024,12,67,Conflict,22.0,23.0,Mount Lebanon,LB3,BA
16007,Displacement due to conflict,Lebanon,LBN,Bekaa,LB2,West Bekaa,LB24,206,2024-12-11T00:00:00,2024,12,67,Conflict,99.0,107.0,Bekaa,LB2,BA
17333,Displacement due to conflict,Lebanon,LBN,Mount Lebanon,LB3,Aley,LB31,1661,2024-12-11T00:00:00,2024,12,67,Conflict,797.0,864.0,South,LB6,BA
17509,Displacement due to conflict,Lebanon,LBN,South,LB6,Saida,LB61,16859,2024-12-11T00:00:00,2024,12,67,Conflict,8090.0,8769.0,El Nabatieh,LB4,BA
20912,Displacement due to conflict,Lebanon,LBN,North,LB5,El Batroun,LB52,18,2024-12-11T00:00:00,2024,12,67,Conflict,9.0,9.0,Beirut,LB1,BA
20806,Displacement due to conflict,Lebanon,LBN,Mount Lebanon,LB3,Baabda,LB32,274,2024-12-11T00:00:00,2024,12,67,Conflict,131.0,143.0,Baalbek-El Hermel,LB8,BA
18256,Displacement due to conflict,Lebanon,LBN,El Nabatieh,LB4,Hasbaya,LB42,2290,2024-12-18T00:00:00,2024,12,68,Conflict,1099.0,1191.0,El Nabatieh,LB4,BA
15260,Displacement due to conflict,Lebanon,LBN,Mount Lebanon,LB3,Aley,LB31,8895,2024-12-18T00:00:00,2024,12,68,Conflict,4270.0,4625.0,Mount Lebanon,LB3,BA
15105,Displacement due to conflict,Lebanon,LBN,Akkar,LB7,Akkar,LB51,7,2024-12-18T00:00:00,2024,12,68,Conflict,3.0,4.0,Mount Lebanon,LB3,BA
28826,Displacement due to conflict,Lebanon,LBN,North,LB5,Bcharre,LB53,15,2024-12-18T00:00:00,2024,12,68,Conflict,7.0,8.0,Baalbek-El Hermel,LB8,BA
28475,Displacement due to conflict,Lebanon,LBN,South,LB6,Saida,LB61,200,2024-12-18T00:00:00,2024,12,68,Conflict,96.0,104.0,Mount Lebanon,LB3,BA
28526,Displacement due to conflict,Lebanon,LBN,Mount Lebanon,LB3,El Meten,LB36,5300,2024-12-18T00:00:00,2024,12,68,Conflict,2544.0,2756.0,El Nabatieh,LB4,BA
26921,Displacement due to conflict,Lebanon,LBN,Akkar,LB7,Akkar,LB51,24,2024-12-18T00:00:00,2024,12,68,Conflict,12.0,12.0,Bekaa,LB2,BA
25933,Displacement due to conflict,Lebanon,LBN,Mount Lebanon,LB3,Baabda,LB32,20,2024-12-18T00:00:00,2024,12,68,Conflict,10.0,10.0,Bekaa,LB2,BA
23318,Displacement due to conflict,Lebanon,LBN,Mount Lebanon,LB3,Baabda,LB32,198,2024-12-18T00:00:00,2024,12,68,Conflict,95.0,103.0,Baalbek-El Hermel,LB8,BA
12409,Displacement due to conflict,Lebanon,LBN,Mount Lebanon,LB3,El Meten,LB36,1629,2024-12-18T00:00:00,2024,12,68,Conflict,782.0,847.0,South,LB6,BA
12465,Displacement due to conflict,Lebanon,LBN,Bekaa,LB2,West Bekaa,LB24,187,2024-12-18T00:00:00,2024,12,68,Conflict,90.0,97.0,Bekaa,LB2,BA
12384,Displacement due to conflict,Lebanon,LBN,Mount Lebanon,LB3,Jbeil,LB34,56,2024-12-18T00:00:00,2024,12,68,Conflict,27.0,29.0,Baalbek-El Hermel,LB8,BA
8940,Displacement due to conflict,Lebanon,LBN,North,LB5,Zgharta,LB57,45,2024-12-18T00:00:00,2024,12,68,Conflict,22.0,23.0,Baalbek-El Hermel,LB8,BA
9275,Displacement due to conflict,Lebanon,LBN,Akkar,LB7,Akkar,LB51,573,2024-12-18T00:00:00,2024,12,68,Conflict,273.0,300.0,South,LB6,BA
9960,Displacement due to conflict,Lebanon,LBN,North,LB5,El Batroun,LB52,14,2024-12-18T00:00:00,2024,12,68,Conflict,7.0,7.0,Beirut,LB1,BA
10313,Displacement due to conflict,Lebanon,LBN,North,LB5,El Batroun,LB52,158,2024-12-18T00:00:00,2024,12,68,Conflict,75.0,83.0,El Nabatieh,LB4,BA
9759,Displacement due to conflict,Lebanon,LBN,North,LB5,Tripoli,LB56,94,2024-12-18T00:00:00,2024,12,68,Conflict,45.0,49.0,El Nabatieh,LB4,BA
3392,Displacement due to conflict,Lebanon,LBN,North,LB5,Tripoli,LB56,15,2024-12-18T00:00:00,2024,12,68,Conflict,7.0,8.0,Beirut,LB1,BA
3762,Displacement due to conflict,Lebanon,LBN,North,LB5,El Minieh-Dennie,LB55,89,2024-12-18T00:00:00,2024,12,68,Conflict,43.0,46.0,Beirut,LB1,BA
81,Displacement due to conflict,Lebanon,LBN,Baalbek-El Hermel,LB8,Baalbek,LB21,313,2024-12-18T00:00:00,2024,12,68,Conflict,150.0,163.0,Baalbek-El Hermel,LB8,BA
313,Displacement due to conflict,Lebanon,LBN,Bekaa,LB2,Rachaya,LB23,100,2024-12-18T00:00:00,2024,12,68,Conflict,48.0,52.0,Baalbek-El Hermel,LB8,BA
1369,Displacement due to conflict,Lebanon,LBN,Mount Lebanon,LB3,El Meten,LB36,2687,2024-12-18T00:00:00,2024,12,68,Conflict,1290.0,1397.0,Mount Lebanon,LB3,BA
5491,Displacement due to conflict,Lebanon,LBN,Mount Lebanon,LB3,Baabda,LB32,924,2024-12-18T00:00:00,2024,12,68,Conflict,443.0,481.0,South,LB6,BA
55907,Displacement due to conflict,Lebanon,LBN,Mount Lebanon,LB3,Jbeil,LB34,110,2024-12-18T00:00:00,2024,12,68,Conflict,52.0,58.0,South,LB6,BA
56002,Displacement due to conflict,Lebanon,LBN,South,LB6,Saida,LB61,16256,2024-12-18T00:00:00,2024,12,68,Conflict,7802.0,8454.0,El Nabatieh,LB4,BA
53802,Displacement due to conflict,Lebanon,LBN,Beirut,LB1,Beirut,LB11,4109,2024-12-18T00:00:00,2024,12,68,Conflict,1972.0,2137.0,Mount Lebanon,LB3,BA
53624,Displacement due to conflict,Lebanon,LBN,Mount Lebanon,LB3,Kesrwane,LB35,871,2024-12-18T00:00:00,2024,12,68,Conflict,417.0,454.0,El Nabatieh,LB4,BA
50963,Displacement due to conflict,Lebanon,LBN,Mount Lebanon,LB3,Baabda,LB32,19,2024-12-18T00:00:00,2024,12,68,Conflict,9.0,10.0,Beirut,LB1,BA
42655,Displacement due to conflict,Lebanon,LBN,North,LB5,Zgharta,LB57,305,2024-12-18T00:00:00,2024,12,68,Conflict,146.0,159.0,El Nabatieh,LB4,BA
43244,Displacement due to conflict,Lebanon,LBN,North,LB5,El Koura,LB54,126,2024-12-18T00:00:00,2024,12,68,Conflict,60.0,66.0,Baalbek-El Hermel,LB8,BA
43136,Displacement due to conflict,Lebanon,LBN,Akkar,LB7,Akkar,LB51,883,2024-12-18T00:00:00,2024,12,68,Conflict,425.0,458.0,El Nabatieh,LB4,BA
43050,Displacement due to conflict,Lebanon,LBN,Akkar,LB7,Akkar,LB51,211,2024-12-18T00:00:00,2024,12,68,Conflict,100.0,111.0,Beirut,LB1,BA
45673,Displacement due to conflict,Lebanon,LBN,El Nabatieh,LB4,Marjaayoun,LB43,153,2024-12-18T00:00:00,2024,12,68,Conflict,74.0,79.0,El Nabatieh,LB4,BA
32619,Displacement due to conflict,Lebanon,LBN,Bekaa,LB2,Rachaya,LB23,330,2024-12-18T00:00:00,2024,12,68,Conflict,159.0,171.0,El Nabatieh,LB4,BA
29330,Displacement due to conflict,Lebanon,LBN,North,LB5,El Batroun,LB52,88,2024-12-18T00:00:00,2024,12,68,Conflict,42.0,46.0,South,LB6,BA
37719,Displacement due to conflict,Lebanon,LBN,North,LB5,El Koura,LB54,253,2024-12-18T00:00:00,2024,12,68,Conflict,122.0,131.0,El Nabatieh,LB4,BA
36377,Displacement due to conflict,Lebanon,LBN,Mount Lebanon,LB3,Kesrwane,LB35,123,2024-12-18T00:00:00,2024,12,68,Conflict,59.0,64.0,Beirut,LB1,BA
36364,Displacement due to conflict,Lebanon,LBN,Bekaa,LB2,West Bekaa,LB24,315,2024-12-18T00:00:00,2024,12,68,Conflict,151.0,164.0,El Nabatieh,LB4,BA
36071,Displacement due to conflict,Lebanon,LBN,Bekaa,LB2,Zahle,LB25,714,2024-12-18T00:00:00,2024,12,68,Conflict,342.0,372.0,El Nabatieh,LB4,BA
64186,Displacement due to conflict,Lebanon,LBN,North,LB5,El Koura,LB54,571,2024-12-18T00:00:00,2024,12,68,Conflict,274.0,297.0,South,LB6,BA
64055,Displacement due to conflict,Lebanon,LBN,South,LB6,Jezzine,LB62,98,2024-12-18T00:00:00,2024,12,68,Conflict,47.0,51.0,South,LB6,BA
63946,Displacement due to conflict,Lebanon,LBN,Mount Lebanon,LB3,Kesrwane,LB35,105,2024-12-18T00:00:00,2024,12,68,Conflict,50.0,55.0,Mount Lebanon,LB3,BA
69888,Displacement due to conflict,Lebanon,LBN,North,LB5,El Minieh-Dennie,LB55,90,2024-12-18T00:00:00,2024,12,68,Conflict,44.0,46.0,Baalbek-El Hermel,LB8,BA
82009,Displacement due to conflict,Lebanon,LBN,North,LB5,Tripoli,LB56,348,2024-12-18T00:00:00,2024,12,68,Conflict,166.0,182.0,Baalbek-El Hermel,LB8,BA
82799,Displacement due to conflict,Lebanon,LBN,Akkar,LB7,Akkar,LB51,415,2024-12-18T00:00:00,2024,12,68,Conflict,200.0,215.0,Baalbek-El Hermel,LB8,BA
79420,Displacement due to conflict,Lebanon,LBN,Bekaa,LB2,Rachaya,LB23,80,2024-12-18T00:00:00,2024,12,68,Conflict,38.0,42.0,Bekaa,LB2,BA
79036,Displacement due to conflict,Lebanon,LBN,Mount Lebanon,LB3,El Meten,LB36,329,2024-12-18T00:00:00,2024,12,68,Conflict,157.0,172.0,Baalbek-El Hermel,LB8,BA
73348,Displacement due to conflict,Lebanon,LBN,North,LB5,Bcharre,LB53,4,2024-12-18T00:00:00,2024,12,68,Conflict,2.0,2.0,El Nabatieh,LB4,BA
76804,Displacement due to conflict,Lebanon,LBN,South,LB6,Sour,LB63,5296,2024-12-18T00:00:00,2024,12,68,Conflict,2541.0,2755.0,El Nabatieh,LB4,BA
77663,Displacement due to conflict,Lebanon,LBN,El Nabatieh,LB4,Bent Jbeil,LB41,2922,2024-12-18T00:00:00,2024,12,68,Conflict,1403.0,1519.0,El Nabatieh,LB4,BA
95556,Displacement due to conflict,Lebanon,LBN,North,LB5,Zgharta,LB57,55,2024-12-18T00:00:00,2024,12,68,Conflict,26.0,29.0,South,LB6,BA
94416,Displacement due to conflict,Lebanon,LBN,Mount Lebanon,LB3,Chouf,LB33,7609,2024-12-18T00:00:00,2024,12,68,Conflict,3652.0,3957.0,El Nabatieh,LB4,BA
97748,Displacement due to conflict,Lebanon,LBN,Mount Lebanon,LB3,Jbeil,LB34,497,2024-12-18T00:00:00,2024,12,68,Conflict,238.0,259.0,Mount Lebanon,LB3,BA
87629,Displacement due to conflict,Lebanon,LBN,Baalbek-El Hermel,LB8,Baalbek,LB21,39,2024-12-18T00:00:00,2024,12,68,Conflict,19.0,20.0,Mount Lebanon,LB3,BA
85679,Displacement due to conflict,Lebanon,LBN,Mount Lebanon,LB3,Baabda,LB32,1035,2024-12-18T00:00:00,2024,12,68,Conflict,498.0,537.0,El Nabatieh,LB4,BA
84675,Displacement due to conflict,Lebanon,LBN,Mount Lebanon,LB3,Chouf,LB33,4296,2024-12-18T00:00:00,2024,12,68,Conflict,2061.0,2235.0,South,LB6,BA
90383,Displacement due to conflict,Lebanon,LBN,Mount Lebanon,LB3,Chouf,LB33,689,2024-12-18T00:00:00,2024,12,68,Conflict,330.0,359.0,Mount Lebanon,LB3,BA
91150,Displacement due to conflict,Lebanon,LBN,El Nabatieh,LB4,El Nabatieh,LB44,12371,2024-12-18T00:00:00,2024,12,68,Conflict,5938.0,6433.0,El Nabatieh,LB4,BA
88546,Displacement due to conflict,Lebanon,LBN,South,LB6,Saida,LB61,68,2024-12-18T00:00:00,2024,12,68,Conflict,33.0,35.0,Beirut,LB1,BA
89970,Displacement due to conflict,Lebanon,LBN,North,LB5,Tripoli,LB56,464,2024-12-18T00:00:00,2024,12,68,Conflict,222.0,242.0,South,LB6,BA
109694,Displacement due to conflict,Lebanon,LBN,South,LB6,Jezzine,LB62,342,2024-12-18T00:00:00,2024,12,68,Conflict,163.0,179.0,El Nabatieh,LB4,BA
108844,Displacement due to conflict,Lebanon,LBN,South,LB6,Saida,LB61,15461,2024-12-18T00:00:00,2024,12,68,Conflict,7421.0,8040.0,South,LB6,BA
110612,Displacement due to conflict,Lebanon,LBN,Mount Lebanon,LB3,Kesrwane,LB35,283,2024-12-18T00:00:00,2024,12,68,Conflict,136.0,147.0,South,LB6,BA
110157,Displacement due to conflict,Lebanon,LBN,Mount Lebanon,LB3,Chouf,LB33,20,2024-12-18T00:00:00,2024,12,68,Conflict,10.0,10.0,Beirut,LB1,BA
100558,Displacement due to conflict,Lebanon,LBN,Mount Lebanon,LB3,El Meten,LB36,39,2024-12-18T00:00:00,2024,12,68,Conflict,18.0,21.0,Bekaa,LB2,BA
106011,Displacement due to conflict,Lebanon,LBN,North,LB5,El Koura,LB54,103,2024-12-18T00:00:00,2024,12,68,Conflict,49.0,54.0,Mount Lebanon,LB3,BA
102756,Displacement due to conflict,Lebanon,LBN,Mount Lebanon,LB3,Aley,LB31,78,2024-12-18T00:00:00,2024,12,68,Conflict,38.0,40.0,Beirut,LB1,BA
103309,Displacement due to conflict,Lebanon,LBN,North,LB5,El Minieh-Dennie,LB55,177,2024-12-18T00:00:00,2024,12,68,Conflict,85.0,92.0,South,LB6,BA
103125,Displacement due to conflict,Lebanon,LBN,Mount Lebanon,LB3,Jbeil,LB34,186,2024-12-18T00:00:00,2024,12,68,Conflict,88.0,98.0,El Nabatieh,LB4,BA
103854,Displacement due to conflict,Lebanon,LBN,Mount Lebanon,LB3,Aley,LB31,6826,2024-12-18T00:00:00,2024,12,68,Conflict,3275.0,3551.0,South,LB6,BA
103773,Displacement due to conflict,Lebanon,LBN,North,LB5,El Batroun,LB52,14,2024-12-18T00:00:00,2024,12,68,Conflict,7.0,7.0,Baalbek-El Hermel,LB8,BA
129145,Displacement due to conflict,Lebanon,LBN,South,LB6,Sour,LB63,8564,2024-12-18T00:00:00,2024,12,68,Conflict,4111.0,4453.0,South,LB6,BA
131827,Displacement due to conflict,Lebanon,LBN,El Nabatieh,LB4,Hasbaya,LB42,48,2024-12-18T00:00:00,2024,12,68,Conflict,23.0,25.0,Bekaa,LB2,BA
123971,Displacement due to conflict,Lebanon,LBN,Mount Lebanon,LB3,Kesrwane,LB35,5,2024-12-18T00:00:00,2024,12,68,Conflict,2.0,3.0,Baalbek-El Hermel,LB8,BA
124970,Displacement due to conflict,Lebanon,LBN,Bekaa,LB2,Zahle,LB25,100,2024-12-18T00:00:00,2024,12,68,Conflict,48.0,52.0,Baalbek-El Hermel,LB8,BA
120803,Displacement due to conflict,Lebanon,LBN,Mount Lebanon,LB3,Aley,LB31,26488,2024-12-18T00:00:00,2024,12,68,Conflict,12714.0,13774.0,El Nabatieh,LB4,BA
120907,Displacement due to conflict,Lebanon,LBN,North,LB5,El Minieh-Dennie,LB55,525,2024-12-18T00:00:00,2024,12,68,Conflict,252.0,273.0,El Nabatieh,LB4,BA
113452,Displacement due to conflict,Lebanon,LBN,Mount Lebanon,LB3,Baabda,LB32,1459,2024-12-18T00:00:00,2024,12,68,Conflict,700.0,759.0,Mount Lebanon,LB3,BA
118187,Displacement due to conflict,Lebanon,LBN,Beirut,LB1,Beirut,LB11,10427,2024-12-18T00:00:00,2024,12,68,Conflict,5004.0,5423.0,El Nabatieh,LB4,BA
117951,Displacement due to conflict,Lebanon,LBN,Beirut,LB1,Beirut,LB11,8203,2024-12-18T00:00:00,2024,12,68,Conflict,3936.0,4267.0,South,LB6,BA
119231,Displacement due to conflict,Lebanon,LBN,Bekaa,LB2,West Bekaa,LB24,167,2024-12-25T00:00:00,2024,12,69,Conflict,80.0,87.0,Bekaa,LB2,BA
117265,Displacement due to conflict,Lebanon,LBN,Bekaa,LB2,West Bekaa,LB24,165,2024-12-25T00:00:00,2024,12,69,Conflict,79.0,86.0,El Nabatieh,LB4,BA
116632,Displacement due to conflict,Lebanon,LBN,El Nabatieh,LB4,El Nabatieh,LB44,19032,2024-12-25T00:00:00,2024,12,69,Conflict,9135.0,9897.0,El Nabatieh,LB4,BA
114493,Displacement due to conflict,Lebanon,LBN,Mount Lebanon,LB3,Kesrwane,LB35,100,2024-12-25T00:00:00,2024,12,69,Conflict,48.0,52.0,Mount Lebanon,LB3,BA
114835,Displacement due to conflict,Lebanon,LBN,South,LB6,Saida,LB61,67,2024-12-25T00:00:00,2024,12,69,Conflict,32.0,35.0,Beirut,LB1,BA
115528,Displacement due to conflict,Lebanon,LBN,Mount Lebanon,LB3,El Meten,LB36,3,2024-12-25T00:00:00,2024,12,69,Conflict,1.0,2.0,Beirut,LB1,BA
125356,Displacement due to conflict,Lebanon,LBN,Akkar,LB7,Akkar,LB51,559,2024-12-25T00:00:00,2024,12,69,Conflict,270.0,289.0,El Nabatieh,LB4,BA
123812,Displacement due to conflict,Lebanon,LBN,Mount Lebanon,LB3,Chouf,LB33,610,2024-12-25T00:00:00,2024,12,69,Conflict,293.0,317.0,Mount Lebanon,LB3,BA
130805,Displacement due to conflict,Lebanon,LBN,Bekaa,LB2,Rachaya,LB23,50,2024-12-25T00:00:00,2024,12,69,Conflict,24.0,26.0,South,LB6,BA
130646,Displacement due to conflict,Lebanon,LBN,Mount Lebanon,LB3,Baabda,LB32,254,2024-12-25T00:00:00,2024,12,69,Conflict,121.0,133.0,Mount Lebanon,LB3,BA
132088,Displacement due to conflict,Lebanon,LBN,Akkar,LB7,Akkar,LB51,214,2024-12-25T00:00:00,2024,12,69,Conflict,102.0,112.0,Beirut,LB1,BA
129154,Displacement due to conflict,Lebanon,LBN,North,LB5,Tripoli,LB56,203,2024-12-25T00:00:00,2024,12,69,Conflict,97.0,106.0,Baalbek-El Hermel,LB8,BA
129552,Displacement due to conflict,Lebanon,LBN,Beirut,LB1,Beirut,LB11,7482,2024-12-25T00:00:00,2024,12,69,Conflict,3591.0,3891.0,South,LB6,BA
127026,Displacement due to conflict,Lebanon,LBN,Mount Lebanon,LB3,Aley,LB31,61,2024-12-25T00:00:00,2024,12,69,Conflict,29.0,32.0,Baalbek-El Hermel,LB8,BA
126962,Displacement due to conflict,Lebanon,LBN,Mount Lebanon,LB3,Aley,LB31,11316,2024-12-25T00:00:00,2024,12,69,Conflict,5431.0,5885.0,Mount Lebanon,LB3,BA
128210,Displacement due to conflict,Lebanon,LBN,Mount Lebanon,LB3,Kesrwane,LB35,474,2024-12-25T00:00:00,2024,12,69,Conflict,226.0,248.0,El Nabatieh,LB4,BA
105982,Displacement due to conflict,Lebanon,LBN,Mount Lebanon,LB3,Baabda,LB32,1991,2024-12-25T00:00:00,2024,12,69,Conflict,956.0,1035.0,El Nabatieh,LB4,BA
105657,Displacement due to conflict,Lebanon,LBN,North,LB5,El Minieh-Dennie,LB55,208,2024-12-25T00:00:00,2024,12,69,Conflict,101.0,107.0,South,LB6,BA
99274,Displacement due to conflict,Lebanon,LBN,North,LB5,El Minieh-Dennie,LB55,517,2024-12-25T00:00:00,2024,12,69,Conflict,248.0,269.0,El Nabatieh,LB4,BA
100766,Displacement due to conflict,Lebanon,LBN,Mount Lebanon,LB3,El Meten,LB36,2099,2024-12-25T00:00:00,2024,12,69,Conflict,1008.0,1091.0,Mount Lebanon,LB3,BA
111134,Displacement due to conflict,Lebanon,LBN,South,LB6,Saida,LB61,150,2024-12-25T00:00:00,2024,12,69,Conflict,72.0,78.0,Mount Lebanon,LB3,BA
108727,Displacement due to conflict,Lebanon,LBN,North,LB5,El Minieh-Dennie,LB55,69,2024-12-25T00:00:00,2024,12,69,Conflict,33.0,36.0,Beirut,LB1,BA
107329,Displacement due to conflict,Lebanon,LBN,North,LB5,El Koura,LB54,150,2024-12-25T00:00:00,2024,12,69,Conflict,72.0,78.0,El Nabatieh,LB4,BA
86949,Displacement due to conflict,Lebanon,LBN,El Nabatieh,LB4,Hasbaya,LB42,71,2024-12-25T00:00:00,2024,12,69,Conflict,34.0,37.0,Bekaa,LB2,BA
87940,Displacement due to conflict,Lebanon,LBN,North,LB5,Zgharta,LB57,50,2024-12-25T00:00:00,2024,12,69,Conflict,24.0,26.0,Baalbek-El Hermel,LB8,BA
98620,Displacement due to conflict,Lebanon,LBN,Bekaa,LB2,Zahle,LB25,485,2024-12-25T00:00:00,2024,12,69,Conflict,233.0,252.0,El Nabatieh,LB4,BA
97175,Displacement due to conflict,Lebanon,LBN,Akkar,LB7,Akkar,LB51,310,2024-12-25T00:00:00,2024,12,69,Conflict,150.0,160.0,Baalbek-El Hermel,LB8,BA
94067,Displacement due to conflict,Lebanon,LBN,Bekaa,LB2,Zahle,LB25,50,2024-12-25T00:00:00,2024,12,69,Conflict,24.0,26.0,Baalbek-El Hermel,LB8,BA
95354,Displacement due to conflict,Lebanon,LBN,Mount Lebanon,LB3,Aley,LB31,19797,2024-12-25T00:00:00,2024,12,69,Conflict,9503.0,10294.0,El Nabatieh,LB4,BA
92346,Displacement due to conflict,Lebanon,LBN,Mount Lebanon,LB3,Chouf,LB33,3780,2024-12-25T00:00:00,2024,12,69,Conflict,1814.0,1966.0,South,LB6,BA
92957,Displacement due to conflict,Lebanon,LBN,North,LB5,El Batroun,LB52,153,2024-12-25T00:00:00,2024,12,69,Conflict,73.0,80.0,El Nabatieh,LB4,BA
72178,Displacement due to conflict,Lebanon,LBN,Beirut,LB1,Beirut,LB11,4100,2024-12-25T00:00:00,2024,12,69,Conflict,1967.0,2133.0,Mount Lebanon,LB3,BA
79410,Displacement due to conflict,Lebanon,LBN,South,LB6,Sour,LB63,8680,2024-12-25T00:00:00,2024,12,69,Conflict,4166.0,4514.0,South,LB6,BA
79260,Displacement due to conflict,Lebanon,LBN,Mount Lebanon,LB3,Baabda,LB32,310,2024-12-25T00:00:00,2024,12,69,Conflict,149.0,161.0,Baalbek-El Hermel,LB8,BA
81246,Displacement due to conflict,Lebanon,LBN,Mount Lebanon,LB3,El Meten,LB36,5145,2024-12-25T00:00:00,2024,12,69,Conflict,2468.0,2677.0,El Nabatieh,LB4,BA
68285,Displacement due to conflict,Lebanon,LBN,South,LB6,Sour,LB63,5621,2024-12-25T00:00:00,2024,12,69,Conflict,2699.0,2922.0,El Nabatieh,LB4,BA
67899,Displacement due to conflict,Lebanon,LBN,Mount Lebanon,LB3,El Meten,LB36,1596,2024-12-25T00:00:00,2024,12,69,Conflict,766.0,830.0,South,LB6,BA
69046,Displacement due to conflict,Lebanon,LBN,Mount Lebanon,LB3,Jbeil,LB34,669,2024-12-25T00:00:00,2024,12,69,Conflict,321.0,348.0,Mount Lebanon,LB3,BA
66923,Displacement due to conflict,Lebanon,LBN,South,LB6,Saida,LB61,14635,2024-12-25T00:00:00,2024,12,69,Conflict,7023.0,7612.0,El Nabatieh,LB4,BA
59069,Displacement due to conflict,Lebanon,LBN,North,LB5,Tripoli,LB56,23,2024-12-25T00:00:00,2024,12,69,Conflict,11.0,12.0,Beirut,LB1,BA
59339,Displacement due to conflict,Lebanon,LBN,North,LB5,Tripoli,LB56,141,2024-12-25T00:00:00,2024,12,69,Conflict,67.0,74.0,El Nabatieh,LB4,BA
57492,Displacement due to conflict,Lebanon,LBN,Mount Lebanon,LB3,Chouf,LB33,6486,2024-12-25T00:00:00,2024,12,69,Conflict,3113.0,3373.0,El Nabatieh,LB4,BA
56855,Displacement due to conflict,Lebanon,LBN,Baalbek-El Hermel,LB8,Baalbek,LB21,152,2024-12-25T00:00:00,2024,12,69,Conflict,73.0,79.0,Baalbek-El Hermel,LB8,BA
59464,Displacement due to conflict,Lebanon,LBN,Bekaa,LB2,Rachaya,LB23,383,2024-12-25T00:00:00,2024,12,69,Conflict,185.0,198.0,El Nabatieh,LB4,BA
62869,Displacement due to conflict,Lebanon,LBN,El Nabatieh,LB4,Hasbaya,LB42,2443,2024-12-25T00:00:00,2024,12,69,Conflict,1172.0,1271.0,El Nabatieh,LB4,BA
61844,Displacement due to conflict,Lebanon,LBN,Mount Lebanon,LB3,Aley,LB31,8344,2024-12-25T00:00:00,2024,12,69,Conflict,4004.0,4340.0,South,LB6,BA
38286,Displacement due to conflict,Lebanon,LBN,Mount Lebanon,LB3,Jbeil,LB34,168,2024-12-25T00:00:00,2024,12,69,Conflict,80.0,88.0,South,LB6,BA
42058,Displacement due to conflict,Lebanon,LBN,Mount Lebanon,LB3,El Meten,LB36,281,2024-12-25T00:00:00,2024,12,69,Conflict,134.0,147.0,Baalbek-El Hermel,LB8,BA
29575,Displacement due to conflict,Lebanon,LBN,Mount Lebanon,LB3,Baabda,LB32,1179,2024-12-25T00:00:00,2024,12,69,Conflict,566.0,613.0,South,LB6,BA
30847,Displacement due to conflict,Lebanon,LBN,Akkar,LB7,Akkar,LB51,10,2024-12-25T00:00:00,2024,12,69,Conflict,5.0,5.0,Bekaa,LB2,BA
35341,Displacement due to conflict,Lebanon,LBN,Akkar,LB7,Akkar,LB51,322,2024-12-25T00:00:00,2024,12,69,Conflict,153.0,169.0,South,LB6,BA
45934,Displacement due to conflict,Lebanon,LBN,North,LB5,El Batroun,LB52,8,2024-12-25T00:00:00,2024,12,69,Conflict,4.0,4.0,Beirut,LB1,BA
46246,Displacement due to conflict,Lebanon,LBN,North,LB5,Zgharta,LB57,100,2024-12-25T00:00:00,2024,12,69,Conflict,48.0,52.0,El Nabatieh,LB4,BA
46410,Displacement due to conflict,Lebanon,LBN,El Nabatieh,LB4,Bent Jbeil,LB41,3002,2024-12-25T00:00:00,2024,12,69,Conflict,1442.0,1560.0,El Nabatieh,LB4,BA
52407,Displacement due to conflict,Lebanon,LBN,North,LB5,Tripoli,LB56,552,2024-12-25T00:00:00,2024,12,69,Conflict,266.0,286.0,South,LB6,BA
51877,Displacement due to conflict,Lebanon,LBN,Bekaa,LB2,Rachaya,LB23,50,2024-12-25T00:00:00,2024,12,69,Conflict,24.0,26.0,Baalbek-El Hermel,LB8,BA
54380,Displacement due to conflict,Lebanon,LBN,Akkar,LB7,Akkar,LB51,5,2024-12-25T00:00:00,2024,12,69,Conflict,2.0,3.0,Mount Lebanon,LB3,BA
5639,Displacement due to conflict,Lebanon,LBN,Mount Lebanon,LB3,Kesrwane,LB35,231,2024-12-25T00:00:00,2024,12,69,Conflict,110.0,121.0,South,LB6,BA
6438,Displacement due to conflict,Lebanon,LBN,North,LB5,El Koura,LB54,435,2024-12-25T00:00:00,2024,12,69,Conflict,209.0,226.0,Baalbek-El Hermel,LB8,BA
7635,Displacement due to conflict,Lebanon,LBN,South,LB6,Saida,LB61,14044,2024-12-25T00:00:00,2024,12,69,Conflict,6740.0,7304.0,South,LB6,BA
9925,Displacement due to conflict,Lebanon,LBN,Mount Lebanon,LB3,Aley,LB31,43,2024-12-25T00:00:00,2024,12,69,Conflict,21.0,22.0,Beirut,LB1,BA
10252,Displacement due to conflict,Lebanon,LBN,North,LB5,Bcharre,LB53,15,2024-12-25T00:00:00,2024,12,69,Conflict,7.0,8.0,Baalbek-El Hermel,LB8,BA
7864,Displacement due to conflict,Lebanon,LBN,North,LB5,El Minieh-Dennie,LB55,45,2024-12-25T00:00:00,2024,12,69,Conflict,22.0,23.0,Baalbek-El Hermel,LB8,BA
13916,Displacement due to conflict,Lebanon,LBN,Mount Lebanon,LB3,El Meten,LB36,34,2024-12-25T00:00:00,2024,12,69,Conflict,16.0,18.0,Bekaa,LB2,BA
14160,Displacement due to conflict,Lebanon,LBN,North,LB5,El Batroun,LB52,72,2024-12-25T00:00:00,2024,12,69,Conflict,34.0,38.0,South,LB6,BA
21773,Displacement due to conflict,Lebanon,LBN,North,LB5,El Koura,LB54,52,2024-12-25T00:00:00,2024,12,69,Conflict,25.0,27.0,Mount Lebanon,LB3,BA
24729,Displacement due to conflict,Lebanon,LBN,Mount Lebanon,LB3,Kesrwane,LB35,151,2024-12-25T00:00:00,2024,12,69,Conflict,72.0,79.0,Beirut,LB1,BA
24694,Displacement due to conflict,Lebanon,LBN,Beirut,LB1,Beirut,LB11,9512,2024-12-25T00:00:00,2024,12,69,Conflict,4567.0,4945.0,El Nabatieh,LB4,BA
26741,Displacement due to conflict,Lebanon,LBN,South,LB6,Jezzine,LB62,347,2024-12-25T00:00:00,2024,12,69,Conflict,166.0,181.0,El Nabatieh,LB4,BA
28899,Displacement due to conflict,Lebanon,LBN,Mount Lebanon,LB3,Jbeil,LB34,56,2024-12-25T00:00:00,2024,12,69,Conflict,27.0,29.0,Baalbek-El Hermel,LB8,BA
28033,Displacement due to conflict,Lebanon,LBN,North,LB5,El Batroun,LB52,8,2024-12-25T00:00:00,2024,12,69,Conflict,4.0,4.0,Baalbek-El Hermel,LB8,BA
15418,Displacement due to conflict,Lebanon,LBN,Mount Lebanon,LB3,Jbeil,LB34,272,2024-12-25T00:00:00,2024,12,69,Conflict,130.0,142.0,El Nabatieh,LB4,BA
18605,Displacement due to conflict,Lebanon,LBN,El Nabatieh,LB4,Marjaayoun,LB43,190,2024-12-25T00:00:00,2024,12,69,Conflict,91.0,99.0,El Nabatieh,LB4,BA
19006,Displacement due to conflict,Lebanon,LBN,South,LB6,Jezzine,LB62,103,2024-12-25T00:00:00,2024,12,69,Conflict,50.0,53.0,South,LB6,BA
20260,Displacement due to conflict,Lebanon,LBN,Mount Lebanon,LB3,Baabda,LB32,20,2024-12-25T00:00:00,2024,12,69,Conflict,10.0,10.0,Bekaa,LB2,BA
21661,Displacement due to conflict,Lebanon,LBN,North,LB5,El Koura,LB54,228,2024-12-25T00:00:00,2024,12,69,Conflict,109.0,119.0,South,LB6,BA
14382,Displacement due to conflict,Lebanon,LBN,Mount Lebanon,LB3,Aley,LB31,1916,2024-12-31T00:00:00,2024,12,70,Conflict,901.0,1015.0,South,LB6,BA
17676,Displacement due to conflict,Lebanon,LBN,Mount Lebanon,LB3,Chouf,LB33,177,2024-12-31T00:00:00,2024,12,70,Conflict,83.0,94.0,Beirut,LB1,BA
16131,Displacement due to conflict,Lebanon,LBN,El Nabatieh,LB4,El Nabatieh,LB44,18429,2024-12-31T00:00:00,2024,12,70,Conflict,8666.0,9763.0,El Nabatieh,LB4,BA
26441,Displacement due to conflict,Lebanon,LBN,North,LB5,El Koura,LB54,47,2024-12-31T00:00:00,2024,12,70,Conflict,22.0,25.0,El Nabatieh,LB4,BA
23813,Displacement due to conflict,Lebanon,LBN,Mount Lebanon,LB3,Aley,LB31,3355,2024-12-31T00:00:00,2024,12,70,Conflict,1578.0,1777.0,Mount Lebanon,LB3,BA
22226,Displacement due to conflict,Lebanon,LBN,North,LB5,El Minieh-Dennie,LB55,149,2024-12-31T00:00:00,2024,12,70,Conflict,71.0,78.0,South,LB6,BA
13934,Displacement due to conflict,Lebanon,LBN,Mount Lebanon,LB3,El Meten,LB36,1531,2024-12-31T00:00:00,2024,12,70,Conflict,719.0,812.0,South,LB6,BA
11863,Displacement due to conflict,Lebanon,LBN,South,LB6,Jezzine,LB62,85,2024-12-31T00:00:00,2024,12,70,Conflict,39.0,46.0,South,LB6,BA
11462,Displacement due to conflict,Lebanon,LBN,South,LB6,Saida,LB61,150,2024-12-31T00:00:00,2024,12,70,Conflict,71.0,79.0,Mount Lebanon,LB3,BA
10264,Displacement due to conflict,Lebanon,LBN,Bekaa,LB2,West Bekaa,LB24,215,2024-12-31T00:00:00,2024,12,70,Conflict,103.0,112.0,El Nabatieh,LB4,BA
7388,Displacement due to conflict,Lebanon,LBN,Mount Lebanon,LB3,Kesrwane,LB35,226,2024-12-31T00:00:00,2024,12,70,Conflict,107.0,119.0,South,LB6,BA
3988,Displacement due to conflict,Lebanon,LBN,Bekaa,LB2,Rachaya,LB23,270,2024-12-31T00:00:00,2024,12,70,Conflict,127.0,143.0,El Nabatieh,LB4,BA
3082,Displacement due to conflict,Lebanon,LBN,Akkar,LB7,Akkar,LB51,358,2024-12-31T00:00:00,2024,12,70,Conflict,169.0,189.0,El Nabatieh,LB4,BA
54065,Displacement due to conflict,Lebanon,LBN,South,LB6,Saida,LB61,12205,2024-12-31T00:00:00,2024,12,70,Conflict,5736.0,6469.0,South,LB6,BA
55879,Displacement due to conflict,Lebanon,LBN,Mount Lebanon,LB3,Baabda,LB32,349,2024-12-31T00:00:00,2024,12,70,Conflict,163.0,186.0,Mount Lebanon,LB3,BA
54880,Displacement due to conflict,Lebanon,LBN,Mount Lebanon,LB3,Jbeil,LB34,730,2024-12-31T00:00:00,2024,12,70,Conflict,346.0,384.0,Mount Lebanon,LB3,BA
55057,Displacement due to conflict,Lebanon,LBN,North,LB5,El Koura,LB54,4,2024-12-31T00:00:00,2024,12,70,Conflict,2.0,2.0,Beirut,LB1,BA
52326,Displacement due to conflict,Lebanon,LBN,Mount Lebanon,LB3,Kesrwane,LB35,554,2024-12-31T00:00:00,2024,12,70,Conflict,260.0,294.0,El Nabatieh,LB4,BA
52034,Displacement due to conflict,Lebanon,LBN,North,LB5,El Batroun,LB52,110,2024-12-31T00:00:00,2024,12,70,Conflict,52.0,58.0,El Nabatieh,LB4,BA
50614,Displacement due to conflict,Lebanon,LBN,Bekaa,LB2,West Bekaa,LB24,173,2024-12-31T00:00:00,2024,12,70,Conflict,81.0,92.0,Bekaa,LB2,BA
50786,Displacement due to conflict,Lebanon,LBN,Bekaa,LB2,Zahle,LB25,475,2024-12-31T00:00:00,2024,12,70,Conflict,224.0,251.0,El Nabatieh,LB4,BA
46723,Displacement due to conflict,Lebanon,LBN,Mount Lebanon,LB3,Aley,LB31,36,2024-12-31T00:00:00,2024,12,70,Conflict,17.0,19.0,Baalbek-El Hermel,LB8,BA
48068,Displacement due to conflict,Lebanon,LBN,Mount Lebanon,LB3,Baabda,LB32,150,2024-12-31T00:00:00,2024,12,70,Conflict,71.0,79.0,Baalbek-El Hermel,LB8,BA
48634,Displacement due to conflict,Lebanon,LBN,Akkar,LB7,Akkar,LB51,188,2024-12-31T00:00:00,2024,12,70,Conflict,86.0,102.0,Beirut,LB1,BA
49316,Displacement due to conflict,Lebanon,LBN,North,LB5,Tripoli,LB56,45,2024-12-31T00:00:00,2024,12,70,Conflict,21.0,24.0,Mount Lebanon,LB3,BA
45556,Displacement due to conflict,Lebanon,LBN,North,LB5,Tripoli,LB56,456,2024-12-31T00:00:00,2024,12,70,Conflict,215.0,241.0,South,LB6,BA
44023,Displacement due to conflict,Lebanon,LBN,Mount Lebanon,LB3,El Meten,LB36,1800,2024-12-31T00:00:00,2024,12,70,Conflict,845.0,955.0,Mount Lebanon,LB3,BA
35592,Displacement due to conflict,Lebanon,LBN,Mount Lebanon,LB3,Baabda,LB32,2463,2024-12-31T00:00:00,2024,12,70,Conflict,1161.0,1302.0,El Nabatieh,LB4,BA
32402,Displacement due to conflict,Lebanon,LBN,North,LB5,Zgharta,LB57,55,2024-12-31T00:00:00,2024,12,70,Conflict,26.0,29.0,El Nabatieh,LB4,BA
32236,Displacement due to conflict,Lebanon,LBN,Mount Lebanon,LB3,Jbeil,LB34,176,2024-12-31T00:00:00,2024,12,70,Conflict,83.0,93.0,El Nabatieh,LB4,BA
29897,Displacement due to conflict,Lebanon,LBN,El Nabatieh,LB4,Hasbaya,LB42,2435,2024-12-31T00:00:00,2024,12,70,Conflict,1145.0,1290.0,El Nabatieh,LB4,BA
28987,Displacement due to conflict,Lebanon,LBN,North,LB5,Tripoli,LB56,110,2024-12-31T00:00:00,2024,12,70,Conflict,52.0,58.0,Baalbek-El Hermel,LB8,BA
42047,Displacement due to conflict,Lebanon,LBN,Mount Lebanon,LB3,Jbeil,LB34,56,2024-12-31T00:00:00,2024,12,70,Conflict,26.0,30.0,Baalbek-El Hermel,LB8,BA
41412,Displacement due to conflict,Lebanon,LBN,Beirut,LB1,Beirut,LB11,6029,2024-12-31T00:00:00,2024,12,70,Conflict,2834.0,3195.0,El Nabatieh,LB4,BA
40429,Displacement due to conflict,Lebanon,LBN,North,LB5,El Minieh-Dennie,LB55,50,2024-12-31T00:00:00,2024,12,70,Conflict,24.0,26.0,Mount Lebanon,LB3,BA
40193,Displacement due to conflict,Lebanon,LBN,El Nabatieh,LB4,Hasbaya,LB42,47,2024-12-31T00:00:00,2024,12,70,Conflict,22.0,25.0,Bekaa,LB2,BA
38405,Displacement due to conflict,Lebanon,LBN,South,LB6,Sour,LB63,8750,2024-12-31T00:00:00,2024,12,70,Conflict,4114.0,4636.0,South,LB6,BA
37998,Displacement due to conflict,Lebanon,LBN,North,LB5,El Batroun,LB52,8,2024-12-31T00:00:00,2024,12,70,Conflict,4.0,4.0,Baalbek-El Hermel,LB8,BA
38793,Displacement due to conflict,Lebanon,LBN,North,LB5,El Koura,LB54,221,2024-12-31T00:00:00,2024,12,70,Conflict,104.0,117.0,Baalbek-El Hermel,LB8,BA
56654,Displacement due to conflict,Lebanon,LBN,South,LB6,Saida,LB61,15108,2024-12-31T00:00:00,2024,12,70,Conflict,7106.0,8002.0,El Nabatieh,LB4,BA
58604,Displacement due to conflict,Lebanon,LBN,North,LB5,El Minieh-Dennie,LB55,63,2024-12-31T00:00:00,2024,12,70,Conflict,30.0,33.0,Beirut,LB1,BA
58674,Displacement due to conflict,Lebanon,LBN,North,LB5,El Batroun,LB52,8,2024-12-31T00:00:00,2024,12,70,Conflict,4.0,4.0,Beirut,LB1,BA
67144,Displacement due to conflict,Lebanon,LBN,North,LB5,El Batroun,LB52,45,2024-12-31T00:00:00,2024,12,70,Conflict,21.0,24.0,South,LB6,BA
70267,Displacement due to conflict,Lebanon,LBN,Mount Lebanon,LB3,Baabda,LB32,982,2024-12-31T00:00:00,2024,12,70,Conflict,462.0,520.0,South,LB6,BA
79574,Displacement due to conflict,Lebanon,LBN,Mount Lebanon,LB3,El Meten,LB36,3,2024-12-31T00:00:00,2024,12,70,Conflict,1.0,2.0,Beirut,LB1,BA
74113,Displacement due to conflict,Lebanon,LBN,Akkar,LB7,Akkar,LB51,5,2024-12-31T00:00:00,2024,12,70,Conflict,2.0,3.0,Mount Lebanon,LB3,BA
76909,Displacement due to conflict,Lebanon,LBN,South,LB6,Sour,LB63,5671,2024-12-31T00:00:00,2024,12,70,Conflict,2667.0,3004.0,El Nabatieh,LB4,BA
93453,Displacement due to conflict,Lebanon,LBN,Mount Lebanon,LB3,Aley,LB31,7429,2024-12-31T00:00:00,2024,12,70,Conflict,3489.0,3940.0,El Nabatieh,LB4,BA
95368,Displacement due to conflict,Lebanon,LBN,El Nabatieh,LB4,Bent Jbeil,LB41,3860,2024-12-31T00:00:00,2024,12,70,Conflict,1815.0,2045.0,El Nabatieh,LB4,BA
94394,Displacement due to conflict,Lebanon,LBN,Mount Lebanon,LB3,Aley,LB31,43,2024-12-31T00:00:00,2024,12,70,Conflict,20.0,23.0,Beirut,LB1,BA
97173,Displacement due to conflict,Lebanon,LBN,Mount Lebanon,LB3,Kesrwane,LB35,151,2024-12-31T00:00:00,2024,12,70,Conflict,71.0,80.0,Beirut,LB1,BA
96666,Displacement due to conflict,Lebanon,LBN,Akkar,LB7,Akkar,LB51,97,2024-12-31T00:00:00,2024,12,70,Conflict,46.0,51.0,Baalbek-El Hermel,LB8,BA
96777,Displacement due to conflict,Lebanon,LBN,Mount Lebanon,LB3,El Meten,LB36,4352,2024-12-31T00:00:00,2024,12,70,Conflict,2046.0,2306.0,El Nabatieh,LB4,BA
95679,Displacement due to conflict,Lebanon,LBN,Mount Lebanon,LB3,El Meten,LB36,327,2024-12-31T00:00:00,2024,12,70,Conflict,153.0,174.0,Baalbek-El Hermel,LB8,BA
98362,Displacement due to conflict,Lebanon,LBN,South,LB6,Saida,LB61,67,2024-12-31T00:00:00,2024,12,70,Conflict,31.0,36.0,Beirut,LB1,BA
87931,Displacement due to conflict,Lebanon,LBN,North,LB5,Tripoli,LB56,193,2024-12-31T00:00:00,2024,12,70,Conflict,90.0,103.0,El Nabatieh,LB4,BA
84672,Displacement due to conflict,Lebanon,LBN,Baalbek-El Hermel,LB8,Baalbek,LB21,137,2024-12-31T00:00:00,2024,12,70,Conflict,64.0,73.0,Baalbek-El Hermel,LB8,BA
84774,Displacement due to conflict,Lebanon,LBN,Mount Lebanon,LB3,Chouf,LB33,4854,2024-12-31T00:00:00,2024,12,70,Conflict,2281.0,2573.0,El Nabatieh,LB4,BA
90057,Displacement due to conflict,Lebanon,LBN,Mount Lebanon,LB3,Jbeil,LB34,116,2024-12-31T00:00:00,2024,12,70,Conflict,54.0,62.0,South,LB6,BA
89294,Displacement due to conflict,Lebanon,LBN,North,LB5,El Minieh-Dennie,LB55,508,2024-12-31T00:00:00,2024,12,70,Conflict,240.0,268.0,El Nabatieh,LB4,BA
91214,Displacement due to conflict,Lebanon,LBN,Beirut,LB1,Beirut,LB11,3760,2024-12-31T00:00:00,2024,12,70,Conflict,1766.0,1994.0,Mount Lebanon,LB3,BA
108369,Displacement due to conflict,Lebanon,LBN,Bekaa,LB2,Rachaya,LB23,100,2024-12-31T00:00:00,2024,12,70,Conflict,48.0,52.0,Baalbek-El Hermel,LB8,BA
108095,Displacement due to conflict,Lebanon,LBN,Akkar,LB7,Akkar,LB51,272,2024-12-31T00:00:00,2024,12,70,Conflict,127.0,145.0,South,LB6,BA
111070,Displacement due to conflict,Lebanon,LBN,Mount Lebanon,LB3,Kesrwane,LB35,15,2024-12-31T00:00:00,2024,12,70,Conflict,7.0,8.0,Mount Lebanon,LB3,BA
110603,Displacement due to conflict,Lebanon,LBN,Mount Lebanon,LB3,Chouf,LB33,366,2024-12-31T00:00:00,2024,12,70,Conflict,172.0,194.0,Mount Lebanon,LB3,BA
111653,Displacement due to conflict,Lebanon,LBN,Beirut,LB1,Beirut,LB11,130,2024-12-31T00:00:00,2024,12,70,Conflict,61.0,69.0,Beirut,LB1,BA
99435,Displacement due to conflict,Lebanon,LBN,South,LB6,Jezzine,LB62,332,2024-12-31T00:00:00,2024,12,70,Conflict,157.0,175.0,El Nabatieh,LB4,BA
102168,Displacement due to conflict,Lebanon,LBN,Mount Lebanon,LB3,Baabda,LB32,20,2024-12-31T00:00:00,2024,12,70,Conflict,9.0,11.0,Bekaa,LB2,BA
127967,Displacement due to conflict,Lebanon,LBN,Bekaa,LB2,Rachaya,LB23,52,2024-12-31T00:00:00,2024,12,70,Conflict,24.0,28.0,Bekaa,LB2,BA
130406,Displacement due to conflict,Lebanon,LBN,North,LB5,Bcharre,LB53,15,2024-12-31T00:00:00,2024,12,70,Conflict,7.0,8.0,Baalbek-El Hermel,LB8,BA
130515,Displacement due to conflict,Lebanon,LBN,Beirut,LB1,Beirut,LB11,6350,2024-12-31T00:00:00,2024,12,70,Conflict,2984.0,3366.0,South,LB6,BA
133788,Displacement due to conflict,Lebanon,LBN,Mount Lebanon,LB3,Chouf,LB33,3406,2024-12-31T00:00:00,2024,12,70,Conflict,1602.0,1804.0,South,LB6,BA
126552,Displacement due to conflict,Lebanon,LBN,North,LB5,El Koura,LB54,104,2024-12-31T00:00:00,2024,12,70,Conflict,48.0,56.0,South,LB6,BA
122009,Displacement due to conflict,Lebanon,LBN,El Nabatieh,LB4,Marjaayoun,LB43,250,2024-12-31T00:00:00,2024,12,70,Conflict,117.0,133.0,El Nabatieh,LB4,BA
120420,Displacement due to conflict,Lebanon,LBN,South,LB6,Jezzine,LB62,222,2025-01-08T00:00:00,2025,1,71,Conflict,105.0,117.0,El Nabatieh,LB4,BA
120210,Displacement due to conflict,Lebanon,LBN,North,LB5,El Batroun,LB52,107,2025-01-08T00:00:00,2025,1,71,Conflict,50.0,57.0,El Nabatieh,LB4,BA
115332,Displacement due to conflict,Lebanon,LBN,El Nabatieh,LB4,El Nabatieh,LB44,18700,2025-01-08T00:00:00,2025,1,71,Conflict,8792.0,9908.0,El Nabatieh,LB4,BA
112523,Displacement due to conflict,Lebanon,LBN,Akkar,LB7,Akkar,LB51,91,2025-01-08T00:00:00,2025,1,71,Conflict,43.0,48.0,Baalbek-El Hermel,LB8,BA
117205,Displacement due to conflict,Lebanon,LBN,Bekaa,LB2,Rachaya,LB23,100,2025-01-08T00:00:00,2025,1,71,Conflict,47.0,53.0,Baalbek-El Hermel,LB8,BA
134870,Displacement due to conflict,Lebanon,LBN,Bekaa,LB2,West Bekaa,LB24,165,2025-01-08T00:00:00,2025,1,71,Conflict,79.0,86.0,El Nabatieh,LB4,BA
140736,Displacement due to conflict,Lebanon,LBN,Bekaa,LB2,West Bekaa,LB24,173,2025-01-08T00:00:00,2025,1,71,Conflict,81.0,92.0,Bekaa,LB2,BA
130890,Displacement due to conflict,Lebanon,LBN,South,LB6,Saida,LB61,12642,2025-01-08T00:00:00,2025,1,71,Conflict,5942.0,6700.0,South,LB6,BA
127746,Displacement due to conflict,Lebanon,LBN,Mount Lebanon,LB3,Aley,LB31,1805,2025-01-08T00:00:00,2025,1,71,Conflict,850.0,955.0,South,LB6,BA
127555,Displacement due to conflict,Lebanon,LBN,South,LB6,Saida,LB61,226,2025-01-08T00:00:00,2025,1,71,Conflict,107.0,119.0,Beirut,LB1,BA
127279,Displacement due to conflict,Lebanon,LBN,Akkar,LB7,Akkar,LB51,192,2025-01-08T00:00:00,2025,1,71,Conflict,89.0,103.0,Beirut,LB1,BA
129892,Displacement due to conflict,Lebanon,LBN,Bekaa,LB2,Zahle,LB25,450,2025-01-08T00:00:00,2025,1,71,Conflict,213.0,237.0,El Nabatieh,LB4,BA
102933,Displacement due to conflict,Lebanon,LBN,North,LB5,El Minieh-Dennie,LB55,56,2025-01-08T00:00:00,2025,1,71,Conflict,26.0,30.0,Beirut,LB1,BA
106103,Displacement due to conflict,Lebanon,LBN,South,LB6,Sour,LB63,8785,2025-01-08T00:00:00,2025,1,71,Conflict,4130.0,4655.0,South,LB6,BA
101543,Displacement due to conflict,Lebanon,LBN,Mount Lebanon,LB3,Kesrwane,LB35,198,2025-01-08T00:00:00,2025,1,71,Conflict,94.0,104.0,South,LB6,BA
108893,Displacement due to conflict,Lebanon,LBN,North,LB5,El Batroun,LB52,9,2025-01-08T00:00:00,2025,1,71,Conflict,4.0,5.0,Baalbek-El Hermel,LB8,BA
107092,Displacement due to conflict,Lebanon,LBN,North,LB5,El Minieh-Dennie,LB55,512,2025-01-08T00:00:00,2025,1,71,Conflict,242.0,270.0,El Nabatieh,LB4,BA
107833,Displacement due to conflict,Lebanon,LBN,Mount Lebanon,LB3,Baabda,LB32,20,2025-01-08T00:00:00,2025,1,71,Conflict,9.0,11.0,Bekaa,LB2,BA
87665,Displacement due to conflict,Lebanon,LBN,Mount Lebanon,LB3,El Meten,LB36,3,2025-01-08T00:00:00,2025,1,71,Conflict,1.0,2.0,Beirut,LB1,BA
88249,Displacement due to conflict,Lebanon,LBN,Mount Lebanon,LB3,Baabda,LB32,252,2025-01-08T00:00:00,2025,1,71,Conflict,118.0,134.0,Mount Lebanon,LB3,BA
96803,Displacement due to conflict,Lebanon,LBN,Mount Lebanon,LB3,Kesrwane,LB35,10,2025-01-08T00:00:00,2025,1,71,Conflict,4.0,6.0,Mount Lebanon,LB3,BA
93479,Displacement due to conflict,Lebanon,LBN,El Nabatieh,LB4,Hasbaya,LB42,2383,2025-01-08T00:00:00,2025,1,71,Conflict,1120.0,1263.0,El Nabatieh,LB4,BA
93002,Displacement due to conflict,Lebanon,LBN,Baalbek-El Hermel,LB8,Baalbek,LB21,137,2025-01-08T00:00:00,2025,1,71,Conflict,64.0,73.0,Baalbek-El Hermel,LB8,BA
93100,Displacement due to conflict,Lebanon,LBN,Mount Lebanon,LB3,El Meten,LB36,1742,2025-01-08T00:00:00,2025,1,71,Conflict,818.0,924.0,Mount Lebanon,LB3,BA
76877,Displacement due to conflict,Lebanon,LBN,North,LB5,Zgharta,LB57,100,2025-01-08T00:00:00,2025,1,71,Conflict,48.0,52.0,El Nabatieh,LB4,BA
73298,Displacement due to conflict,Lebanon,LBN,South,LB6,Saida,LB61,150,2025-01-08T00:00:00,2025,1,71,Conflict,71.0,79.0,Mount Lebanon,LB3,BA
73457,Displacement due to conflict,Lebanon,LBN,North,LB5,Tripoli,LB56,292,2025-01-08T00:00:00,2025,1,71,Conflict,137.0,155.0,South,LB6,BA
72968,Displacement due to conflict,Lebanon,LBN,Mount Lebanon,LB3,Chouf,LB33,243,2025-01-08T00:00:00,2025,1,71,Conflict,115.0,128.0,Mount Lebanon,LB3,BA
73755,Displacement due to conflict,Lebanon,LBN,Beirut,LB1,Beirut,LB11,1960,2025-01-08T00:00:00,2025,1,71,Conflict,921.0,1039.0,Mount Lebanon,LB3,BA
71631,Displacement due to conflict,Lebanon,LBN,El Nabatieh,LB4,Marjaayoun,LB43,533,2025-01-08T00:00:00,2025,1,71,Conflict,251.0,282.0,El Nabatieh,LB4,BA
78408,Displacement due to conflict,Lebanon,LBN,Mount Lebanon,LB3,Aley,LB31,6685,2025-01-08T00:00:00,2025,1,71,Conflict,3143.0,3542.0,El Nabatieh,LB4,BA
82395,Displacement due to conflict,Lebanon,LBN,North,LB5,El Koura,LB54,22,2025-01-08T00:00:00,2025,1,71,Conflict,10.0,12.0,El Nabatieh,LB4,BA
82120,Displacement due to conflict,Lebanon,LBN,Beirut,LB1,Beirut,LB11,90,2025-01-08T00:00:00,2025,1,71,Conflict,42.0,48.0,Beirut,LB1,BA
81335,Displacement due to conflict,Lebanon,LBN,North,LB5,El Batroun,LB52,51,2025-01-08T00:00:00,2025,1,71,Conflict,24.0,27.0,South,LB6,BA
84285,Displacement due to conflict,Lebanon,LBN,Mount Lebanon,LB3,Baabda,LB32,480,2025-01-08T00:00:00,2025,1,71,Conflict,226.0,254.0,Baalbek-El Hermel,LB8,BA
69993,Displacement due to conflict,Lebanon,LBN,Mount Lebanon,LB3,Jbeil,LB34,54,2025-01-08T00:00:00,2025,1,71,Conflict,25.0,29.0,El Nabatieh,LB4,BA
60235,Displacement due to conflict,Lebanon,LBN,North,LB5,El Minieh-Dennie,LB55,147,2025-01-08T00:00:00,2025,1,71,Conflict,70.0,77.0,South,LB6,BA
56993,Displacement due to conflict,Lebanon,LBN,North,LB5,El Koura,LB54,185,2025-01-08T00:00:00,2025,1,71,Conflict,88.0,97.0,Baalbek-El Hermel,LB8,BA
62519,Displacement due to conflict,Lebanon,LBN,North,LB5,Bcharre,LB53,15,2025-01-08T00:00:00,2025,1,71,Conflict,7.0,8.0,Baalbek-El Hermel,LB8,BA
39271,Displacement due to conflict,Lebanon,LBN,Beirut,LB1,Beirut,LB11,3452,2025-01-08T00:00:00,2025,1,71,Conflict,1622.0,1830.0,South,LB6,BA
39297,Displacement due to conflict,Lebanon,LBN,North,LB5,El Minieh-Dennie,LB55,30,2025-01-08T00:00:00,2025,1,71,Conflict,14.0,16.0,Baalbek-El Hermel,LB8,BA
34065,Displacement due to conflict,Lebanon,LBN,El Nabatieh,LB4,Bent Jbeil,LB41,4284,2025-01-08T00:00:00,2025,1,71,Conflict,2015.0,2269.0,El Nabatieh,LB4,BA
35430,Displacement due to conflict,Lebanon,LBN,Mount Lebanon,LB3,El Meten,LB36,472,2025-01-08T00:00:00,2025,1,71,Conflict,222.0,250.0,Baalbek-El Hermel,LB8,BA
43682,Displacement due to conflict,Lebanon,LBN,Mount Lebanon,LB3,Kesrwane,LB35,528,2025-01-08T00:00:00,2025,1,71,Conflict,250.0,278.0,El Nabatieh,LB4,BA
45419,Displacement due to conflict,Lebanon,LBN,North,LB5,El Koura,LB54,115,2025-01-08T00:00:00,2025,1,71,Conflict,54.0,61.0,South,LB6,BA
48051,Displacement due to conflict,Lebanon,LBN,Mount Lebanon,LB3,Kesrwane,LB35,10,2025-01-08T00:00:00,2025,1,71,Conflict,5.0,5.0,Bekaa,LB2,BA
48526,Displacement due to conflict,Lebanon,LBN,Akkar,LB7,Akkar,LB51,364,2025-01-08T00:00:00,2025,1,71,Conflict,173.0,191.0,El Nabatieh,LB4,BA
48555,Displacement due to conflict,Lebanon,LBN,Mount Lebanon,LB3,Chouf,LB33,2468,2025-01-08T00:00:00,2025,1,71,Conflict,1162.0,1306.0,South,LB6,BA
48151,Displacement due to conflict,Lebanon,LBN,North,LB5,El Koura,LB54,4,2025-01-08T00:00:00,2025,1,71,Conflict,2.0,2.0,Beirut,LB1,BA
46638,Displacement due to conflict,Lebanon,LBN,Mount Lebanon,LB3,Jbeil,LB34,70,2025-01-08T00:00:00,2025,1,71,Conflict,33.0,37.0,South,LB6,BA
47319,Displacement due to conflict,Lebanon,LBN,Akkar,LB7,Akkar,LB51,8,2025-01-08T00:00:00,2025,1,71,Conflict,3.0,5.0,Mount Lebanon,LB3,BA
51311,Displacement due to conflict,Lebanon,LBN,Mount Lebanon,LB3,El Meten,LB36,3949,2025-01-08T00:00:00,2025,1,71,Conflict,1860.0,2089.0,El Nabatieh,LB4,BA
50132,Displacement due to conflict,Lebanon,LBN,Mount Lebanon,LB3,Kesrwane,LB35,123,2025-01-08T00:00:00,2025,1,71,Conflict,58.0,65.0,Beirut,LB1,BA
52676,Displacement due to conflict,Lebanon,LBN,Bekaa,LB2,Rachaya,LB23,40,2025-01-08T00:00:00,2025,1,71,Conflict,18.0,22.0,Bekaa,LB2,BA
51415,Displacement due to conflict,Lebanon,LBN,Mount Lebanon,LB3,Baabda,LB32,1144,2025-01-08T00:00:00,2025,1,71,Conflict,538.0,606.0,South,LB6,BA
55145,Displacement due to conflict,Lebanon,LBN,Mount Lebanon,LB3,Aley,LB31,61,2025-01-08T00:00:00,2025,1,71,Conflict,29.0,32.0,Baalbek-El Hermel,LB8,BA
54372,Displacement due to conflict,Lebanon,LBN,Mount Lebanon,LB3,Aley,LB31,43,2025-01-08T00:00:00,2025,1,71,Conflict,20.0,23.0,Beirut,LB1,BA
2833,Displacement due to conflict,Lebanon,LBN,Bekaa,LB2,Rachaya,LB23,257,2025-01-08T00:00:00,2025,1,71,Conflict,121.0,136.0,El Nabatieh,LB4,BA
2750,Displacement due to conflict,Lebanon,LBN,Akkar,LB7,Akkar,LB51,223,2025-01-08T00:00:00,2025,1,71,Conflict,104.0,119.0,South,LB6,BA
5001,Displacement due to conflict,Lebanon,LBN,Mount Lebanon,LB3,Aley,LB31,3376,2025-01-08T00:00:00,2025,1,71,Conflict,1587.0,1789.0,Mount Lebanon,LB3,BA
7740,Displacement due to conflict,Lebanon,LBN,South,LB6,Saida,LB61,15087,2025-01-08T00:00:00,2025,1,71,Conflict,7094.0,7993.0,El Nabatieh,LB4,BA
9199,Displacement due to conflict,Lebanon,LBN,South,LB6,Jezzine,LB62,76,2025-01-08T00:00:00,2025,1,71,Conflict,35.0,41.0,South,LB6,BA
10953,Displacement due to conflict,Lebanon,LBN,Mount Lebanon,LB3,Jbeil,LB34,322,2025-01-08T00:00:00,2025,1,71,Conflict,153.0,169.0,Mount Lebanon,LB3,BA
24428,Displacement due to conflict,Lebanon,LBN,El Nabatieh,LB4,Hasbaya,LB42,51,2025-01-08T00:00:00,2025,1,71,Conflict,24.0,27.0,Bekaa,LB2,BA
24373,Displacement due to conflict,Lebanon,LBN,Mount Lebanon,LB3,Jbeil,LB34,83,2025-01-08T00:00:00,2025,1,71,Conflict,38.0,45.0,Baalbek-El Hermel,LB8,BA
25053,Displacement due to conflict,Lebanon,LBN,North,LB5,Tripoli,LB56,189,2025-01-08T00:00:00,2025,1,71,Conflict,88.0,101.0,Baalbek-El Hermel,LB8,BA
25970,Displacement due to conflict,Lebanon,LBN,South,LB6,Saida,LB61,134,2025-01-08T00:00:00,2025,1,71,Conflict,63.0,71.0,Baalbek-El Hermel,LB8,BA
27452,Displacement due to conflict,Lebanon,LBN,North,LB5,Tripoli,LB56,73,2025-01-08T00:00:00,2025,1,71,Conflict,34.0,39.0,El Nabatieh,LB4,BA
17696,Displacement due to conflict,Lebanon,LBN,Mount Lebanon,LB3,Chouf,LB33,3941,2025-01-08T00:00:00,2025,1,71,Conflict,1856.0,2085.0,El Nabatieh,LB4,BA
15759,Displacement due to conflict,Lebanon,LBN,Mount Lebanon,LB3,Baabda,LB32,2740,2025-01-08T00:00:00,2025,1,71,Conflict,1291.0,1449.0,El Nabatieh,LB4,BA
15678,Displacement due to conflict,Lebanon,LBN,Beirut,LB1,Beirut,LB11,4852,2025-01-08T00:00:00,2025,1,71,Conflict,2279.0,2573.0,El Nabatieh,LB4,BA
20036,Displacement due to conflict,Lebanon,LBN,Mount Lebanon,LB3,El Meten,LB36,1047,2025-01-08T00:00:00,2025,1,71,Conflict,493.0,554.0,South,LB6,BA
18627,Displacement due to conflict,Lebanon,LBN,South,LB6,Sour,LB63,5836,2025-01-08T00:00:00,2025,1,71,Conflict,2746.0,3090.0,El Nabatieh,LB4,BA
18497,Displacement due to conflict,Lebanon,LBN,North,LB5,Zgharta,LB57,75,2025-01-15T00:00:00,2025,1,72,Conflict,36.0,39.0,El Nabatieh,LB4,BA
20118,Displacement due to conflict,Lebanon,LBN,Mount Lebanon,LB3,Jbeil,LB34,307,2025-01-15T00:00:00,2025,1,72,Conflict,145.0,162.0,Mount Lebanon,LB3,BA
19958,Displacement due to conflict,Lebanon,LBN,South,LB6,Jezzine,LB62,222,2025-01-15T00:00:00,2025,1,72,Conflict,105.0,117.0,El Nabatieh,LB4,BA
21286,Displacement due to conflict,Lebanon,LBN,El Nabatieh,LB4,Hasbaya,LB42,1635,2025-01-15T00:00:00,2025,1,72,Conflict,768.0,867.0,El Nabatieh,LB4,BA
20904,Displacement due to conflict,Lebanon,LBN,Mount Lebanon,LB3,El Meten,LB36,1003,2025-01-15T00:00:00,2025,1,72,Conflict,473.0,530.0,South,LB6,BA
17784,Displacement due to conflict,Lebanon,LBN,North,LB5,El Minieh-Dennie,LB55,55,2025-01-15T00:00:00,2025,1,72,Conflict,26.0,29.0,Beirut,LB1,BA
27653,Displacement due to conflict,Lebanon,LBN,Baalbek-El Hermel,LB8,Baalbek,LB21,137,2025-01-15T00:00:00,2025,1,72,Conflict,64.0,73.0,Baalbek-El Hermel,LB8,BA
25977,Displacement due to conflict,Lebanon,LBN,El Nabatieh,LB4,Bent Jbeil,LB41,4748,2025-01-15T00:00:00,2025,1,72,Conflict,2234.0,2514.0,El Nabatieh,LB4,BA
22725,Displacement due to conflict,Lebanon,LBN,Mount Lebanon,LB3,El Meten,LB36,574,2025-01-15T00:00:00,2025,1,72,Conflict,269.0,305.0,Baalbek-El Hermel,LB8,BA
23287,Displacement due to conflict,Lebanon,LBN,Akkar,LB7,Akkar,LB51,368,2025-01-15T00:00:00,2025,1,72,Conflict,174.0,194.0,El Nabatieh,LB4,BA
11195,Displacement due to conflict,Lebanon,LBN,North,LB5,El Minieh-Dennie,LB55,171,2025-01-15T00:00:00,2025,1,72,Conflict,82.0,89.0,El Nabatieh,LB4,BA
12394,Displacement due to conflict,Lebanon,LBN,North,LB5,Tripoli,LB56,55,2025-01-15T00:00:00,2025,1,72,Conflict,26.0,29.0,El Nabatieh,LB4,BA
12023,Displacement due to conflict,Lebanon,LBN,Akkar,LB7,Akkar,LB51,73,2025-01-15T00:00:00,2025,1,72,Conflict,35.0,38.0,Baalbek-El Hermel,LB8,BA
10542,Displacement due to conflict,Lebanon,LBN,Mount Lebanon,LB3,Kesrwane,LB35,10,2025-01-15T00:00:00,2025,1,72,Conflict,5.0,5.0,Bekaa,LB2,BA
6747,Displacement due to conflict,Lebanon,LBN,El Nabatieh,LB4,Marjaayoun,LB43,1287,2025-01-15T00:00:00,2025,1,72,Conflict,605.0,682.0,El Nabatieh,LB4,BA
2358,Displacement due to conflict,Lebanon,LBN,Mount Lebanon,LB3,Jbeil,LB34,19,2025-01-15T00:00:00,2025,1,72,Conflict,9.0,10.0,South,LB6,BA
3736,Displacement due to conflict,Lebanon,LBN,North,LB5,El Minieh-Dennie,LB55,139,2025-01-15T00:00:00,2025,1,72,Conflict,66.0,73.0,South,LB6,BA
1766,Displacement due to conflict,Lebanon,LBN,Beirut,LB1,Beirut,LB11,2517,2025-01-15T00:00:00,2025,1,72,Conflict,1182.0,1335.0,South,LB6,BA
770,Displacement due to conflict,Lebanon,LBN,Mount Lebanon,LB3,El Meten,LB36,4042,2025-01-15T00:00:00,2025,1,72,Conflict,1902.0,2140.0,El Nabatieh,LB4,BA
56031,Displacement due to conflict,Lebanon,LBN,North,LB5,El Batroun,LB52,107,2025-01-15T00:00:00,2025,1,72,Conflict,50.0,57.0,El Nabatieh,LB4,BA
55621,Displacement due to conflict,Lebanon,LBN,Beirut,LB1,Beirut,LB11,3867,2025-01-15T00:00:00,2025,1,72,Conflict,1817.0,2050.0,El Nabatieh,LB4,BA
55550,Displacement due to conflict,Lebanon,LBN,Mount Lebanon,LB3,Aley,LB31,61,2025-01-15T00:00:00,2025,1,72,Conflict,29.0,32.0,Baalbek-El Hermel,LB8,BA
47061,Displacement due to conflict,Lebanon,LBN,Bekaa,LB2,Rachaya,LB23,100,2025-01-15T00:00:00,2025,1,72,Conflict,47.0,53.0,Baalbek-El Hermel,LB8,BA
47999,Displacement due to conflict,Lebanon,LBN,Mount Lebanon,LB3,Jbeil,LB34,41,2025-01-15T00:00:00,2025,1,72,Conflict,19.0,22.0,Baalbek-El Hermel,LB8,BA
48675,Displacement due to conflict,Lebanon,LBN,South,LB6,Jezzine,LB62,72,2025-01-15T00:00:00,2025,1,72,Conflict,33.0,39.0,South,LB6,BA
46085,Displacement due to conflict,Lebanon,LBN,Mount Lebanon,LB3,El Meten,LB36,3,2025-01-15T00:00:00,2025,1,72,Conflict,1.0,2.0,Beirut,LB1,BA
45022,Displacement due to conflict,Lebanon,LBN,North,LB5,El Koura,LB54,4,2025-01-15T00:00:00,2025,1,72,Conflict,2.0,2.0,Beirut,LB1,BA
43721,Displacement due to conflict,Lebanon,LBN,Mount Lebanon,LB3,Baabda,LB32,2579,2025-01-15T00:00:00,2025,1,72,Conflict,1214.0,1365.0,El Nabatieh,LB4,BA
34972,Displacement due to conflict,Lebanon,LBN,Mount Lebanon,LB3,Baabda,LB32,480,2025-01-15T00:00:00,2025,1,72,Conflict,226.0,254.0,Baalbek-El Hermel,LB8,BA
33301,Displacement due to conflict,Lebanon,LBN,North,LB5,El Koura,LB54,185,2025-01-15T00:00:00,2025,1,72,Conflict,87.0,98.0,South,LB6,BA
32349,Displacement due to conflict,Lebanon,LBN,North,LB5,Tripoli,LB56,153,2025-01-15T00:00:00,2025,1,72,Conflict,72.0,81.0,Baalbek-El Hermel,LB8,BA
33027,Displacement due to conflict,Lebanon,LBN,Akkar,LB7,Akkar,LB51,211,2025-01-15T00:00:00,2025,1,72,Conflict,99.0,112.0,South,LB6,BA
39382,Displacement due to conflict,Lebanon,LBN,Mount Lebanon,LB3,Kesrwane,LB35,10,2025-01-15T00:00:00,2025,1,72,Conflict,4.0,6.0,Mount Lebanon,LB3,BA
41036,Displacement due to conflict,Lebanon,LBN,South,LB6,Saida,LB61,12785,2025-01-15T00:00:00,2025,1,72,Conflict,6008.0,6777.0,South,LB6,BA
41703,Displacement due to conflict,Lebanon,LBN,Mount Lebanon,LB3,Jbeil,LB34,36,2025-01-15T00:00:00,2025,1,72,Conflict,17.0,19.0,El Nabatieh,LB4,BA
38538,Displacement due to conflict,Lebanon,LBN,Mount Lebanon,LB3,Aley,LB31,6778,2025-01-15T00:00:00,2025,1,72,Conflict,3188.0,3590.0,El Nabatieh,LB4,BA
37824,Displacement due to conflict,Lebanon,LBN,North,LB5,Tripoli,LB56,324,2025-01-15T00:00:00,2025,1,72,Conflict,153.0,171.0,South,LB6,BA
36103,Displacement due to conflict,Lebanon,LBN,El Nabatieh,LB4,El Nabatieh,LB44,19508,2025-01-15T00:00:00,2025,1,72,Conflict,9172.0,10336.0,El Nabatieh,LB4,BA
36390,Displacement due to conflict,Lebanon,LBN,Bekaa,LB2,Rachaya,LB23,217,2025-01-15T00:00:00,2025,1,72,Conflict,102.0,115.0,El Nabatieh,LB4,BA
62441,Displacement due to conflict,Lebanon,LBN,El Nabatieh,LB4,Hasbaya,LB42,24,2025-01-15T00:00:00,2025,1,72,Conflict,11.0,13.0,Bekaa,LB2,BA
61152,Displacement due to conflict,Lebanon,LBN,South,LB6,Sour,LB63,8813,2025-01-15T00:00:00,2025,1,72,Conflict,4143.0,4670.0,South,LB6,BA
69847,Displacement due to conflict,Lebanon,LBN,Akkar,LB7,Akkar,LB51,8,2025-01-15T00:00:00,2025,1,72,Conflict,3.0,5.0,Mount Lebanon,LB3,BA
67057,Displacement due to conflict,Lebanon,LBN,Mount Lebanon,LB3,Aley,LB31,1805,2025-01-15T00:00:00,2025,1,72,Conflict,850.0,955.0,South,LB6,BA
64606,Displacement due to conflict,Lebanon,LBN,North,LB5,El Batroun,LB52,51,2025-01-15T00:00:00,2025,1,72,Conflict,24.0,27.0,South,LB6,BA
64743,Displacement due to conflict,Lebanon,LBN,Mount Lebanon,LB3,Kesrwane,LB35,121,2025-01-15T00:00:00,2025,1,72,Conflict,57.0,64.0,Beirut,LB1,BA
84136,Displacement due to conflict,Lebanon,LBN,South,LB6,Saida,LB61,150,2025-01-15T00:00:00,2025,1,72,Conflict,71.0,79.0,Mount Lebanon,LB3,BA
81369,Displacement due to conflict,Lebanon,LBN,Mount Lebanon,LB3,Kesrwane,LB35,339,2025-01-15T00:00:00,2025,1,72,Conflict,161.0,178.0,El Nabatieh,LB4,BA
82346,Displacement due to conflict,Lebanon,LBN,Akkar,LB7,Akkar,LB51,184,2025-01-15T00:00:00,2025,1,72,Conflict,86.0,98.0,Beirut,LB1,BA
72147,Displacement due to conflict,Lebanon,LBN,North,LB5,El Minieh-Dennie,LB55,30,2025-01-15T00:00:00,2025,1,72,Conflict,14.0,16.0,Baalbek-El Hermel,LB8,BA
72742,Displacement due to conflict,Lebanon,LBN,Bekaa,LB2,Rachaya,LB23,40,2025-01-15T00:00:00,2025,1,72,Conflict,18.0,22.0,Bekaa,LB2,BA
72562,Displacement due to conflict,Lebanon,LBN,Bekaa,LB2,Zahle,LB25,425,2025-01-15T00:00:00,2025,1,72,Conflict,201.0,224.0,El Nabatieh,LB4,BA
73856,Displacement due to conflict,Lebanon,LBN,South,LB6,Saida,LB61,135,2025-01-15T00:00:00,2025,1,72,Conflict,63.0,72.0,Baalbek-El Hermel,LB8,BA
73524,Displacement due to conflict,Lebanon,LBN,Mount Lebanon,LB3,Baabda,LB32,1016,2025-01-15T00:00:00,2025,1,72,Conflict,478.0,538.0,South,LB6,BA
77010,Displacement due to conflict,Lebanon,LBN,North,LB5,El Koura,LB54,22,2025-01-15T00:00:00,2025,1,72,Conflict,10.0,12.0,El Nabatieh,LB4,BA
75373,Displacement due to conflict,Lebanon,LBN,Bekaa,LB2,West Bekaa,LB24,190,2025-01-15T00:00:00,2025,1,72,Conflict,91.0,99.0,El Nabatieh,LB4,BA
96515,Displacement due to conflict,Lebanon,LBN,Bekaa,LB2,West Bekaa,LB24,173,2025-01-15T00:00:00,2025,1,72,Conflict,81.0,92.0,Bekaa,LB2,BA
85454,Displacement due to conflict,Lebanon,LBN,Mount Lebanon,LB3,Baabda,LB32,302,2025-01-15T00:00:00,2025,1,72,Conflict,142.0,160.0,Mount Lebanon,LB3,BA
91206,Displacement due to conflict,Lebanon,LBN,North,LB5,Bcharre,LB53,15,2025-01-15T00:00:00,2025,1,72,Conflict,7.0,8.0,Baalbek-El Hermel,LB8,BA
90639,Displacement due to conflict,Lebanon,LBN,Mount Lebanon,LB3,Aley,LB31,3379,2025-01-15T00:00:00,2025,1,72,Conflict,1589.0,1790.0,Mount Lebanon,LB3,BA
108871,Displacement due to conflict,Lebanon,LBN,Beirut,LB1,Beirut,LB11,880,2025-01-15T00:00:00,2025,1,72,Conflict,413.0,467.0,Mount Lebanon,LB3,BA
111478,Displacement due to conflict,Lebanon,LBN,Mount Lebanon,LB3,Kesrwane,LB35,196,2025-01-15T00:00:00,2025,1,72,Conflict,92.0,104.0,South,LB6,BA
112460,Displacement due to conflict,Lebanon,LBN,South,LB6,Saida,LB61,63,2025-01-15T00:00:00,2025,1,72,Conflict,30.0,33.0,Beirut,LB1,BA
111037,Displacement due to conflict,Lebanon,LBN,Mount Lebanon,LB3,Chouf,LB33,2478,2025-01-15T00:00:00,2025,1,72,Conflict,1167.0,1311.0,South,LB6,BA
102164,Displacement due to conflict,Lebanon,LBN,Mount Lebanon,LB3,Aley,LB31,43,2025-01-15T00:00:00,2025,1,72,Conflict,20.0,23.0,Beirut,LB1,BA
103249,Displacement due to conflict,Lebanon,LBN,Mount Lebanon,LB3,Chouf,LB33,3861,2025-01-15T00:00:00,2025,1,72,Conflict,1820.0,2041.0,El Nabatieh,LB4,BA
132096,Displacement due to conflict,Lebanon,LBN,Mount Lebanon,LB3,Chouf,LB33,279,2025-01-15T00:00:00,2025,1,72,Conflict,132.0,147.0,Mount Lebanon,LB3,BA
140701,Displacement due to conflict,Lebanon,LBN,North,LB5,El Koura,LB54,115,2025-01-15T00:00:00,2025,1,72,Conflict,54.0,61.0,Baalbek-El Hermel,LB8,BA
114382,Displacement due to conflict,Lebanon,LBN,Mount Lebanon,LB3,El Meten,LB36,1691,2025-01-15T00:00:00,2025,1,72,Conflict,795.0,896.0,Mount Lebanon,LB3,BA
122555,Displacement due to conflict,Lebanon,LBN,South,LB6,Sour,LB63,5848,2025-01-15T00:00:00,2025,1,72,Conflict,2752.0,3096.0,El Nabatieh,LB4,BA
122991,Displacement due to conflict,Lebanon,LBN,South,LB6,Saida,LB61,15944,2025-01-15T00:00:00,2025,1,72,Conflict,7496.0,8448.0,El Nabatieh,LB4,BA
124230,Displacement due to conflict,Lebanon,LBN,Mount Lebanon,LB3,Chouf,LB33,50,2025-01-22T00:00:00,2025,1,73,Conflict,24.0,26.0,Beirut,LB1,BA
126427,Displacement due to conflict,Lebanon,LBN,South,LB6,Saida,LB61,12354,2025-01-22T00:00:00,2025,1,73,Conflict,5806.0,6548.0,South,LB6,BA
121422,Displacement due to conflict,Lebanon,LBN,North,LB5,El Koura,LB54,67,2025-01-22T00:00:00,2025,1,73,Conflict,32.0,35.0,El Nabatieh,LB4,BA
121810,Displacement due to conflict,Lebanon,LBN,South,LB6,Sour,LB63,6430,2025-01-22T00:00:00,2025,1,73,Conflict,3025.0,3405.0,El Nabatieh,LB4,BA
121007,Displacement due to conflict,Lebanon,LBN,Mount Lebanon,LB3,Jbeil,LB34,36,2025-01-22T00:00:00,2025,1,73,Conflict,17.0,19.0,El Nabatieh,LB4,BA
117838,Displacement due to conflict,Lebanon,LBN,El Nabatieh,LB4,Bent Jbeil,LB41,4818,2025-01-22T00:00:00,2025,1,73,Conflict,2267.0,2551.0,El Nabatieh,LB4,BA
116870,Displacement due to conflict,Lebanon,LBN,North,LB5,Tripoli,LB56,51,2025-01-22T00:00:00,2025,1,73,Conflict,24.0,27.0,El Nabatieh,LB4,BA
133234,Displacement due to conflict,Lebanon,LBN,Mount Lebanon,LB3,Baabda,LB32,2932,2025-01-22T00:00:00,2025,1,73,Conflict,1381.0,1551.0,El Nabatieh,LB4,BA
128936,Displacement due to conflict,Lebanon,LBN,Mount Lebanon,LB3,El Meten,LB36,897,2025-01-22T00:00:00,2025,1,73,Conflict,422.0,475.0,South,LB6,BA
103205,Displacement due to conflict,Lebanon,LBN,Akkar,LB7,Akkar,LB51,336,2025-01-22T00:00:00,2025,1,73,Conflict,158.0,178.0,El Nabatieh,LB4,BA
102920,Displacement due to conflict,Lebanon,LBN,South,LB6,Saida,LB61,15415,2025-01-22T00:00:00,2025,1,73,Conflict,7245.0,8170.0,El Nabatieh,LB4,BA
105722,Displacement due to conflict,Lebanon,LBN,Beirut,LB1,Beirut,LB11,2473,2025-01-22T00:00:00,2025,1,73,Conflict,1161.0,1312.0,South,LB6,BA
101525,Displacement due to conflict,Lebanon,LBN,Bekaa,LB2,Rachaya,LB23,30,2025-01-22T00:00:00,2025,1,73,Conflict,14.0,16.0,South,LB6,BA
102337,Displacement due to conflict,Lebanon,LBN,Mount Lebanon,LB3,Baabda,LB32,325,2025-01-22T00:00:00,2025,1,73,Conflict,153.0,172.0,Baalbek-El Hermel,LB8,BA
100252,Displacement due to conflict,Lebanon,LBN,Bekaa,LB2,Rachaya,LB23,40,2025-01-22T00:00:00,2025,1,73,Conflict,18.0,22.0,Bekaa,LB2,BA
108988,Displacement due to conflict,Lebanon,LBN,Bekaa,LB2,Rachaya,LB23,232,2025-01-22T00:00:00,2025,1,73,Conflict,109.0,123.0,El Nabatieh,LB4,BA
107353,Displacement due to conflict,Lebanon,LBN,Akkar,LB7,Akkar,LB51,85,2025-01-22T00:00:00,2025,1,73,Conflict,41.0,44.0,Baalbek-El Hermel,LB8,BA
106196,Displacement due to conflict,Lebanon,LBN,Mount Lebanon,LB3,Aley,LB31,1672,2025-01-22T00:00:00,2025,1,73,Conflict,788.0,884.0,South,LB6,BA
90280,Displacement due to conflict,Lebanon,LBN,North,LB5,El Batroun,LB52,92,2025-01-22T00:00:00,2025,1,73,Conflict,43.0,49.0,El Nabatieh,LB4,BA
85263,Displacement due to conflict,Lebanon,LBN,Mount Lebanon,LB3,Kesrwane,LB35,10,2025-01-22T00:00:00,2025,1,73,Conflict,4.0,6.0,Mount Lebanon,LB3,BA
87917,Displacement due to conflict,Lebanon,LBN,El Nabatieh,LB4,Hasbaya,LB42,1654,2025-01-22T00:00:00,2025,1,73,Conflict,776.0,878.0,El Nabatieh,LB4,BA
96871,Displacement due to conflict,Lebanon,LBN,Mount Lebanon,LB3,Jbeil,LB34,307,2025-01-22T00:00:00,2025,1,73,Conflict,145.0,162.0,Mount Lebanon,LB3,BA
97589,Displacement due to conflict,Lebanon,LBN,Beirut,LB1,Beirut,LB11,3675,2025-01-22T00:00:00,2025,1,73,Conflict,1728.0,1947.0,El Nabatieh,LB4,BA
93063,Displacement due to conflict,Lebanon,LBN,Bekaa,LB2,West Bekaa,LB24,173,2025-01-22T00:00:00,2025,1,73,Conflict,81.0,92.0,Bekaa,LB2,BA
93074,Displacement due to conflict,Lebanon,LBN,South,LB6,Jezzine,LB62,72,2025-01-22T00:00:00,2025,1,73,Conflict,33.0,39.0,South,LB6,BA
76468,Displacement due to conflict,Lebanon,LBN,North,LB5,El Minieh-Dennie,LB55,179,2025-01-22T00:00:00,2025,1,73,Conflict,86.0,93.0,El Nabatieh,LB4,BA
73437,Displacement due to conflict,Lebanon,LBN,Mount Lebanon,LB3,Kesrwane,LB35,319,2025-01-22T00:00:00,2025,1,73,Conflict,151.0,168.0,El Nabatieh,LB4,BA
72505,Displacement due to conflict,Lebanon,LBN,Beirut,LB1,Beirut,LB11,90,2025-01-22T00:00:00,2025,1,73,Conflict,42.0,48.0,Beirut,LB1,BA
72409,Displacement due to conflict,Lebanon,LBN,Mount Lebanon,LB3,Aley,LB31,3911,2025-01-22T00:00:00,2025,1,73,Conflict,1840.0,2071.0,Mount Lebanon,LB3,BA
72242,Displacement due to conflict,Lebanon,LBN,Mount Lebanon,LB3,Aley,LB31,6336,2025-01-22T00:00:00,2025,1,73,Conflict,2977.0,3359.0,El Nabatieh,LB4,BA
72227,Displacement due to conflict,Lebanon,LBN,Bekaa,LB2,Zahle,LB25,5,2025-01-22T00:00:00,2025,1,73,Conflict,2.0,3.0,Bekaa,LB2,BA
80654,Displacement due to conflict,Lebanon,LBN,North,LB5,El Koura,LB54,4,2025-01-22T00:00:00,2025,1,73,Conflict,2.0,2.0,Beirut,LB1,BA
79673,Displacement due to conflict,Lebanon,LBN,Mount Lebanon,LB3,Chouf,LB33,3548,2025-01-22T00:00:00,2025,1,73,Conflict,1670.0,1878.0,El Nabatieh,LB4,BA
65038,Displacement due to conflict,Lebanon,LBN,Mount Lebanon,LB3,El Meten,LB36,3,2025-01-22T00:00:00,2025,1,73,Conflict,1.0,2.0,Beirut,LB1,BA
64372,Displacement due to conflict,Lebanon,LBN,Mount Lebanon,LB3,Aley,LB31,53,2025-01-22T00:00:00,2025,1,73,Conflict,26.0,27.0,Beirut,LB1,BA
66592,Displacement due to conflict,Lebanon,LBN,Mount Lebanon,LB3,El Meten,LB36,4171,2025-01-22T00:00:00,2025,1,73,Conflict,1962.0,2209.0,El Nabatieh,LB4,BA
70515,Displacement due to conflict,Lebanon,LBN,Akkar,LB7,Akkar,LB51,5,2025-01-22T00:00:00,2025,1,73,Conflict,2.0,3.0,Bekaa,LB2,BA
71090,Displacement due to conflict,Lebanon,LBN,Mount Lebanon,LB3,Chouf,LB33,238,2025-01-22T00:00:00,2025,1,73,Conflict,113.0,125.0,Mount Lebanon,LB3,BA
68157,Displacement due to conflict,Lebanon,LBN,Mount Lebanon,LB3,Jbeil,LB34,19,2025-01-22T00:00:00,2025,1,73,Conflict,9.0,10.0,South,LB6,BA
68284,Displacement due to conflict,Lebanon,LBN,Mount Lebanon,LB3,Kesrwane,LB35,196,2025-01-22T00:00:00,2025,1,73,Conflict,92.0,104.0,South,LB6,BA
61658,Displacement due to conflict,Lebanon,LBN,Mount Lebanon,LB3,El Meten,LB36,1689,2025-01-22T00:00:00,2025,1,73,Conflict,793.0,896.0,Mount Lebanon,LB3,BA
60394,Displacement due to conflict,Lebanon,LBN,Bekaa,LB2,West Bekaa,LB24,190,2025-01-22T00:00:00,2025,1,73,Conflict,91.0,99.0,El Nabatieh,LB4,BA
60677,Displacement due to conflict,Lebanon,LBN,Mount Lebanon,LB3,Jbeil,LB34,41,2025-01-22T00:00:00,2025,1,73,Conflict,19.0,22.0,Baalbek-El Hermel,LB8,BA
61735,Displacement due to conflict,Lebanon,LBN,North,LB5,Bcharre,LB53,15,2025-01-22T00:00:00,2025,1,73,Conflict,7.0,8.0,Baalbek-El Hermel,LB8,BA
62929,Displacement due to conflict,Lebanon,LBN,South,LB6,Sour,LB63,9203,2025-01-22T00:00:00,2025,1,73,Conflict,4327.0,4876.0,South,LB6,BA
62949,Displacement due to conflict,Lebanon,LBN,North,LB5,Tripoli,LB56,27,2025-01-22T00:00:00,2025,1,73,Conflict,13.0,14.0,South,LB6,BA
56502,Displacement due to conflict,Lebanon,LBN,Mount Lebanon,LB3,Kesrwane,LB35,121,2025-01-22T00:00:00,2025,1,73,Conflict,57.0,64.0,Beirut,LB1,BA
57529,Displacement due to conflict,Lebanon,LBN,North,LB5,El Koura,LB54,30,2025-01-22T00:00:00,2025,1,73,Conflict,14.0,16.0,Baalbek-El Hermel,LB8,BA
59560,Displacement due to conflict,Lebanon,LBN,Mount Lebanon,LB3,Kesrwane,LB35,10,2025-01-22T00:00:00,2025,1,73,Conflict,5.0,5.0,Bekaa,LB2,BA
36602,Displacement due to conflict,Lebanon,LBN,North,LB5,El Koura,LB54,125,2025-01-22T00:00:00,2025,1,73,Conflict,60.0,65.0,South,LB6,BA
35953,Displacement due to conflict,Lebanon,LBN,Mount Lebanon,LB3,Chouf,LB33,2334,2025-01-22T00:00:00,2025,1,73,Conflict,1099.0,1235.0,South,LB6,BA
38775,Displacement due to conflict,Lebanon,LBN,Baalbek-El Hermel,LB8,Baalbek,LB21,165,2025-01-22T00:00:00,2025,1,73,Conflict,75.0,90.0,Baalbek-El Hermel,LB8,BA
42339,Displacement due to conflict,Lebanon,LBN,North,LB5,El Minieh-Dennie,LB55,99,2025-01-22T00:00:00,2025,1,73,Conflict,47.0,52.0,South,LB6,BA
42471,Displacement due to conflict,Lebanon,LBN,Beirut,LB1,Beirut,LB11,626,2025-01-22T00:00:00,2025,1,73,Conflict,293.0,333.0,Mount Lebanon,LB3,BA
40657,Displacement due to conflict,Lebanon,LBN,El Nabatieh,LB4,Marjaayoun,LB43,1571,2025-01-22T00:00:00,2025,1,73,Conflict,738.0,833.0,El Nabatieh,LB4,BA
40990,Displacement due to conflict,Lebanon,LBN,South,LB6,Saida,LB61,134,2025-01-22T00:00:00,2025,1,73,Conflict,63.0,71.0,Baalbek-El Hermel,LB8,BA
34145,Displacement due to conflict,Lebanon,LBN,Akkar,LB7,Akkar,LB51,19,2025-01-22T00:00:00,2025,1,73,Conflict,8.0,11.0,Mount Lebanon,LB3,BA
31723,Displacement due to conflict,Lebanon,LBN,South,LB6,Jezzine,LB62,193,2025-01-22T00:00:00,2025,1,73,Conflict,91.0,102.0,El Nabatieh,LB4,BA
31578,Displacement due to conflict,Lebanon,LBN,Baalbek-El Hermel,LB8,El Hermel,LB22,16,2025-01-22T00:00:00,2025,1,73,Conflict,8.0,8.0,Baalbek-El Hermel,LB8,BA
42810,Displacement due to conflict,Lebanon,LBN,Akkar,LB7,Akkar,LB51,155,2025-01-22T00:00:00,2025,1,73,Conflict,72.0,83.0,Beirut,LB1,BA
45185,Displacement due to conflict,Lebanon,LBN,South,LB6,Saida,LB61,59,2025-01-22T00:00:00,2025,1,73,Conflict,28.0,31.0,Beirut,LB1,BA
44727,Displacement due to conflict,Lebanon,LBN,Bekaa,LB2,Zahle,LB25,140,2025-01-22T00:00:00,2025,1,73,Conflict,66.0,74.0,Baalbek-El Hermel,LB8,BA
56344,Displacement due to conflict,Lebanon,LBN,Mount Lebanon,LB3,El Meten,LB36,568,2025-01-22T00:00:00,2025,1,73,Conflict,266.0,302.0,Baalbek-El Hermel,LB8,BA
51661,Displacement due to conflict,Lebanon,LBN,Bekaa,LB2,Zahle,LB25,285,2025-01-22T00:00:00,2025,1,73,Conflict,134.0,151.0,El Nabatieh,LB4,BA
1755,Displacement due to conflict,Lebanon,LBN,Bekaa,LB2,Rachaya,LB23,70,2025-01-22T00:00:00,2025,1,73,Conflict,33.0,37.0,Baalbek-El Hermel,LB8,BA
7336,Displacement due to conflict,Lebanon,LBN,Mount Lebanon,LB3,Aley,LB31,66,2025-01-22T00:00:00,2025,1,73,Conflict,31.0,35.0,Baalbek-El Hermel,LB8,BA
8825,Displacement due to conflict,Lebanon,LBN,North,LB5,El Batroun,LB52,36,2025-01-22T00:00:00,2025,1,73,Conflict,17.0,19.0,South,LB6,BA
8040,Displacement due to conflict,Lebanon,LBN,North,LB5,Tripoli,LB56,40,2025-01-22T00:00:00,2025,1,73,Conflict,19.0,21.0,Baalbek-El Hermel,LB8,BA
23256,Displacement due to conflict,Lebanon,LBN,Mount Lebanon,LB3,Baabda,LB32,302,2025-01-22T00:00:00,2025,1,73,Conflict,142.0,160.0,Mount Lebanon,LB3,BA
25067,Displacement due to conflict,Lebanon,LBN,El Nabatieh,LB4,El Nabatieh,LB44,19186,2025-01-22T00:00:00,2025,1,73,Conflict,9020.0,10166.0,El Nabatieh,LB4,BA
17587,Displacement due to conflict,Lebanon,LBN,North,LB5,El Minieh-Dennie,LB55,47,2025-01-22T00:00:00,2025,1,73,Conflict,22.0,25.0,Beirut,LB1,BA
17393,Displacement due to conflict,Lebanon,LBN,Akkar,LB7,Akkar,LB51,216,2025-01-22T00:00:00,2025,1,73,Conflict,101.0,115.0,South,LB6,BA
17258,Displacement due to conflict,Lebanon,LBN,North,LB5,El Minieh-Dennie,LB55,30,2025-01-22T00:00:00,2025,1,73,Conflict,14.0,16.0,Baalbek-El Hermel,LB8,BA
14891,Displacement due to conflict,Lebanon,LBN,North,LB5,Tripoli,LB56,37,2025-01-22T00:00:00,2025,1,73,Conflict,17.0,20.0,Mount Lebanon,LB3,BA
18162,Displacement due to conflict,Lebanon,LBN,Mount Lebanon,LB3,Baabda,LB32,863,2025-01-22T00:00:00,2025,1,73,Conflict,406.0,457.0,South,LB6,BA
18880,Displacement due to conflict,Lebanon,LBN,North,LB5,Zgharta,LB57,65,2025-01-22T00:00:00,2025,1,73,Conflict,31.0,34.0,El Nabatieh,LB4,BA
21739,Displacement due to conflict,Lebanon,LBN,Bekaa,LB2,Zahle,LB25,10,2025-01-29T00:00:00,2025,1,74,Conflict,4.0,6.0,South,LB6,BA
16670,Displacement due to conflict,Lebanon,LBN,Bekaa,LB2,West Bekaa,LB24,79,2025-01-29T00:00:00,2025,1,74,Conflict,37.0,42.0,Bekaa,LB2,BA
25159,Displacement due to conflict,Lebanon,LBN,Akkar,LB7,Akkar,LB51,80,2025-01-29T00:00:00,2025,1,74,Conflict,38.0,42.0,Baalbek-El Hermel,LB8,BA
22572,Displacement due to conflict,Lebanon,LBN,North,LB5,El Batroun,LB52,9,2025-01-29T00:00:00,2025,1,74,Conflict,4.0,5.0,South,LB6,BA
11262,Displacement due to conflict,Lebanon,LBN,North,LB5,Tripoli,LB56,42,2025-01-29T00:00:00,2025,1,74,Conflict,20.0,22.0,South,LB6,BA
4018,Displacement due to conflict,Lebanon,LBN,Mount Lebanon,LB3,Aley,LB31,43,2025-01-29T00:00:00,2025,1,74,Conflict,21.0,22.0,Beirut,LB1,BA
2265,Displacement due to conflict,Lebanon,LBN,Baalbek-El Hermel,LB8,Baalbek,LB21,190,2025-01-29T00:00:00,2025,1,74,Conflict,89.0,101.0,Baalbek-El Hermel,LB8,BA
49690,Displacement due to conflict,Lebanon,LBN,Mount Lebanon,LB3,Aley,LB31,3644,2025-01-29T00:00:00,2025,1,74,Conflict,1714.0,1930.0,Mount Lebanon,LB3,BA
53824,Displacement due to conflict,Lebanon,LBN,Mount Lebanon,LB3,El Meten,LB36,95,2025-01-29T00:00:00,2025,1,74,Conflict,44.0,51.0,Baalbek-El Hermel,LB8,BA
53705,Displacement due to conflict,Lebanon,LBN,North,LB5,El Minieh-Dennie,LB55,122,2025-01-29T00:00:00,2025,1,74,Conflict,58.0,64.0,El Nabatieh,LB4,BA
53383,Displacement due to conflict,Lebanon,LBN,El Nabatieh,LB4,El Nabatieh,LB44,19737,2025-01-29T00:00:00,2025,1,74,Conflict,9278.0,10459.0,El Nabatieh,LB4,BA
44506,Displacement due to conflict,Lebanon,LBN,Baalbek-El Hermel,LB8,El Hermel,LB22,25,2025-01-29T00:00:00,2025,1,74,Conflict,12.0,13.0,Beirut,LB1,BA
42606,Displacement due to conflict,Lebanon,LBN,Mount Lebanon,LB3,Baabda,LB32,334,2025-01-29T00:00:00,2025,1,74,Conflict,157.0,177.0,Mount Lebanon,LB3,BA
48831,Displacement due to conflict,Lebanon,LBN,Mount Lebanon,LB3,Kesrwane,LB35,113,2025-01-29T00:00:00,2025,1,74,Conflict,53.0,60.0,South,LB6,BA
48891,Displacement due to conflict,Lebanon,LBN,El Nabatieh,LB4,Bent Jbeil,LB41,5129,2025-01-29T00:00:00,2025,1,74,Conflict,2413.0,2716.0,El Nabatieh,LB4,BA
47143,Displacement due to conflict,Lebanon,LBN,Mount Lebanon,LB3,El Meten,LB36,2508,2025-01-29T00:00:00,2025,1,74,Conflict,1180.0,1328.0,El Nabatieh,LB4,BA
47541,Displacement due to conflict,Lebanon,LBN,North,LB5,El Koura,LB54,4,2025-01-29T00:00:00,2025,1,74,Conflict,2.0,2.0,Beirut,LB1,BA
31523,Displacement due to conflict,Lebanon,LBN,Mount Lebanon,LB3,Chouf,LB33,2235,2025-01-29T00:00:00,2025,1,74,Conflict,1051.0,1184.0,South,LB6,BA
32160,Displacement due to conflict,Lebanon,LBN,Mount Lebanon,LB3,El Meten,LB36,3,2025-01-29T00:00:00,2025,1,74,Conflict,1.0,2.0,Beirut,LB1,BA
32051,Displacement due to conflict,Lebanon,LBN,South,LB6,Saida,LB61,9815,2025-01-29T00:00:00,2025,1,74,Conflict,4615.0,5200.0,South,LB6,BA
29786,Displacement due to conflict,Lebanon,LBN,North,LB5,El Koura,LB54,6,2025-01-29T00:00:00,2025,1,74,Conflict,3.0,3.0,El Nabatieh,LB4,BA
30075,Displacement due to conflict,Lebanon,LBN,Mount Lebanon,LB3,Kesrwane,LB35,10,2025-01-29T00:00:00,2025,1,74,Conflict,5.0,5.0,Bekaa,LB2,BA
34490,Displacement due to conflict,Lebanon,LBN,Akkar,LB7,Akkar,LB51,136,2025-01-29T00:00:00,2025,1,74,Conflict,64.0,72.0,South,LB6,BA
33125,Displacement due to conflict,Lebanon,LBN,Mount Lebanon,LB3,Chouf,LB33,50,2025-01-29T00:00:00,2025,1,74,Conflict,24.0,26.0,Beirut,LB1,BA
40725,Displacement due to conflict,Lebanon,LBN,Akkar,LB7,Akkar,LB51,112,2025-01-29T00:00:00,2025,1,74,Conflict,53.0,59.0,Beirut,LB1,BA
42554,Displacement due to conflict,Lebanon,LBN,Bekaa,LB2,Zahle,LB25,100,2025-01-29T00:00:00,2025,1,74,Conflict,47.0,53.0,Beirut,LB1,BA
39163,Displacement due to conflict,Lebanon,LBN,Mount Lebanon,LB3,Jbeil,LB34,10,2025-01-29T00:00:00,2025,1,74,Conflict,5.0,5.0,South,LB6,BA
36888,Displacement due to conflict,Lebanon,LBN,Mount Lebanon,LB3,Kesrwane,LB35,50,2025-01-29T00:00:00,2025,1,74,Conflict,24.0,26.0,Beirut,LB1,BA
59269,Displacement due to conflict,Lebanon,LBN,Bekaa,LB2,Rachaya,LB23,62,2025-01-29T00:00:00,2025,1,74,Conflict,28.0,34.0,Baalbek-El Hermel,LB8,BA
57593,Displacement due to conflict,Lebanon,LBN,Mount Lebanon,LB3,Jbeil,LB34,268,2025-01-29T00:00:00,2025,1,74,Conflict,127.0,141.0,Mount Lebanon,LB3,BA
63221,Displacement due to conflict,Lebanon,LBN,Baalbek-El Hermel,LB8,Baalbek,LB21,22,2025-01-29T00:00:00,2025,1,74,Conflict,10.0,12.0,El Nabatieh,LB4,BA
62296,Displacement due to conflict,Lebanon,LBN,North,LB5,Tripoli,LB56,17,2025-01-29T00:00:00,2025,1,74,Conflict,8.0,9.0,Baalbek-El Hermel,LB8,BA
60766,Displacement due to conflict,Lebanon,LBN,Bekaa,LB2,Zahle,LB25,173,2025-01-29T00:00:00,2025,1,74,Conflict,82.0,91.0,El Nabatieh,LB4,BA
61523,Displacement due to conflict,Lebanon,LBN,South,LB6,Sour,LB63,6624,2025-01-29T00:00:00,2025,1,74,Conflict,3117.0,3507.0,El Nabatieh,LB4,BA
68455,Displacement due to conflict,Lebanon,LBN,Bekaa,LB2,Rachaya,LB23,533,2025-01-29T00:00:00,2025,1,74,Conflict,249.0,284.0,El Nabatieh,LB4,BA
67913,Displacement due to conflict,Lebanon,LBN,Bekaa,LB2,West Bekaa,LB24,50,2025-01-29T00:00:00,2025,1,74,Conflict,24.0,26.0,South,LB6,BA
69471,Displacement due to conflict,Lebanon,LBN,Mount Lebanon,LB3,Baabda,LB32,2077,2025-01-29T00:00:00,2025,1,74,Conflict,979.0,1098.0,El Nabatieh,LB4,BA
71027,Displacement due to conflict,Lebanon,LBN,South,LB6,Saida,LB61,15277,2025-01-29T00:00:00,2025,1,74,Conflict,7181.0,8096.0,El Nabatieh,LB4,BA
64271,Displacement due to conflict,Lebanon,LBN,El Nabatieh,LB4,Marjaayoun,LB43,1571,2025-01-29T00:00:00,2025,1,74,Conflict,738.0,833.0,El Nabatieh,LB4,BA
80300,Displacement due to conflict,Lebanon,LBN,Beirut,LB1,Beirut,LB11,2388,2025-01-29T00:00:00,2025,1,74,Conflict,1122.0,1266.0,South,LB6,BA
82762,Displacement due to conflict,Lebanon,LBN,North,LB5,El Koura,LB54,8,2025-01-29T00:00:00,2025,1,74,Conflict,4.0,4.0,South,LB6,BA
84274,Displacement due to conflict,Lebanon,LBN,Mount Lebanon,LB3,Aley,LB31,1140,2025-01-29T00:00:00,2025,1,74,Conflict,538.0,602.0,South,LB6,BA
83862,Displacement due to conflict,Lebanon,LBN,North,LB5,El Minieh-Dennie,LB55,20,2025-01-29T00:00:00,2025,1,74,Conflict,9.0,11.0,South,LB6,BA
71569,Displacement due to conflict,Lebanon,LBN,El Nabatieh,LB4,Hasbaya,LB42,1645,2025-01-29T00:00:00,2025,1,74,Conflict,772.0,873.0,El Nabatieh,LB4,BA
76851,Displacement due to conflict,Lebanon,LBN,Mount Lebanon,LB3,Jbeil,LB34,6,2025-01-29T00:00:00,2025,1,74,Conflict,3.0,3.0,Baalbek-El Hermel,LB8,BA
93252,Displacement due to conflict,Lebanon,LBN,Mount Lebanon,LB3,Aley,LB31,5557,2025-01-29T00:00:00,2025,1,74,Conflict,2611.0,2946.0,El Nabatieh,LB4,BA
92908,Displacement due to conflict,Lebanon,LBN,Mount Lebanon,LB3,Baabda,LB32,75,2025-01-29T00:00:00,2025,1,74,Conflict,35.0,40.0,Baalbek-El Hermel,LB8,BA
97172,Displacement due to conflict,Lebanon,LBN,Beirut,LB1,Beirut,LB11,73,2025-01-29T00:00:00,2025,1,74,Conflict,34.0,39.0,Beirut,LB1,BA
97241,Displacement due to conflict,Lebanon,LBN,South,LB6,Jezzine,LB62,138,2025-01-29T00:00:00,2025,1,74,Conflict,65.0,73.0,El Nabatieh,LB4,BA
85649,Displacement due to conflict,Lebanon,LBN,Akkar,LB7,Akkar,LB51,13,2025-01-29T00:00:00,2025,1,74,Conflict,6.0,7.0,Mount Lebanon,LB3,BA
85760,Displacement due to conflict,Lebanon,LBN,Bekaa,LB2,Zahle,LB25,5,2025-01-29T00:00:00,2025,1,74,Conflict,2.0,3.0,Bekaa,LB2,BA
86210,Displacement due to conflict,Lebanon,LBN,Mount Lebanon,LB3,Baabda,LB32,573,2025-01-29T00:00:00,2025,1,74,Conflict,270.0,303.0,South,LB6,BA
91778,Displacement due to conflict,Lebanon,LBN,Mount Lebanon,LB3,Kesrwane,LB35,10,2025-01-29T00:00:00,2025,1,74,Conflict,4.0,6.0,Mount Lebanon,LB3,BA
110112,Displacement due to conflict,Lebanon,LBN,South,LB6,Jezzine,LB62,11,2025-01-29T00:00:00,2025,1,74,Conflict,5.0,6.0,Mount Lebanon,LB3,BA
112174,Displacement due to conflict,Lebanon,LBN,Beirut,LB1,Beirut,LB11,495,2025-01-29T00:00:00,2025,1,74,Conflict,231.0,264.0,Mount Lebanon,LB3,BA
100673,Displacement due to conflict,Lebanon,LBN,Baalbek-El Hermel,LB8,El Hermel,LB22,10,2025-01-29T00:00:00,2025,1,74,Conflict,5.0,5.0,Baalbek-El Hermel,LB8,BA
101097,Displacement due to conflict,Lebanon,LBN,Bekaa,LB2,Zahle,LB25,135,2025-01-29T00:00:00,2025,1,74,Conflict,63.0,72.0,Baalbek-El Hermel,LB8,BA
104378,Displacement due to conflict,Lebanon,LBN,Mount Lebanon,LB3,Chouf,LB33,3117,2025-01-29T00:00:00,2025,1,74,Conflict,1466.0,1651.0,El Nabatieh,LB4,BA
128607,Displacement due to conflict,Lebanon,LBN,Mount Lebanon,LB3,Jbeil,LB34,65,2025-01-29T00:00:00,2025,1,74,Conflict,31.0,34.0,El Nabatieh,LB4,BA
140613,Displacement due to conflict,Lebanon,LBN,Mount Lebanon,LB3,El Meten,LB36,1879,2025-01-29T00:00:00,2025,1,74,Conflict,884.0,995.0,Mount Lebanon,LB3,BA
116984,Displacement due to conflict,Lebanon,LBN,South,LB6,Sour,LB63,9244,2025-01-29T00:00:00,2025,1,74,Conflict,4347.0,4897.0,South,LB6,BA
114215,Displacement due to conflict,Lebanon,LBN,Mount Lebanon,LB3,El Meten,LB36,550,2025-01-29T00:00:00,2025,1,74,Conflict,258.0,292.0,South,LB6,BA
114218,Displacement due to conflict,Lebanon,LBN,South,LB6,Jezzine,LB62,64,2025-01-29T00:00:00,2025,1,74,Conflict,30.0,34.0,South,LB6,BA
113070,Displacement due to conflict,Lebanon,LBN,Mount Lebanon,LB3,Kesrwane,LB35,238,2025-01-29T00:00:00,2025,1,74,Conflict,112.0,126.0,El Nabatieh,LB4,BA
115132,Displacement due to conflict,Lebanon,LBN,Mount Lebanon,LB3,Aley,LB31,476,2025-01-29T00:00:00,2025,1,74,Conflict,223.0,253.0,Baalbek-El Hermel,LB8,BA
120682,Displacement due to conflict,Lebanon,LBN,Beirut,LB1,Beirut,LB11,3471,2025-01-29T00:00:00,2025,1,74,Conflict,1633.0,1838.0,El Nabatieh,LB4,BA
120727,Displacement due to conflict,Lebanon,LBN,North,LB5,Tripoli,LB56,10,2025-01-29T00:00:00,2025,1,74,Conflict,5.0,5.0,El Nabatieh,LB4,BA
120281,Displacement due to conflict,Lebanon,LBN,Bekaa,LB2,West Bekaa,LB24,255,2025-01-29T00:00:00,2025,1,74,Conflict,121.0,134.0,El Nabatieh,LB4,BA
121654,Displacement due to conflict,Lebanon,LBN,North,LB5,El Minieh-Dennie,LB55,33,2025-01-29T00:00:00,2025,1,74,Conflict,16.0,17.0,Beirut,LB1,BA
124248,Displacement due to conflict,Lebanon,LBN,North,LB5,El Batroun,LB52,7,2025-01-29T00:00:00,2025,1,74,Conflict,3.0,4.0,El Nabatieh,LB4,BA
124486,Displacement due to conflict,Lebanon,LBN,Mount Lebanon,LB3,Chouf,LB33,80,2025-01-29T00:00:00,2025,1,74,Conflict,39.0,41.0,Mount Lebanon,LB3,BA
124189,Displacement due to conflict,Lebanon,LBN,Akkar,LB7,Akkar,LB51,185,2025-01-29T00:00:00,2025,1,74,Conflict,87.0,98.0,El Nabatieh,LB4,BA
123467,Displacement due to conflict,Lebanon,LBN,Akkar,LB7,Akkar,LB51,5,2025-01-29T00:00:00,2025,1,74,Conflict,2.0,3.0,Bekaa,LB2,BA
123997,Displacement due to conflict,Lebanon,LBN,Akkar,LB7,Akkar,LB51,23,2025-02-05T00:00:00,2025,2,75,Conflict,11.0,12.0,Mount Lebanon,LB3,BA
122924,Displacement due to conflict,Lebanon,LBN,Mount Lebanon,LB3,Baabda,LB32,2688,2025-02-05T00:00:00,2025,2,75,Conflict,1265.0,1423.0,El Nabatieh,LB4,BA
122802,Displacement due to conflict,Lebanon,LBN,Mount Lebanon,LB3,Jbeil,LB34,248,2025-02-05T00:00:00,2025,2,75,Conflict,118.0,130.0,Mount Lebanon,LB3,BA
122791,Displacement due to conflict,Lebanon,LBN,North,LB5,El Batroun,LB52,10,2025-02-05T00:00:00,2025,2,75,Conflict,5.0,5.0,South,LB6,BA
122161,Displacement due to conflict,Lebanon,LBN,South,LB6,Sour,LB63,8252,2025-02-05T00:00:00,2025,2,75,Conflict,3883.0,4369.0,El Nabatieh,LB4,BA
120119,Displacement due to conflict,Lebanon,LBN,Mount Lebanon,LB3,Kesrwane,LB35,7,2025-02-05T00:00:00,2025,2,75,Conflict,3.0,4.0,Beirut,LB1,BA
120463,Displacement due to conflict,Lebanon,LBN,South,LB6,Saida,LB61,14414,2025-02-05T00:00:00,2025,2,75,Conflict,6775.0,7639.0,El Nabatieh,LB4,BA
121112,Displacement due to conflict,Lebanon,LBN,Bekaa,LB2,West Bekaa,LB24,15,2025-02-05T00:00:00,2025,2,75,Conflict,7.0,8.0,Baalbek-El Hermel,LB8,BA
114958,Displacement due to conflict,Lebanon,LBN,Akkar,LB7,Akkar,LB51,9,2025-02-05T00:00:00,2025,2,75,Conflict,4.0,5.0,Bekaa,LB2,BA
115048,Displacement due to conflict,Lebanon,LBN,North,LB5,El Koura,LB54,4,2025-02-05T00:00:00,2025,2,75,Conflict,2.0,2.0,Beirut,LB1,BA
113110,Displacement due to conflict,Lebanon,LBN,South,LB6,Jezzine,LB62,103,2025-02-05T00:00:00,2025,2,75,Conflict,49.0,54.0,El Nabatieh,LB4,BA
112921,Displacement due to conflict,Lebanon,LBN,Mount Lebanon,LB3,El Meten,LB36,50,2025-02-05T00:00:00,2025,2,75,Conflict,23.0,27.0,Baalbek-El Hermel,LB8,BA
114483,Displacement due to conflict,Lebanon,LBN,Baalbek-El Hermel,LB8,El Hermel,LB22,25,2025-02-05T00:00:00,2025,2,75,Conflict,12.0,13.0,Beirut,LB1,BA
116706,Displacement due to conflict,Lebanon,LBN,Baalbek-El Hermel,LB8,Baalbek,LB21,58,2025-02-05T00:00:00,2025,2,75,Conflict,28.0,30.0,El Nabatieh,LB4,BA
116601,Displacement due to conflict,Lebanon,LBN,El Nabatieh,LB4,Hasbaya,LB42,1371,2025-02-05T00:00:00,2025,2,75,Conflict,645.0,726.0,El Nabatieh,LB4,BA
130730,Displacement due to conflict,Lebanon,LBN,Mount Lebanon,LB3,Chouf,LB33,1970,2025-02-05T00:00:00,2025,2,75,Conflict,925.0,1045.0,South,LB6,BA
104613,Displacement due to conflict,Lebanon,LBN,Baalbek-El Hermel,LB8,Baalbek,LB21,10,2025-02-05T00:00:00,2025,2,75,Conflict,5.0,5.0,Bekaa,LB2,BA
104023,Displacement due to conflict,Lebanon,LBN,Bekaa,LB2,Zahle,LB25,185,2025-02-05T00:00:00,2025,2,75,Conflict,87.0,98.0,Baalbek-El Hermel,LB8,BA
100135,Displacement due to conflict,Lebanon,LBN,Mount Lebanon,LB3,Kesrwane,LB35,6,2025-02-05T00:00:00,2025,2,75,Conflict,3.0,3.0,Bekaa,LB2,BA
111917,Displacement due to conflict,Lebanon,LBN,Bekaa,LB2,Zahle,LB25,14,2025-02-05T00:00:00,2025,2,75,Conflict,6.0,8.0,Bekaa,LB2,BA
110331,Displacement due to conflict,Lebanon,LBN,Bekaa,LB2,Rachaya,LB23,396,2025-02-05T00:00:00,2025,2,75,Conflict,185.0,211.0,El Nabatieh,LB4,BA
110263,Displacement due to conflict,Lebanon,LBN,Mount Lebanon,LB3,Jbeil,LB34,78,2025-02-05T00:00:00,2025,2,75,Conflict,37.0,41.0,El Nabatieh,LB4,BA
107132,Displacement due to conflict,Lebanon,LBN,North,LB5,El Minieh-Dennie,LB55,15,2025-02-05T00:00:00,2025,2,75,Conflict,7.0,8.0,South,LB6,BA
108139,Displacement due to conflict,Lebanon,LBN,Akkar,LB7,Akkar,LB51,98,2025-02-05T00:00:00,2025,2,75,Conflict,45.0,53.0,El Nabatieh,LB4,BA
90983,Displacement due to conflict,Lebanon,LBN,El Nabatieh,LB4,Bent Jbeil,LB41,5590,2025-02-05T00:00:00,2025,2,75,Conflict,2631.0,2959.0,El Nabatieh,LB4,BA
88217,Displacement due to conflict,Lebanon,LBN,Beirut,LB1,Beirut,LB11,3201,2025-02-05T00:00:00,2025,2,75,Conflict,1506.0,1695.0,El Nabatieh,LB4,BA
96009,Displacement due to conflict,Lebanon,LBN,Mount Lebanon,LB3,Jbeil,LB34,12,2025-02-05T00:00:00,2025,2,75,Conflict,6.0,6.0,South,LB6,BA
98041,Displacement due to conflict,Lebanon,LBN,North,LB5,El Minieh-Dennie,LB55,25,2025-02-05T00:00:00,2025,2,75,Conflict,12.0,13.0,El Nabatieh,LB4,BA
98462,Displacement due to conflict,Lebanon,LBN,North,LB5,El Koura,LB54,9,2025-02-05T00:00:00,2025,2,75,Conflict,4.0,5.0,Baalbek-El Hermel,LB8,BA
98352,Displacement due to conflict,Lebanon,LBN,Akkar,LB7,Akkar,LB51,150,2025-02-05T00:00:00,2025,2,75,Conflict,72.0,78.0,South,LB6,BA
94814,Displacement due to conflict,Lebanon,LBN,Mount Lebanon,LB3,Aley,LB31,4861,2025-02-05T00:00:00,2025,2,75,Conflict,2284.0,2577.0,El Nabatieh,LB4,BA
77798,Displacement due to conflict,Lebanon,LBN,El Nabatieh,LB4,El Nabatieh,LB44,19854,2025-02-05T00:00:00,2025,2,75,Conflict,9333.0,10521.0,El Nabatieh,LB4,BA
75580,Displacement due to conflict,Lebanon,LBN,Mount Lebanon,LB3,Baabda,LB32,417,2025-02-05T00:00:00,2025,2,75,Conflict,196.0,221.0,Mount Lebanon,LB3,BA
74382,Displacement due to conflict,Lebanon,LBN,Beirut,LB1,Beirut,LB11,544,2025-02-05T00:00:00,2025,2,75,Conflict,256.0,288.0,Mount Lebanon,LB3,BA
74679,Displacement due to conflict,Lebanon,LBN,South,LB6,Jezzine,LB62,9,2025-02-05T00:00:00,2025,2,75,Conflict,4.0,5.0,South,LB6,BA
83594,Displacement due to conflict,Lebanon,LBN,Mount Lebanon,LB3,Aley,LB31,429,2025-02-05T00:00:00,2025,2,75,Conflict,202.0,227.0,South,LB6,BA
83233,Displacement due to conflict,Lebanon,LBN,North,LB5,El Koura,LB54,15,2025-02-05T00:00:00,2025,2,75,Conflict,7.0,8.0,El Nabatieh,LB4,BA
82841,Displacement due to conflict,Lebanon,LBN,Mount Lebanon,LB3,Baabda,LB32,417,2025-02-05T00:00:00,2025,2,75,Conflict,196.0,221.0,South,LB6,BA
81906,Displacement due to conflict,Lebanon,LBN,Akkar,LB7,Akkar,LB51,119,2025-02-05T00:00:00,2025,2,75,Conflict,56.0,63.0,Beirut,LB1,BA
78781,Displacement due to conflict,Lebanon,LBN,Mount Lebanon,LB3,El Meten,LB36,230,2025-02-05T00:00:00,2025,2,75,Conflict,108.0,122.0,South,LB6,BA
78269,Displacement due to conflict,Lebanon,LBN,Mount Lebanon,LB3,Chouf,LB33,105,2025-02-05T00:00:00,2025,2,75,Conflict,50.0,55.0,Mount Lebanon,LB3,BA
68195,Displacement due to conflict,Lebanon,LBN,South,LB6,Sour,LB63,10152,2025-02-05T00:00:00,2025,2,75,Conflict,4771.0,5381.0,South,LB6,BA
68196,Displacement due to conflict,Lebanon,LBN,Mount Lebanon,LB3,Chouf,LB33,2834,2025-02-05T00:00:00,2025,2,75,Conflict,1333.0,1501.0,El Nabatieh,LB4,BA
62352,Displacement due to conflict,Lebanon,LBN,El Nabatieh,LB4,Marjaayoun,LB43,1848,2025-02-05T00:00:00,2025,2,75,Conflict,868.0,980.0,El Nabatieh,LB4,BA
56949,Displacement due to conflict,Lebanon,LBN,Mount Lebanon,LB3,Kesrwane,LB35,254,2025-02-05T00:00:00,2025,2,75,Conflict,120.0,134.0,El Nabatieh,LB4,BA
40953,Displacement due to conflict,Lebanon,LBN,Baalbek-El Hermel,LB8,Baalbek,LB21,265,2025-02-05T00:00:00,2025,2,75,Conflict,124.0,141.0,Baalbek-El Hermel,LB8,BA
34778,Displacement due to conflict,Lebanon,LBN,Mount Lebanon,LB3,Aley,LB31,3644,2025-02-05T00:00:00,2025,2,75,Conflict,1714.0,1930.0,Mount Lebanon,LB3,BA
29974,Displacement due to conflict,Lebanon,LBN,Bekaa,LB2,West Bekaa,LB24,61,2025-02-05T00:00:00,2025,2,75,Conflict,29.0,32.0,Bekaa,LB2,BA
30329,Displacement due to conflict,Lebanon,LBN,Mount Lebanon,LB3,Baabda,LB32,8,2025-02-05T00:00:00,2025,2,75,Conflict,4.0,4.0,Baalbek-El Hermel,LB8,BA
30359,Displacement due to conflict,Lebanon,LBN,Baalbek-El Hermel,LB8,Baalbek,LB21,4,2025-02-05T00:00:00,2025,2,75,Conflict,2.0,2.0,South,LB6,BA
46228,Displacement due to conflict,Lebanon,LBN,North,LB5,El Minieh-Dennie,LB55,32,2025-02-05T00:00:00,2025,2,75,Conflict,15.0,17.0,Beirut,LB1,BA
50244,Displacement due to conflict,Lebanon,LBN,Mount Lebanon,LB3,Aley,LB31,43,2025-02-05T00:00:00,2025,2,75,Conflict,21.0,22.0,Beirut,LB1,BA
2383,Displacement due to conflict,Lebanon,LBN,Mount Lebanon,LB3,Aley,LB31,53,2025-02-05T00:00:00,2025,2,75,Conflict,25.0,28.0,Baalbek-El Hermel,LB8,BA
1233,Displacement due to conflict,Lebanon,LBN,Bekaa,LB2,West Bekaa,LB24,96,2025-02-05T00:00:00,2025,2,75,Conflict,46.0,50.0,El Nabatieh,LB4,BA
1496,Displacement due to conflict,Lebanon,LBN,Akkar,LB7,Akkar,LB51,86,2025-02-05T00:00:00,2025,2,75,Conflict,41.0,45.0,Baalbek-El Hermel,LB8,BA
6852,Displacement due to conflict,Lebanon,LBN,Mount Lebanon,LB3,Jbeil,LB34,6,2025-02-05T00:00:00,2025,2,75,Conflict,3.0,3.0,Baalbek-El Hermel,LB8,BA
12378,Displacement due to conflict,Lebanon,LBN,South,LB6,Saida,LB61,7750,2025-02-05T00:00:00,2025,2,75,Conflict,3644.0,4106.0,South,LB6,BA
13860,Displacement due to conflict,Lebanon,LBN,Beirut,LB1,Beirut,LB11,1201,2025-02-05T00:00:00,2025,2,75,Conflict,565.0,636.0,South,LB6,BA
9913,Displacement due to conflict,Lebanon,LBN,Mount Lebanon,LB3,El Meten,LB36,6,2025-02-05T00:00:00,2025,2,75,Conflict,3.0,3.0,Beirut,LB1,BA
23357,Displacement due to conflict,Lebanon,LBN,Bekaa,LB2,Rachaya,LB23,59,2025-02-05T00:00:00,2025,2,75,Conflict,28.0,31.0,Bekaa,LB2,BA
24779,Displacement due to conflict,Lebanon,LBN,Mount Lebanon,LB3,Kesrwane,LB35,11,2025-02-05T00:00:00,2025,2,75,Conflict,5.0,6.0,Mount Lebanon,LB3,BA
25532,Displacement due to conflict,Lebanon,LBN,Mount Lebanon,LB3,El Meten,LB36,1837,2025-02-05T00:00:00,2025,2,75,Conflict,863.0,974.0,Mount Lebanon,LB3,BA
15997,Displacement due to conflict,Lebanon,LBN,Mount Lebanon,LB3,Kesrwane,LB35,50,2025-02-05T00:00:00,2025,2,75,Conflict,23.0,27.0,South,LB6,BA
17291,Displacement due to conflict,Lebanon,LBN,Mount Lebanon,LB3,El Meten,LB36,2398,2025-02-05T00:00:00,2025,2,75,Conflict,1129.0,1269.0,El Nabatieh,LB4,BA
15744,Displacement due to conflict,Lebanon,LBN,Bekaa,LB2,Zahle,LB25,223,2025-02-05T00:00:00,2025,2,75,Conflict,106.0,117.0,El Nabatieh,LB4,BA
21391,Displacement due to conflict,Lebanon,LBN,North,LB5,Tripoli,LB56,29,2025-02-05T00:00:00,2025,2,75,Conflict,14.0,15.0,El Nabatieh,LB4,BA
14729,Displacement due to conflict,Lebanon,LBN,Bekaa,LB2,Rachaya,LB23,49,2025-02-14T00:00:00,2025,2,76,Conflict,23.0,26.0,Bekaa,LB2,BA
16324,Displacement due to conflict,Lebanon,LBN,Bekaa,LB2,Zahle,LB25,185,2025-02-14T00:00:00,2025,2,76,Conflict,87.0,98.0,Baalbek-El Hermel,LB8,BA
25557,Displacement due to conflict,Lebanon,LBN,North,LB5,El Koura,LB54,30,2025-02-14T00:00:00,2025,2,76,Conflict,15.0,15.0,El Nabatieh,LB4,BA
28789,Displacement due to conflict,Lebanon,LBN,South,LB6,Sour,LB63,12628,2025-02-14T00:00:00,2025,2,76,Conflict,5938.0,6690.0,El Nabatieh,LB4,BA
28555,Displacement due to conflict,Lebanon,LBN,Mount Lebanon,LB3,Baabda,LB32,421,2025-02-14T00:00:00,2025,2,76,Conflict,198.0,223.0,South,LB6,BA
23392,Displacement due to conflict,Lebanon,LBN,Akkar,LB7,Akkar,LB51,14,2025-02-14T00:00:00,2025,2,76,Conflict,7.0,7.0,Bekaa,LB2,BA
9528,Displacement due to conflict,Lebanon,LBN,Akkar,LB7,Akkar,LB51,20,2025-02-14T00:00:00,2025,2,76,Conflict,9.0,11.0,Mount Lebanon,LB3,BA
10096,Displacement due to conflict,Lebanon,LBN,Mount Lebanon,LB3,Baabda,LB32,2630,2025-02-14T00:00:00,2025,2,76,Conflict,1235.0,1395.0,El Nabatieh,LB4,BA
13621,Displacement due to conflict,Lebanon,LBN,El Nabatieh,LB4,Hasbaya,LB42,1331,2025-02-14T00:00:00,2025,2,76,Conflict,627.0,704.0,El Nabatieh,LB4,BA
12477,Displacement due to conflict,Lebanon,LBN,Mount Lebanon,LB3,Kesrwane,LB35,291,2025-02-14T00:00:00,2025,2,76,Conflict,138.0,153.0,El Nabatieh,LB4,BA
12567,Displacement due to conflict,Lebanon,LBN,Baalbek-El Hermel,LB8,Baalbek,LB21,8,2025-02-14T00:00:00,2025,2,76,Conflict,4.0,4.0,Mount Lebanon,LB3,BA
11474,Displacement due to conflict,Lebanon,LBN,Mount Lebanon,LB3,El Meten,LB36,7,2025-02-14T00:00:00,2025,2,76,Conflict,3.0,4.0,Beirut,LB1,BA
11500,Displacement due to conflict,Lebanon,LBN,El Nabatieh,LB4,El Nabatieh,LB44,21243,2025-02-14T00:00:00,2025,2,76,Conflict,9987.0,11256.0,El Nabatieh,LB4,BA
11630,Displacement due to conflict,Lebanon,LBN,Bekaa,LB2,West Bekaa,LB24,15,2025-02-14T00:00:00,2025,2,76,Conflict,7.0,8.0,Baalbek-El Hermel,LB8,BA
1728,Displacement due to conflict,Lebanon,LBN,South,LB6,Sour,LB63,13069,2025-02-14T00:00:00,2025,2,76,Conflict,6144.0,6925.0,South,LB6,BA
51450,Displacement due to conflict,Lebanon,LBN,Mount Lebanon,LB3,El Meten,LB36,35,2025-02-14T00:00:00,2025,2,76,Conflict,16.0,19.0,Baalbek-El Hermel,LB8,BA
55207,Displacement due to conflict,Lebanon,LBN,Mount Lebanon,LB3,Baabda,LB32,385,2025-02-14T00:00:00,2025,2,76,Conflict,181.0,204.0,Mount Lebanon,LB3,BA
45246,Displacement due to conflict,Lebanon,LBN,Mount Lebanon,LB3,El Meten,LB36,2455,2025-02-14T00:00:00,2025,2,76,Conflict,1155.0,1300.0,El Nabatieh,LB4,BA
43062,Displacement due to conflict,Lebanon,LBN,Mount Lebanon,LB3,Aley,LB31,4837,2025-02-14T00:00:00,2025,2,76,Conflict,2275.0,2562.0,El Nabatieh,LB4,BA
47189,Displacement due to conflict,Lebanon,LBN,North,LB5,El Batroun,LB52,20,2025-02-14T00:00:00,2025,2,76,Conflict,9.0,11.0,South,LB6,BA
46716,Displacement due to conflict,Lebanon,LBN,Beirut,LB1,Beirut,LB11,1989,2025-02-14T00:00:00,2025,2,76,Conflict,935.0,1054.0,South,LB6,BA
48766,Displacement due to conflict,Lebanon,LBN,Mount Lebanon,LB3,Jbeil,LB34,218,2025-02-14T00:00:00,2025,2,76,Conflict,103.0,115.0,Mount Lebanon,LB3,BA
34613,Displacement due to conflict,Lebanon,LBN,Mount Lebanon,LB3,Aley,LB31,41,2025-02-14T00:00:00,2025,2,76,Conflict,19.0,22.0,Baalbek-El Hermel,LB8,BA
34759,Displacement due to conflict,Lebanon,LBN,Mount Lebanon,LB3,Jbeil,LB34,12,2025-02-14T00:00:00,2025,2,76,Conflict,6.0,6.0,South,LB6,BA
35323,Displacement due to conflict,Lebanon,LBN,North,LB5,Tripoli,LB56,29,2025-02-14T00:00:00,2025,2,76,Conflict,14.0,15.0,El Nabatieh,LB4,BA
35446,Displacement due to conflict,Lebanon,LBN,South,LB6,Jezzine,LB62,9,2025-02-14T00:00:00,2025,2,76,Conflict,4.0,5.0,South,LB6,BA
33090,Displacement due to conflict,Lebanon,LBN,Mount Lebanon,LB3,Aley,LB31,43,2025-02-14T00:00:00,2025,2,76,Conflict,21.0,22.0,Beirut,LB1,BA
34100,Displacement due to conflict,Lebanon,LBN,North,LB5,El Minieh-Dennie,LB55,23,2025-02-14T00:00:00,2025,2,76,Conflict,11.0,12.0,South,LB6,BA
37798,Displacement due to conflict,Lebanon,LBN,Mount Lebanon,LB3,Aley,LB31,3697,2025-02-14T00:00:00,2025,2,76,Conflict,1738.0,1959.0,Mount Lebanon,LB3,BA
59435,Displacement due to conflict,Lebanon,LBN,Mount Lebanon,LB3,Kesrwane,LB35,11,2025-02-14T00:00:00,2025,2,76,Conflict,5.0,6.0,Bekaa,LB2,BA
59536,Displacement due to conflict,Lebanon,LBN,Bekaa,LB2,West Bekaa,LB24,158,2025-02-14T00:00:00,2025,2,76,Conflict,74.0,84.0,El Nabatieh,LB4,BA
62602,Displacement due to conflict,Lebanon,LBN,Mount Lebanon,LB3,Kesrwane,LB35,20,2025-02-14T00:00:00,2025,2,76,Conflict,9.0,11.0,Mount Lebanon,LB3,BA
61963,Displacement due to conflict,Lebanon,LBN,Akkar,LB7,Akkar,LB51,165,2025-02-14T00:00:00,2025,2,76,Conflict,79.0,86.0,South,LB6,BA
61246,Displacement due to conflict,Lebanon,LBN,Akkar,LB7,Akkar,LB51,147,2025-02-14T00:00:00,2025,2,76,Conflict,68.0,79.0,El Nabatieh,LB4,BA
61660,Displacement due to conflict,Lebanon,LBN,Mount Lebanon,LB3,Chouf,LB33,105,2025-02-14T00:00:00,2025,2,76,Conflict,50.0,55.0,Mount Lebanon,LB3,BA
60708,Displacement due to conflict,Lebanon,LBN,North,LB5,El Minieh-Dennie,LB55,37,2025-02-14T00:00:00,2025,2,76,Conflict,18.0,19.0,Beirut,LB1,BA
69360,Displacement due to conflict,Lebanon,LBN,El Nabatieh,LB4,Bent Jbeil,LB41,5892,2025-02-14T00:00:00,2025,2,76,Conflict,2772.0,3120.0,El Nabatieh,LB4,BA
70607,Displacement due to conflict,Lebanon,LBN,Beirut,LB1,Beirut,LB11,851,2025-02-14T00:00:00,2025,2,76,Conflict,402.0,449.0,Mount Lebanon,LB3,BA
63776,Displacement due to conflict,Lebanon,LBN,South,LB6,Jezzine,LB62,103,2025-02-14T00:00:00,2025,2,76,Conflict,49.0,54.0,El Nabatieh,LB4,BA
63711,Displacement due to conflict,Lebanon,LBN,Baalbek-El Hermel,LB8,Baalbek,LB21,10,2025-02-14T00:00:00,2025,2,76,Conflict,5.0,5.0,Bekaa,LB2,BA
65780,Displacement due to conflict,Lebanon,LBN,North,LB5,El Koura,LB54,8,2025-02-14T00:00:00,2025,2,76,Conflict,4.0,4.0,Beirut,LB1,BA
79294,Displacement due to conflict,Lebanon,LBN,North,LB5,El Minieh-Dennie,LB55,37,2025-02-14T00:00:00,2025,2,76,Conflict,17.0,20.0,El Nabatieh,LB4,BA
79014,Displacement due to conflict,Lebanon,LBN,Mount Lebanon,LB3,Kesrwane,LB35,66,2025-02-14T00:00:00,2025,2,76,Conflict,31.0,35.0,South,LB6,BA
74178,Displacement due to conflict,Lebanon,LBN,Beirut,LB1,Beirut,LB11,4978,2025-02-14T00:00:00,2025,2,76,Conflict,2340.0,2638.0,El Nabatieh,LB4,BA
72834,Displacement due to conflict,Lebanon,LBN,Mount Lebanon,LB3,Jbeil,LB34,62,2025-02-14T00:00:00,2025,2,76,Conflict,30.0,32.0,El Nabatieh,LB4,BA
75527,Displacement due to conflict,Lebanon,LBN,Mount Lebanon,LB3,El Meten,LB36,262,2025-02-14T00:00:00,2025,2,76,Conflict,123.0,139.0,South,LB6,BA
97611,Displacement due to conflict,Lebanon,LBN,Baalbek-El Hermel,LB8,Baalbek,LB21,67,2025-02-14T00:00:00,2025,2,76,Conflict,31.0,36.0,El Nabatieh,LB4,BA
97151,Displacement due to conflict,Lebanon,LBN,Baalbek-El Hermel,LB8,El Hermel,LB22,25,2025-02-14T00:00:00,2025,2,76,Conflict,12.0,13.0,Beirut,LB1,BA
96580,Displacement due to conflict,Lebanon,LBN,Mount Lebanon,LB3,El Meten,LB36,1691,2025-02-14T00:00:00,2025,2,76,Conflict,795.0,896.0,Mount Lebanon,LB3,BA
108647,Displacement due to conflict,Lebanon,LBN,Bekaa,LB2,Rachaya,LB23,460,2025-02-14T00:00:00,2025,2,76,Conflict,216.0,244.0,El Nabatieh,LB4,BA
112747,Displacement due to conflict,Lebanon,LBN,Mount Lebanon,LB3,Jbeil,LB34,6,2025-02-14T00:00:00,2025,2,76,Conflict,3.0,3.0,Baalbek-El Hermel,LB8,BA
112894,Displacement due to conflict,Lebanon,LBN,South,LB6,Saida,LB61,6910,2025-02-14T00:00:00,2025,2,76,Conflict,3249.0,3661.0,South,LB6,BA
111606,Displacement due to conflict,Lebanon,LBN,Bekaa,LB2,Zahle,LB25,256,2025-02-14T00:00:00,2025,2,76,Conflict,121.0,135.0,El Nabatieh,LB4,BA
100294,Displacement due to conflict,Lebanon,LBN,Bekaa,LB2,West Bekaa,LB24,61,2025-02-14T00:00:00,2025,2,76,Conflict,29.0,32.0,Bekaa,LB2,BA
100016,Displacement due to conflict,Lebanon,LBN,Mount Lebanon,LB3,Baabda,LB32,8,2025-02-14T00:00:00,2025,2,76,Conflict,4.0,4.0,Baalbek-El Hermel,LB8,BA
130684,Displacement due to conflict,Lebanon,LBN,Baalbek-El Hermel,LB8,Baalbek,LB21,331,2025-02-14T00:00:00,2025,2,76,Conflict,156.0,175.0,Baalbek-El Hermel,LB8,BA
135079,Displacement due to conflict,Lebanon,LBN,South,LB6,Saida,LB61,16788,2025-02-14T00:00:00,2025,2,76,Conflict,7890.0,8898.0,El Nabatieh,LB4,BA
130045,Displacement due to conflict,Lebanon,LBN,Akkar,LB7,Akkar,LB51,77,2025-02-14T00:00:00,2025,2,76,Conflict,37.0,40.0,Baalbek-El Hermel,LB8,BA
127250,Displacement due to conflict,Lebanon,LBN,Mount Lebanon,LB3,Chouf,LB33,3616,2025-02-14T00:00:00,2025,2,76,Conflict,1699.0,1917.0,El Nabatieh,LB4,BA
119511,Displacement due to conflict,Lebanon,LBN,El Nabatieh,LB4,Marjaayoun,LB43,3621,2025-02-14T00:00:00,2025,2,76,Conflict,1702.0,1919.0,El Nabatieh,LB4,BA
113328,Displacement due to conflict,Lebanon,LBN,Bekaa,LB2,Zahle,LB25,20,2025-02-14T00:00:00,2025,2,76,Conflict,10.0,10.0,Bekaa,LB2,BA
122333,Displacement due to conflict,Lebanon,LBN,Akkar,LB7,Akkar,LB51,123,2025-02-14T00:00:00,2025,2,76,Conflict,59.0,64.0,Beirut,LB1,BA
123596,Displacement due to conflict,Lebanon,LBN,Mount Lebanon,LB3,Aley,LB31,385,2025-02-14T00:00:00,2025,2,76,Conflict,181.0,204.0,South,LB6,BA
123273,Displacement due to conflict,Lebanon,LBN,Bekaa,LB2,Zahle,LB25,10,2025-02-14T00:00:00,2025,2,76,Conflict,5.0,5.0,South,LB6,BA
125566,Displacement due to conflict,Lebanon,LBN,Mount Lebanon,LB3,Chouf,LB33,2133,2025-02-14T00:00:00,2025,2,76,Conflict,1002.0,1131.0,South,LB6,BA
126420,Displacement due to conflict,Lebanon,LBN,Bekaa,LB2,West Bekaa,LB24,45,2025-02-19T00:00:00,2025,2,77,Conflict,21.0,24.0,El Nabatieh,LB4,BA
123089,Displacement due to conflict,Lebanon,LBN,Beirut,LB1,Beirut,LB11,3303,2025-02-19T00:00:00,2025,2,77,Conflict,1553.0,1750.0,El Nabatieh,LB4,BA
124562,Displacement due to conflict,Lebanon,LBN,Akkar,LB7,Akkar,LB51,9,2025-02-19T00:00:00,2025,2,77,Conflict,4.0,5.0,Bekaa,LB2,BA
122636,Displacement due to conflict,Lebanon,LBN,Bekaa,LB2,Rachaya,LB23,20,2025-02-19T00:00:00,2025,2,77,Conflict,9.0,11.0,Bekaa,LB2,BA
120698,Displacement due to conflict,Lebanon,LBN,Bekaa,LB2,Zahle,LB25,90,2025-02-19T00:00:00,2025,2,77,Conflict,42.0,48.0,Baalbek-El Hermel,LB8,BA
114241,Displacement due to conflict,Lebanon,LBN,Akkar,LB7,Akkar,LB51,112,2025-02-19T00:00:00,2025,2,77,Conflict,52.0,60.0,Beirut,LB1,BA
116604,Displacement due to conflict,Lebanon,LBN,Mount Lebanon,LB3,Kesrwane,LB35,41,2025-02-19T00:00:00,2025,2,77,Conflict,19.0,22.0,South,LB6,BA
127281,Displacement due to conflict,Lebanon,LBN,Mount Lebanon,LB3,Jbeil,LB34,182,2025-02-19T00:00:00,2025,2,77,Conflict,86.0,96.0,Mount Lebanon,LB3,BA
128435,Displacement due to conflict,Lebanon,LBN,Mount Lebanon,LB3,El Meten,LB36,7,2025-02-19T00:00:00,2025,2,77,Conflict,3.0,4.0,Beirut,LB1,BA
132038,Displacement due to conflict,Lebanon,LBN,El Nabatieh,LB4,Hasbaya,LB42,1207,2025-02-19T00:00:00,2025,2,77,Conflict,568.0,639.0,El Nabatieh,LB4,BA
130580,Displacement due to conflict,Lebanon,LBN,Mount Lebanon,LB3,Jbeil,LB34,12,2025-02-19T00:00:00,2025,2,77,Conflict,6.0,6.0,South,LB6,BA
130679,Displacement due to conflict,Lebanon,LBN,Mount Lebanon,LB3,El Meten,LB36,1630,2025-02-19T00:00:00,2025,2,77,Conflict,766.0,864.0,Mount Lebanon,LB3,BA
102142,Displacement due to conflict,Lebanon,LBN,Mount Lebanon,LB3,El Meten,LB36,418,2025-02-19T00:00:00,2025,2,77,Conflict,196.0,222.0,South,LB6,BA
102072,Displacement due to conflict,Lebanon,LBN,North,LB5,El Batroun,LB52,10,2025-02-19T00:00:00,2025,2,77,Conflict,5.0,5.0,South,LB6,BA
101852,Displacement due to conflict,Lebanon,LBN,Mount Lebanon,LB3,El Meten,LB36,2356,2025-02-19T00:00:00,2025,2,77,Conflict,1108.0,1248.0,El Nabatieh,LB4,BA
111836,Displacement due to conflict,Lebanon,LBN,North,LB5,El Koura,LB54,4,2025-02-19T00:00:00,2025,2,77,Conflict,2.0,2.0,Beirut,LB1,BA
110167,Displacement due to conflict,Lebanon,LBN,North,LB5,El Minieh-Dennie,LB55,15,2025-02-19T00:00:00,2025,2,77,Conflict,7.0,8.0,South,LB6,BA
107861,Displacement due to conflict,Lebanon,LBN,Mount Lebanon,LB3,Chouf,LB33,105,2025-02-19T00:00:00,2025,2,77,Conflict,50.0,55.0,Mount Lebanon,LB3,BA
106429,Displacement due to conflict,Lebanon,LBN,Mount Lebanon,LB3,Jbeil,LB34,49,2025-02-19T00:00:00,2025,2,77,Conflict,23.0,26.0,El Nabatieh,LB4,BA
106630,Displacement due to conflict,Lebanon,LBN,El Nabatieh,LB4,Bent Jbeil,LB41,6319,2025-02-19T00:00:00,2025,2,77,Conflict,2973.0,3346.0,El Nabatieh,LB4,BA
95852,Displacement due to conflict,Lebanon,LBN,Akkar,LB7,Akkar,LB51,16,2025-02-19T00:00:00,2025,2,77,Conflict,8.0,8.0,Mount Lebanon,LB3,BA
94019,Displacement due to conflict,Lebanon,LBN,Mount Lebanon,LB3,Aley,LB31,3585,2025-02-19T00:00:00,2025,2,77,Conflict,1686.0,1899.0,Mount Lebanon,LB3,BA
85201,Displacement due to conflict,Lebanon,LBN,South,LB6,Jezzine,LB62,98,2025-02-19T00:00:00,2025,2,77,Conflict,46.0,52.0,El Nabatieh,LB4,BA
75603,Displacement due to conflict,Lebanon,LBN,South,LB6,Sour,LB63,13006,2025-02-19T00:00:00,2025,2,77,Conflict,6114.0,6892.0,South,LB6,BA
74988,Displacement due to conflict,Lebanon,LBN,Mount Lebanon,LB3,Kesrwane,LB35,166,2025-02-19T00:00:00,2025,2,77,Conflict,79.0,87.0,El Nabatieh,LB4,BA
77530,Displacement due to conflict,Lebanon,LBN,South,LB6,Sour,LB63,12222,2025-02-19T00:00:00,2025,2,77,Conflict,5750.0,6472.0,El Nabatieh,LB4,BA
71702,Displacement due to conflict,Lebanon,LBN,Mount Lebanon,LB3,Chouf,LB33,2637,2025-02-19T00:00:00,2025,2,77,Conflict,1240.0,1397.0,El Nabatieh,LB4,BA
78810,Displacement due to conflict,Lebanon,LBN,Mount Lebanon,LB3,Kesrwane,LB35,8,2025-02-19T00:00:00,2025,2,77,Conflict,3.0,5.0,Mount Lebanon,LB3,BA
79847,Displacement due to conflict,Lebanon,LBN,Mount Lebanon,LB3,Baabda,LB32,2538,2025-02-19T00:00:00,2025,2,77,Conflict,1194.0,1344.0,El Nabatieh,LB4,BA
82821,Displacement due to conflict,Lebanon,LBN,Baalbek-El Hermel,LB8,Baalbek,LB21,66,2025-02-19T00:00:00,2025,2,77,Conflict,31.0,35.0,El Nabatieh,LB4,BA
82394,Displacement due to conflict,Lebanon,LBN,Mount Lebanon,LB3,Baabda,LB32,136,2025-02-19T00:00:00,2025,2,77,Conflict,64.0,72.0,Mount Lebanon,LB3,BA
84622,Displacement due to conflict,Lebanon,LBN,Mount Lebanon,LB3,Baabda,LB32,417,2025-02-19T00:00:00,2025,2,77,Conflict,196.0,221.0,South,LB6,BA
65075,Displacement due to conflict,Lebanon,LBN,South,LB6,Saida,LB61,10760,2025-02-19T00:00:00,2025,2,77,Conflict,5058.0,5702.0,El Nabatieh,LB4,BA
65420,Displacement due to conflict,Lebanon,LBN,Baalbek-El Hermel,LB8,Baalbek,LB21,239,2025-02-19T00:00:00,2025,2,77,Conflict,112.0,127.0,Baalbek-El Hermel,LB8,BA
70000,Displacement due to conflict,Lebanon,LBN,El Nabatieh,LB4,Marjaayoun,LB43,1846,2025-02-19T00:00:00,2025,2,77,Conflict,868.0,978.0,El Nabatieh,LB4,BA
68072,Displacement due to conflict,Lebanon,LBN,Mount Lebanon,LB3,Aley,LB31,390,2025-02-19T00:00:00,2025,2,77,Conflict,184.0,206.0,South,LB6,BA
61436,Displacement due to conflict,Lebanon,LBN,Bekaa,LB2,Zahle,LB25,10,2025-02-19T00:00:00,2025,2,77,Conflict,5.0,5.0,Bekaa,LB2,BA
58904,Displacement due to conflict,Lebanon,LBN,Bekaa,LB2,Zahle,LB25,317,2025-02-19T00:00:00,2025,2,77,Conflict,150.0,167.0,El Nabatieh,LB4,BA
56870,Displacement due to conflict,Lebanon,LBN,Bekaa,LB2,West Bekaa,LB24,14,2025-02-19T00:00:00,2025,2,77,Conflict,7.0,7.0,Baalbek-El Hermel,LB8,BA
38651,Displacement due to conflict,Lebanon,LBN,Mount Lebanon,LB3,Aley,LB31,41,2025-02-19T00:00:00,2025,2,77,Conflict,19.0,22.0,Baalbek-El Hermel,LB8,BA
36430,Displacement due to conflict,Lebanon,LBN,Mount Lebanon,LB3,Baabda,LB32,26,2025-02-19T00:00:00,2025,2,77,Conflict,12.0,14.0,Baalbek-El Hermel,LB8,BA
40121,Displacement due to conflict,Lebanon,LBN,Bekaa,LB2,Zahle,LB25,5,2025-02-19T00:00:00,2025,2,77,Conflict,2.0,3.0,South,LB6,BA
41658,Displacement due to conflict,Lebanon,LBN,Mount Lebanon,LB3,Aley,LB31,43,2025-02-19T00:00:00,2025,2,77,Conflict,21.0,22.0,Beirut,LB1,BA
29797,Displacement due to conflict,Lebanon,LBN,North,LB5,Zgharta,LB57,5,2025-02-19T00:00:00,2025,2,77,Conflict,2.0,3.0,El Nabatieh,LB4,BA
29454,Displacement due to conflict,Lebanon,LBN,North,LB5,El Minieh-Dennie,LB55,24,2025-02-19T00:00:00,2025,2,77,Conflict,11.0,13.0,El Nabatieh,LB4,BA
31402,Displacement due to conflict,Lebanon,LBN,Bekaa,LB2,West Bekaa,LB24,57,2025-02-19T00:00:00,2025,2,77,Conflict,27.0,30.0,Bekaa,LB2,BA
48776,Displacement due to conflict,Lebanon,LBN,North,LB5,El Koura,LB54,6,2025-02-19T00:00:00,2025,2,77,Conflict,3.0,3.0,El Nabatieh,LB4,BA
49312,Displacement due to conflict,Lebanon,LBN,Mount Lebanon,LB3,Aley,LB31,4494,2025-02-19T00:00:00,2025,2,77,Conflict,2113.0,2381.0,El Nabatieh,LB4,BA
43635,Displacement due to conflict,Lebanon,LBN,South,LB6,Saida,LB61,4179,2025-02-19T00:00:00,2025,2,77,Conflict,1966.0,2213.0,South,LB6,BA
54766,Displacement due to conflict,Lebanon,LBN,Akkar,LB7,Akkar,LB51,154,2025-02-19T00:00:00,2025,2,77,Conflict,74.0,80.0,South,LB6,BA
52998,Displacement due to conflict,Lebanon,LBN,Akkar,LB7,Akkar,LB51,66,2025-02-19T00:00:00,2025,2,77,Conflict,31.0,35.0,Baalbek-El Hermel,LB8,BA
2581,Displacement due to conflict,Lebanon,LBN,Baalbek-El Hermel,LB8,Baalbek,LB21,10,2025-02-19T00:00:00,2025,2,77,Conflict,5.0,5.0,Mount Lebanon,LB3,BA
6150,Displacement due to conflict,Lebanon,LBN,Akkar,LB7,Akkar,LB51,82,2025-02-19T00:00:00,2025,2,77,Conflict,37.0,45.0,El Nabatieh,LB4,BA
12261,Displacement due to conflict,Lebanon,LBN,South,LB6,Jezzine,LB62,4,2025-02-19T00:00:00,2025,2,77,Conflict,2.0,2.0,South,LB6,BA
13542,Displacement due to conflict,Lebanon,LBN,Beirut,LB1,Beirut,LB11,534,2025-02-19T00:00:00,2025,2,77,Conflict,252.0,282.0,Mount Lebanon,LB3,BA
9722,Displacement due to conflict,Lebanon,LBN,El Nabatieh,LB4,El Nabatieh,LB44,21476,2025-02-19T00:00:00,2025,2,77,Conflict,10097.0,11379.0,El Nabatieh,LB4,BA
23331,Displacement due to conflict,Lebanon,LBN,Mount Lebanon,LB3,Jbeil,LB34,6,2025-02-19T00:00:00,2025,2,77,Conflict,3.0,3.0,Baalbek-El Hermel,LB8,BA
22766,Displacement due to conflict,Lebanon,LBN,Bekaa,LB2,Rachaya,LB23,247,2025-02-19T00:00:00,2025,2,77,Conflict,116.0,131.0,El Nabatieh,LB4,BA
28981,Displacement due to conflict,Lebanon,LBN,North,LB5,El Minieh-Dennie,LB55,33,2025-02-19T00:00:00,2025,2,77,Conflict,16.0,17.0,Beirut,LB1,BA
25470,Displacement due to conflict,Lebanon,LBN,Mount Lebanon,LB3,Kesrwane,LB35,6,2025-02-19T00:00:00,2025,2,77,Conflict,3.0,3.0,Bekaa,LB2,BA
16436,Displacement due to conflict,Lebanon,LBN,Mount Lebanon,LB3,Chouf,LB33,1912,2025-02-19T00:00:00,2025,2,77,Conflict,898.0,1014.0,South,LB6,BA
16674,Displacement due to conflict,Lebanon,LBN,Baalbek-El Hermel,LB8,Baalbek,LB21,5,2025-02-19T00:00:00,2025,2,77,Conflict,2.0,3.0,South,LB6,BA
14756,Displacement due to conflict,Lebanon,LBN,Beirut,LB1,Beirut,LB11,1117,2025-02-19T00:00:00,2025,2,77,Conflict,525.0,592.0,South,LB6,BA
18416,Displacement due to conflict,Lebanon,LBN,North,LB5,Tripoli,LB56,29,2025-02-19T00:00:00,2025,2,77,Conflict,14.0,15.0,El Nabatieh,LB4,BA
19676,Displacement due to conflict,Lebanon,LBN,Mount Lebanon,LB3,El Meten,LB36,28,2025-02-19T00:00:00,2025,2,77,Conflict,13.0,15.0,Baalbek-El Hermel,LB8,BA
18740,Displacement due to conflict,Lebanon,LBN,South,LB6,Saida,LB61,3545,2025-02-28T00:00:00,2025,2,78,Conflict,1668.0,1877.0,South,LB6,BA
14343,Displacement due to conflict,Lebanon,LBN,Baalbek-El Hermel,LB8,Baalbek,LB21,8,2025-02-28T00:00:00,2025,2,78,Conflict,4.0,4.0,Beirut,LB1,BA
15386,Displacement due to conflict,Lebanon,LBN,Akkar,LB7,Akkar,LB51,147,2025-02-28T00:00:00,2025,2,78,Conflict,70.0,77.0,South,LB6,BA
27624,Displacement due to conflict,Lebanon,LBN,El Nabatieh,LB4,Marjaayoun,LB43,1889,2025-02-28T00:00:00,2025,2,78,Conflict,888.0,1001.0,El Nabatieh,LB4,BA
22659,Displacement due to conflict,Lebanon,LBN,El Nabatieh,LB4,Bent Jbeil,LB41,6271,2025-02-28T00:00:00,2025,2,78,Conflict,2949.0,3322.0,El Nabatieh,LB4,BA
24975,Displacement due to conflict,Lebanon,LBN,Baalbek-El Hermel,LB8,Baalbek,LB21,10,2025-02-28T00:00:00,2025,2,78,Conflict,5.0,5.0,Mount Lebanon,LB3,BA
25386,Displacement due to conflict,Lebanon,LBN,Mount Lebanon,LB3,Aley,LB31,4297,2025-02-28T00:00:00,2025,2,78,Conflict,2020.0,2277.0,El Nabatieh,LB4,BA
24193,Displacement due to conflict,Lebanon,LBN,Beirut,LB1,Beirut,LB11,3303,2025-02-28T00:00:00,2025,2,78,Conflict,1553.0,1750.0,El Nabatieh,LB4,BA
9519,Displacement due to conflict,Lebanon,LBN,South,LB6,Jezzine,LB62,9,2025-02-28T00:00:00,2025,2,78,Conflict,4.0,5.0,South,LB6,BA
9876,Displacement due to conflict,Lebanon,LBN,Baalbek-El Hermel,LB8,Baalbek,LB21,4,2025-02-28T00:00:00,2025,2,78,Conflict,2.0,2.0,South,LB6,BA
7954,Displacement due to conflict,Lebanon,LBN,Bekaa,LB2,West Bekaa,LB24,40,2025-02-28T00:00:00,2025,2,78,Conflict,19.0,21.0,El Nabatieh,LB4,BA
8669,Displacement due to conflict,Lebanon,LBN,North,LB5,El Koura,LB54,6,2025-02-28T00:00:00,2025,2,78,Conflict,3.0,3.0,El Nabatieh,LB4,BA
12618,Displacement due to conflict,Lebanon,LBN,North,LB5,Tripoli,LB56,20,2025-02-28T00:00:00,2025,2,78,Conflict,9.0,11.0,El Nabatieh,LB4,BA
3344,Displacement due to conflict,Lebanon,LBN,Mount Lebanon,LB3,Chouf,LB33,1892,2025-02-28T00:00:00,2025,2,78,Conflict,889.0,1003.0,South,LB6,BA
2785,Displacement due to conflict,Lebanon,LBN,Akkar,LB7,Akkar,LB51,82,2025-02-28T00:00:00,2025,2,78,Conflict,37.0,45.0,El Nabatieh,LB4,BA
3145,Displacement due to conflict,Lebanon,LBN,Mount Lebanon,LB3,El Meten,LB36,28,2025-02-28T00:00:00,2025,2,78,Conflict,13.0,15.0,Baalbek-El Hermel,LB8,BA
327,Displacement due to conflict,Lebanon,LBN,North,LB5,El Minieh-Dennie,LB55,24,2025-02-28T00:00:00,2025,2,78,Conflict,11.0,13.0,El Nabatieh,LB4,BA
53299,Displacement due to conflict,Lebanon,LBN,Mount Lebanon,LB3,Chouf,LB33,2597,2025-02-28T00:00:00,2025,2,78,Conflict,1222.0,1375.0,El Nabatieh,LB4,BA
54502,Displacement due to conflict,Lebanon,LBN,Mount Lebanon,LB3,Baabda,LB32,133,2025-02-28T00:00:00,2025,2,78,Conflict,63.0,70.0,Mount Lebanon,LB3,BA
52182,Displacement due to conflict,Lebanon,LBN,El Nabatieh,LB4,Hasbaya,LB42,1203,2025-02-28T00:00:00,2025,2,78,Conflict,566.0,637.0,El Nabatieh,LB4,BA
52337,Displacement due to conflict,Lebanon,LBN,South,LB6,Sour,LB63,12697,2025-02-28T00:00:00,2025,2,78,Conflict,5968.0,6729.0,South,LB6,BA
42945,Displacement due to conflict,Lebanon,LBN,North,LB5,El Minieh-Dennie,LB55,33,2025-02-28T00:00:00,2025,2,78,Conflict,16.0,17.0,Beirut,LB1,BA
45837,Displacement due to conflict,Lebanon,LBN,Mount Lebanon,LB3,Jbeil,LB34,182,2025-02-28T00:00:00,2025,2,78,Conflict,86.0,96.0,Mount Lebanon,LB3,BA
48866,Displacement due to conflict,Lebanon,LBN,South,LB6,Saida,LB61,10140,2025-02-28T00:00:00,2025,2,78,Conflict,4766.0,5374.0,El Nabatieh,LB4,BA
31100,Displacement due to conflict,Lebanon,LBN,Mount Lebanon,LB3,Aley,LB31,41,2025-02-28T00:00:00,2025,2,78,Conflict,19.0,22.0,Baalbek-El Hermel,LB8,BA
29095,Displacement due to conflict,Lebanon,LBN,Mount Lebanon,LB3,El Meten,LB36,177,2025-02-28T00:00:00,2025,2,78,Conflict,83.0,94.0,South,LB6,BA
35230,Displacement due to conflict,Lebanon,LBN,Akkar,LB7,Akkar,LB51,66,2025-02-28T00:00:00,2025,2,78,Conflict,31.0,35.0,Baalbek-El Hermel,LB8,BA
40186,Displacement due to conflict,Lebanon,LBN,Mount Lebanon,LB3,Jbeil,LB34,12,2025-02-28T00:00:00,2025,2,78,Conflict,6.0,6.0,South,LB6,BA
39067,Displacement due to conflict,Lebanon,LBN,Mount Lebanon,LB3,Baabda,LB32,417,2025-02-28T00:00:00,2025,2,78,Conflict,196.0,221.0,South,LB6,BA
57411,Displacement due to conflict,Lebanon,LBN,Bekaa,LB2,Zahle,LB25,5,2025-02-28T00:00:00,2025,2,78,Conflict,2.0,3.0,South,LB6,BA
57520,Displacement due to conflict,Lebanon,LBN,Bekaa,LB2,Zahle,LB25,182,2025-02-28T00:00:00,2025,2,78,Conflict,86.0,96.0,El Nabatieh,LB4,BA
62624,Displacement due to conflict,Lebanon,LBN,Akkar,LB7,Akkar,LB51,9,2025-02-28T00:00:00,2025,2,78,Conflict,4.0,5.0,Bekaa,LB2,BA
69923,Displacement due to conflict,Lebanon,LBN,North,LB5,El Minieh-Dennie,LB55,15,2025-02-28T00:00:00,2025,2,78,Conflict,7.0,8.0,South,LB6,BA
66390,Displacement due to conflict,Lebanon,LBN,Mount Lebanon,LB3,Aley,LB31,3881,2025-02-28T00:00:00,2025,2,78,Conflict,1825.0,2056.0,Mount Lebanon,LB3,BA
84522,Displacement due to conflict,Lebanon,LBN,Bekaa,LB2,Zahle,LB25,20,2025-02-28T00:00:00,2025,2,78,Conflict,10.0,10.0,Bekaa,LB2,BA
82480,Displacement due to conflict,Lebanon,LBN,Bekaa,LB2,Zahle,LB25,130,2025-02-28T00:00:00,2025,2,78,Conflict,61.0,69.0,Baalbek-El Hermel,LB8,BA
77338,Displacement due to conflict,Lebanon,LBN,Bekaa,LB2,Zahle,LB25,40,2025-02-28T00:00:00,2025,2,78,Conflict,19.0,21.0,Beirut,LB1,BA
88521,Displacement due to conflict,Lebanon,LBN,South,LB6,Sour,LB63,12542,2025-02-28T00:00:00,2025,2,78,Conflict,5898.0,6644.0,El Nabatieh,LB4,BA
88427,Displacement due to conflict,Lebanon,LBN,Mount Lebanon,LB3,Baabda,LB32,4,2025-02-28T00:00:00,2025,2,78,Conflict,2.0,2.0,Baalbek-El Hermel,LB8,BA
87206,Displacement due to conflict,Lebanon,LBN,Baalbek-El Hermel,LB8,Baalbek,LB21,157,2025-02-28T00:00:00,2025,2,78,Conflict,73.0,84.0,Baalbek-El Hermel,LB8,BA
91942,Displacement due to conflict,Lebanon,LBN,Akkar,LB7,Akkar,LB51,112,2025-02-28T00:00:00,2025,2,78,Conflict,52.0,60.0,Beirut,LB1,BA
89265,Displacement due to conflict,Lebanon,LBN,Beirut,LB1,Beirut,LB11,646,2025-02-28T00:00:00,2025,2,78,Conflict,304.0,342.0,Mount Lebanon,LB3,BA
94504,Displacement due to conflict,Lebanon,LBN,North,LB5,Zgharta,LB57,10,2025-02-28T00:00:00,2025,2,78,Conflict,5.0,5.0,El Nabatieh,LB4,BA
95115,Displacement due to conflict,Lebanon,LBN,Mount Lebanon,LB3,Kesrwane,LB35,38,2025-02-28T00:00:00,2025,2,78,Conflict,18.0,20.0,South,LB6,BA
92484,Displacement due to conflict,Lebanon,LBN,Bekaa,LB2,West Bekaa,LB24,6,2025-02-28T00:00:00,2025,2,78,Conflict,3.0,3.0,Bekaa,LB2,BA
96046,Displacement due to conflict,Lebanon,LBN,Mount Lebanon,LB3,El Meten,LB36,7,2025-02-28T00:00:00,2025,2,78,Conflict,3.0,4.0,Beirut,LB1,BA
96844,Displacement due to conflict,Lebanon,LBN,Mount Lebanon,LB3,Aley,LB31,37,2025-02-28T00:00:00,2025,2,78,Conflict,18.0,19.0,Beirut,LB1,BA
108625,Displacement due to conflict,Lebanon,LBN,Mount Lebanon,LB3,Kesrwane,LB35,147,2025-02-28T00:00:00,2025,2,78,Conflict,69.0,78.0,El Nabatieh,LB4,BA
109024,Displacement due to conflict,Lebanon,LBN,Mount Lebanon,LB3,El Meten,LB36,2322,2025-02-28T00:00:00,2025,2,78,Conflict,1092.0,1230.0,El Nabatieh,LB4,BA
111019,Displacement due to conflict,Lebanon,LBN,Bekaa,LB2,Rachaya,LB23,339,2025-02-28T00:00:00,2025,2,78,Conflict,159.0,180.0,El Nabatieh,LB4,BA
111644,Displacement due to conflict,Lebanon,LBN,Mount Lebanon,LB3,Kesrwane,LB35,6,2025-02-28T00:00:00,2025,2,78,Conflict,3.0,3.0,Bekaa,LB2,BA
101685,Displacement due to conflict,Lebanon,LBN,Mount Lebanon,LB3,Aley,LB31,377,2025-02-28T00:00:00,2025,2,78,Conflict,177.0,200.0,South,LB6,BA
101668,Displacement due to conflict,Lebanon,LBN,Mount Lebanon,LB3,Chouf,LB33,103,2025-02-28T00:00:00,2025,2,78,Conflict,49.0,54.0,Mount Lebanon,LB3,BA
100758,Displacement due to conflict,Lebanon,LBN,Mount Lebanon,LB3,Jbeil,LB34,47,2025-02-28T00:00:00,2025,2,78,Conflict,22.0,25.0,El Nabatieh,LB4,BA
100500,Displacement due to conflict,Lebanon,LBN,Baalbek-El Hermel,LB8,El Hermel,LB22,25,2025-02-28T00:00:00,2025,2,78,Conflict,12.0,13.0,Beirut,LB1,BA
99313,Displacement due to conflict,Lebanon,LBN,Mount Lebanon,LB3,Baabda,LB32,2527,2025-02-28T00:00:00,2025,2,78,Conflict,1190.0,1337.0,El Nabatieh,LB4,BA
105264,Displacement due to conflict,Lebanon,LBN,Mount Lebanon,LB3,Jbeil,LB34,6,2025-02-28T00:00:00,2025,2,78,Conflict,3.0,3.0,Baalbek-El Hermel,LB8,BA
103515,Displacement due to conflict,Lebanon,LBN,North,LB5,El Koura,LB54,4,2025-02-28T00:00:00,2025,2,78,Conflict,2.0,2.0,Beirut,LB1,BA
139114,Displacement due to conflict,Lebanon,LBN,Baalbek-El Hermel,LB8,Baalbek,LB21,63,2025-02-28T00:00:00,2025,2,78,Conflict,29.0,34.0,El Nabatieh,LB4,BA
130171,Displacement due to conflict,Lebanon,LBN,Mount Lebanon,LB3,El Meten,LB36,1851,2025-02-28T00:00:00,2025,2,78,Conflict,870.0,981.0,Mount Lebanon,LB3,BA
127174,Displacement due to conflict,Lebanon,LBN,South,LB6,Jezzine,LB62,93,2025-02-28T00:00:00,2025,2,78,Conflict,43.0,50.0,El Nabatieh,LB4,BA
116204,Displacement due to conflict,Lebanon,LBN,Mount Lebanon,LB3,Kesrwane,LB35,8,2025-02-28T00:00:00,2025,2,78,Conflict,3.0,5.0,Mount Lebanon,LB3,BA
116830,Displacement due to conflict,Lebanon,LBN,El Nabatieh,LB4,El Nabatieh,LB44,22817,2025-02-28T00:00:00,2025,2,78,Conflict,10726.0,12091.0,El Nabatieh,LB4,BA
114393,Displacement due to conflict,Lebanon,LBN,Akkar,LB7,Akkar,LB51,21,2025-02-28T00:00:00,2025,2,78,Conflict,10.0,11.0,Mount Lebanon,LB3,BA
116131,Displacement due to conflict,Lebanon,LBN,Beirut,LB1,Beirut,LB11,1005,2025-02-28T00:00:00,2025,2,78,Conflict,473.0,532.0,South,LB6,BA
118553,Displacement due to conflict,Lebanon,LBN,Bekaa,LB2,West Bekaa,LB24,6,2025-03-06T00:00:00,2025,3,79,Conflict,3.0,3.0,Bekaa,LB2,BA
118916,Displacement due to conflict,Lebanon,LBN,Akkar,LB7,Akkar,LB51,61,2025-03-06T00:00:00,2025,3,79,Conflict,28.0,33.0,Baalbek-El Hermel,LB8,BA
118199,Displacement due to conflict,Lebanon,LBN,Mount Lebanon,LB3,Baabda,LB32,2230,2025-03-06T00:00:00,2025,3,79,Conflict,1051.0,1179.0,El Nabatieh,LB4,BA
122332,Displacement due to conflict,Lebanon,LBN,North,LB5,El Koura,LB54,6,2025-03-06T00:00:00,2025,3,79,Conflict,3.0,3.0,El Nabatieh,LB4,BA
122491,Displacement due to conflict,Lebanon,LBN,South,LB6,Sour,LB63,12680,2025-03-06T00:00:00,2025,3,79,Conflict,5961.0,6719.0,South,LB6,BA
124669,Displacement due to conflict,Lebanon,LBN,North,LB5,El Koura,LB54,4,2025-03-06T00:00:00,2025,3,79,Conflict,2.0,2.0,Beirut,LB1,BA
125682,Displacement due to conflict,Lebanon,LBN,Akkar,LB7,Akkar,LB51,112,2025-03-06T00:00:00,2025,3,79,Conflict,52.0,60.0,Beirut,LB1,BA
132251,Displacement due to conflict,Lebanon,LBN,Mount Lebanon,LB3,Baabda,LB32,5,2025-03-06T00:00:00,2025,3,79,Conflict,2.0,3.0,Baalbek-El Hermel,LB8,BA
103243,Displacement due to conflict,Lebanon,LBN,El Nabatieh,LB4,Marjaayoun,LB43,1594,2025-03-06T00:00:00,2025,3,79,Conflict,749.0,845.0,El Nabatieh,LB4,BA
104423,Displacement due to conflict,Lebanon,LBN,Mount Lebanon,LB3,Kesrwane,LB35,38,2025-03-06T00:00:00,2025,3,79,Conflict,17.0,21.0,South,LB6,BA
100351,Displacement due to conflict,Lebanon,LBN,Bekaa,LB2,Zahle,LB25,5,2025-03-06T00:00:00,2025,3,79,Conflict,2.0,3.0,South,LB6,BA
100906,Displacement due to conflict,Lebanon,LBN,Baalbek-El Hermel,LB8,Baalbek,LB21,62,2025-03-06T00:00:00,2025,3,79,Conflict,29.0,33.0,El Nabatieh,LB4,BA
101394,Displacement due to conflict,Lebanon,LBN,Mount Lebanon,LB3,El Meten,LB36,30,2025-03-06T00:00:00,2025,3,79,Conflict,14.0,16.0,Baalbek-El Hermel,LB8,BA
111990,Displacement due to conflict,Lebanon,LBN,Mount Lebanon,LB3,Aley,LB31,150,2025-03-06T00:00:00,2025,3,79,Conflict,70.0,80.0,South,LB6,BA
110182,Displacement due to conflict,Lebanon,LBN,El Nabatieh,LB4,Hasbaya,LB42,1136,2025-03-06T00:00:00,2025,3,79,Conflict,536.0,600.0,El Nabatieh,LB4,BA
110308,Displacement due to conflict,Lebanon,LBN,Akkar,LB7,Akkar,LB51,9,2025-03-06T00:00:00,2025,3,79,Conflict,4.0,5.0,Bekaa,LB2,BA
108262,Displacement due to conflict,Lebanon,LBN,Bekaa,LB2,Zahle,LB25,100,2025-03-06T00:00:00,2025,3,79,Conflict,47.0,53.0,Beirut,LB1,BA
106924,Displacement due to conflict,Lebanon,LBN,South,LB6,Jezzine,LB62,110,2025-03-06T00:00:00,2025,3,79,Conflict,52.0,58.0,El Nabatieh,LB4,BA
97786,Displacement due to conflict,Lebanon,LBN,Mount Lebanon,LB3,El Meten,LB36,180,2025-03-06T00:00:00,2025,3,79,Conflict,85.0,95.0,South,LB6,BA
98688,Displacement due to conflict,Lebanon,LBN,North,LB5,El Minieh-Dennie,LB55,33,2025-03-06T00:00:00,2025,3,79,Conflict,16.0,17.0,Beirut,LB1,BA
89028,Displacement due to conflict,Lebanon,LBN,Mount Lebanon,LB3,Jbeil,LB34,182,2025-03-06T00:00:00,2025,3,79,Conflict,86.0,96.0,Mount Lebanon,LB3,BA
90431,Displacement due to conflict,Lebanon,LBN,Mount Lebanon,LB3,Baabda,LB32,338,2025-03-06T00:00:00,2025,3,79,Conflict,159.0,179.0,South,LB6,BA
85311,Displacement due to conflict,Lebanon,LBN,North,LB5,Zgharta,LB57,5,2025-03-06T00:00:00,2025,3,79,Conflict,2.0,3.0,El Nabatieh,LB4,BA
77073,Displacement due to conflict,Lebanon,LBN,Mount Lebanon,LB3,Chouf,LB33,103,2025-03-06T00:00:00,2025,3,79,Conflict,49.0,54.0,Mount Lebanon,LB3,BA
75460,Displacement due to conflict,Lebanon,LBN,Mount Lebanon,LB3,Kesrwane,LB35,8,2025-03-06T00:00:00,2025,3,79,Conflict,3.0,5.0,Mount Lebanon,LB3,BA
76537,Displacement due to conflict,Lebanon,LBN,Bekaa,LB2,Rachaya,LB23,253,2025-03-06T00:00:00,2025,3,79,Conflict,119.0,134.0,El Nabatieh,LB4,BA
76052,Displacement due to conflict,Lebanon,LBN,Mount Lebanon,LB3,Aley,LB31,4328,2025-03-06T00:00:00,2025,3,79,Conflict,2035.0,2293.0,El Nabatieh,LB4,BA
82411,Displacement due to conflict,Lebanon,LBN,Beirut,LB1,Beirut,LB11,3303,2025-03-06T00:00:00,2025,3,79,Conflict,1553.0,1750.0,El Nabatieh,LB4,BA
81398,Displacement due to conflict,Lebanon,LBN,Mount Lebanon,LB3,Baabda,LB32,124,2025-03-06T00:00:00,2025,3,79,Conflict,59.0,65.0,Mount Lebanon,LB3,BA
84401,Displacement due to conflict,Lebanon,LBN,Akkar,LB7,Akkar,LB51,144,2025-03-06T00:00:00,2025,3,79,Conflict,69.0,75.0,South,LB6,BA
81106,Displacement due to conflict,Lebanon,LBN,Beirut,LB1,Beirut,LB11,1005,2025-03-06T00:00:00,2025,3,79,Conflict,473.0,532.0,South,LB6,BA
78280,Displacement due to conflict,Lebanon,LBN,Mount Lebanon,LB3,Jbeil,LB34,12,2025-03-06T00:00:00,2025,3,79,Conflict,6.0,6.0,South,LB6,BA
64852,Displacement due to conflict,Lebanon,LBN,North,LB5,El Minieh-Dennie,LB55,15,2025-03-06T00:00:00,2025,3,79,Conflict,7.0,8.0,South,LB6,BA
70401,Displacement due to conflict,Lebanon,LBN,Mount Lebanon,LB3,Chouf,LB33,1792,2025-03-06T00:00:00,2025,3,79,Conflict,842.0,950.0,South,LB6,BA
71205,Displacement due to conflict,Lebanon,LBN,Bekaa,LB2,West Bekaa,LB24,31,2025-03-06T00:00:00,2025,3,79,Conflict,15.0,16.0,El Nabatieh,LB4,BA
60820,Displacement due to conflict,Lebanon,LBN,Mount Lebanon,LB3,Jbeil,LB34,47,2025-03-06T00:00:00,2025,3,79,Conflict,22.0,25.0,El Nabatieh,LB4,BA
58943,Displacement due to conflict,Lebanon,LBN,Akkar,LB7,Akkar,LB51,92,2025-03-06T00:00:00,2025,3,79,Conflict,42.0,50.0,El Nabatieh,LB4,BA
59322,Displacement due to conflict,Lebanon,LBN,South,LB6,Saida,LB61,3431,2025-03-06T00:00:00,2025,3,79,Conflict,1615.0,1816.0,South,LB6,BA
38787,Displacement due to conflict,Lebanon,LBN,Mount Lebanon,LB3,Aley,LB31,3997,2025-03-06T00:00:00,2025,3,79,Conflict,1877.0,2120.0,Mount Lebanon,LB3,BA
40682,Displacement due to conflict,Lebanon,LBN,North,LB5,Tripoli,LB56,16,2025-03-06T00:00:00,2025,3,79,Conflict,8.0,8.0,El Nabatieh,LB4,BA
32690,Displacement due to conflict,Lebanon,LBN,Baalbek-El Hermel,LB8,Baalbek,LB21,10,2025-03-06T00:00:00,2025,3,79,Conflict,5.0,5.0,Mount Lebanon,LB3,BA
30773,Displacement due to conflict,Lebanon,LBN,Baalbek-El Hermel,LB8,El Hermel,LB22,25,2025-03-06T00:00:00,2025,3,79,Conflict,12.0,13.0,Beirut,LB1,BA
31798,Displacement due to conflict,Lebanon,LBN,Akkar,LB7,Akkar,LB51,21,2025-03-06T00:00:00,2025,3,79,Conflict,10.0,11.0,Mount Lebanon,LB3,BA
48011,Displacement due to conflict,Lebanon,LBN,North,LB5,El Minieh-Dennie,LB55,24,2025-03-06T00:00:00,2025,3,79,Conflict,11.0,13.0,El Nabatieh,LB4,BA
44427,Displacement due to conflict,Lebanon,LBN,Mount Lebanon,LB3,Chouf,LB33,2347,2025-03-06T00:00:00,2025,3,79,Conflict,1104.0,1243.0,El Nabatieh,LB4,BA
54539,Displacement due to conflict,Lebanon,LBN,Mount Lebanon,LB3,El Meten,LB36,7,2025-03-06T00:00:00,2025,3,79,Conflict,3.0,4.0,Beirut,LB1,BA
54224,Displacement due to conflict,Lebanon,LBN,South,LB6,Sour,LB63,11199,2025-03-06T00:00:00,2025,3,79,Conflict,5269.0,5930.0,El Nabatieh,LB4,BA
53063,Displacement due to conflict,Lebanon,LBN,South,LB6,Saida,LB61,9559,2025-03-06T00:00:00,2025,3,79,Conflict,4495.0,5064.0,El Nabatieh,LB4,BA
54808,Displacement due to conflict,Lebanon,LBN,Baalbek-El Hermel,LB8,Baalbek,LB21,10,2025-03-06T00:00:00,2025,3,79,Conflict,5.0,5.0,Beirut,LB1,BA
55211,Displacement due to conflict,Lebanon,LBN,El Nabatieh,LB4,El Nabatieh,LB44,23119,2025-03-06T00:00:00,2025,3,79,Conflict,10866.0,12253.0,El Nabatieh,LB4,BA
55117,Displacement due to conflict,Lebanon,LBN,South,LB6,Jezzine,LB62,9,2025-03-06T00:00:00,2025,3,79,Conflict,4.0,5.0,South,LB6,BA
1656,Displacement due to conflict,Lebanon,LBN,Bekaa,LB2,Zahle,LB25,167,2025-03-06T00:00:00,2025,3,79,Conflict,79.0,88.0,El Nabatieh,LB4,BA
2705,Displacement due to conflict,Lebanon,LBN,Mount Lebanon,LB3,Kesrwane,LB35,5,2025-03-06T00:00:00,2025,3,79,Conflict,2.0,3.0,Bekaa,LB2,BA
13592,Displacement due to conflict,Lebanon,LBN,Baalbek-El Hermel,LB8,Baalbek,LB21,157,2025-03-06T00:00:00,2025,3,79,Conflict,73.0,84.0,Baalbek-El Hermel,LB8,BA
13603,Displacement due to conflict,Lebanon,LBN,Mount Lebanon,LB3,Kesrwane,LB35,146,2025-03-06T00:00:00,2025,3,79,Conflict,69.0,77.0,El Nabatieh,LB4,BA
8330,Displacement due to conflict,Lebanon,LBN,Mount Lebanon,LB3,Aley,LB31,31,2025-03-06T00:00:00,2025,3,79,Conflict,15.0,16.0,Beirut,LB1,BA
9530,Displacement due to conflict,Lebanon,LBN,Beirut,LB1,Beirut,LB11,642,2025-03-06T00:00:00,2025,3,79,Conflict,301.0,341.0,Mount Lebanon,LB3,BA
24777,Displacement due to conflict,Lebanon,LBN,Mount Lebanon,LB3,Aley,LB31,25,2025-03-06T00:00:00,2025,3,79,Conflict,11.0,14.0,Baalbek-El Hermel,LB8,BA
28370,Displacement due to conflict,Lebanon,LBN,Bekaa,LB2,Zahle,LB25,85,2025-03-06T00:00:00,2025,3,79,Conflict,40.0,45.0,Baalbek-El Hermel,LB8,BA
26408,Displacement due to conflict,Lebanon,LBN,Mount Lebanon,LB3,El Meten,LB36,1860,2025-03-06T00:00:00,2025,3,79,Conflict,875.0,985.0,Mount Lebanon,LB3,BA
26768,Displacement due to conflict,Lebanon,LBN,El Nabatieh,LB4,Bent Jbeil,LB41,6495,2025-03-06T00:00:00,2025,3,79,Conflict,3055.0,3440.0,El Nabatieh,LB4,BA
14228,Displacement due to conflict,Lebanon,LBN,Bekaa,LB2,Zahle,LB25,10,2025-03-06T00:00:00,2025,3,79,Conflict,5.0,5.0,Bekaa,LB2,BA
19002,Displacement due to conflict,Lebanon,LBN,Mount Lebanon,LB3,Jbeil,LB34,6,2025-03-06T00:00:00,2025,3,79,Conflict,3.0,3.0,Baalbek-El Hermel,LB8,BA
21239,Displacement due to conflict,Lebanon,LBN,Mount Lebanon,LB3,El Meten,LB36,2098,2025-03-06T00:00:00,2025,3,79,Conflict,985.0,1113.0,El Nabatieh,LB4,BA
21563,Displacement due to conflict,Lebanon,LBN,Akkar,LB7,Akkar,LB51,111,2025-03-13T00:00:00,2025,3,80,Conflict,51.0,60.0,Beirut,LB1,BA
14375,Displacement due to conflict,Lebanon,LBN,Akkar,LB7,Akkar,LB51,83,2025-03-13T00:00:00,2025,3,80,Conflict,37.0,46.0,El Nabatieh,LB4,BA
14701,Displacement due to conflict,Lebanon,LBN,Akkar,LB7,Akkar,LB51,149,2025-03-13T00:00:00,2025,3,80,Conflict,70.0,79.0,South,LB6,BA
17488,Displacement due to conflict,Lebanon,LBN,Mount Lebanon,LB3,Baabda,LB32,5,2025-03-13T00:00:00,2025,3,80,Conflict,2.0,3.0,Baalbek-El Hermel,LB8,BA
27585,Displacement due to conflict,Lebanon,LBN,North,LB5,El Minieh-Dennie,LB55,16,2025-03-13T00:00:00,2025,3,80,Conflict,8.0,8.0,El Nabatieh,LB4,BA
13466,Displacement due to conflict,Lebanon,LBN,El Nabatieh,LB4,Marjaayoun,LB43,1655,2025-03-13T00:00:00,2025,3,80,Conflict,779.0,876.0,El Nabatieh,LB4,BA
12185,Displacement due to conflict,Lebanon,LBN,Mount Lebanon,LB3,Aley,LB31,25,2025-03-13T00:00:00,2025,3,80,Conflict,11.0,14.0,Baalbek-El Hermel,LB8,BA
2763,Displacement due to conflict,Lebanon,LBN,Bekaa,LB2,Zahle,LB25,205,2025-03-13T00:00:00,2025,3,80,Conflict,96.0,109.0,Baalbek-El Hermel,LB8,BA
5506,Displacement due to conflict,Lebanon,LBN,South,LB6,Sour,LB63,12644,2025-03-13T00:00:00,2025,3,80,Conflict,5943.0,6701.0,South,LB6,BA
55512,Displacement due to conflict,Lebanon,LBN,Mount Lebanon,LB3,Jbeil,LB34,12,2025-03-13T00:00:00,2025,3,80,Conflict,6.0,6.0,South,LB6,BA
53993,Displacement due to conflict,Lebanon,LBN,Akkar,LB7,Akkar,LB51,61,2025-03-13T00:00:00,2025,3,80,Conflict,28.0,33.0,Baalbek-El Hermel,LB8,BA
50209,Displacement due to conflict,Lebanon,LBN,Mount Lebanon,LB3,Kesrwane,LB35,5,2025-03-13T00:00:00,2025,3,80,Conflict,2.0,3.0,Bekaa,LB2,BA
44542,Displacement due to conflict,Lebanon,LBN,North,LB5,El Koura,LB54,4,2025-03-13T00:00:00,2025,3,80,Conflict,2.0,2.0,Beirut,LB1,BA
44849,Displacement due to conflict,Lebanon,LBN,North,LB5,Zgharta,LB57,5,2025-03-13T00:00:00,2025,3,80,Conflict,2.0,3.0,El Nabatieh,LB4,BA
44139,Displacement due to conflict,Lebanon,LBN,Mount Lebanon,LB3,Aley,LB31,150,2025-03-13T00:00:00,2025,3,80,Conflict,70.0,80.0,South,LB6,BA
44425,Displacement due to conflict,Lebanon,LBN,North,LB5,El Minieh-Dennie,LB55,34,2025-03-13T00:00:00,2025,3,80,Conflict,16.0,18.0,Beirut,LB1,BA
48284,Displacement due to conflict,Lebanon,LBN,Bekaa,LB2,Zahle,LB25,20,2025-03-13T00:00:00,2025,3,80,Conflict,10.0,10.0,Bekaa,LB2,BA
31849,Displacement due to conflict,Lebanon,LBN,Bekaa,LB2,West Bekaa,LB24,31,2025-03-13T00:00:00,2025,3,80,Conflict,15.0,16.0,El Nabatieh,LB4,BA
29074,Displacement due to conflict,Lebanon,LBN,Mount Lebanon,LB3,Chouf,LB33,1774,2025-03-13T00:00:00,2025,3,80,Conflict,834.0,940.0,South,LB6,BA
30356,Displacement due to conflict,Lebanon,LBN,Mount Lebanon,LB3,Aley,LB31,4335,2025-03-13T00:00:00,2025,3,80,Conflict,2037.0,2298.0,El Nabatieh,LB4,BA
32397,Displacement due to conflict,Lebanon,LBN,South,LB6,Saida,LB61,2997,2025-03-13T00:00:00,2025,3,80,Conflict,1411.0,1586.0,South,LB6,BA
32441,Displacement due to conflict,Lebanon,LBN,Mount Lebanon,LB3,El Meten,LB36,25,2025-03-13T00:00:00,2025,3,80,Conflict,11.0,14.0,Baalbek-El Hermel,LB8,BA
33980,Displacement due to conflict,Lebanon,LBN,El Nabatieh,LB4,El Nabatieh,LB44,22370,2025-03-13T00:00:00,2025,3,80,Conflict,10515.0,11855.0,El Nabatieh,LB4,BA
34348,Displacement due to conflict,Lebanon,LBN,North,LB5,Tripoli,LB56,16,2025-03-13T00:00:00,2025,3,80,Conflict,8.0,8.0,El Nabatieh,LB4,BA
41647,Displacement due to conflict,Lebanon,LBN,Beirut,LB1,Beirut,LB11,1005,2025-03-13T00:00:00,2025,3,80,Conflict,473.0,532.0,South,LB6,BA
38239,Displacement due to conflict,Lebanon,LBN,El Nabatieh,LB4,Hasbaya,LB42,954,2025-03-13T00:00:00,2025,3,80,Conflict,448.0,506.0,El Nabatieh,LB4,BA
37992,Displacement due to conflict,Lebanon,LBN,Akkar,LB7,Akkar,LB51,9,2025-03-13T00:00:00,2025,3,80,Conflict,4.0,5.0,Bekaa,LB2,BA
36050,Displacement due to conflict,Lebanon,LBN,Beirut,LB1,Beirut,LB11,642,2025-03-13T00:00:00,2025,3,80,Conflict,301.0,341.0,Mount Lebanon,LB3,BA
59925,Displacement due to conflict,Lebanon,LBN,Baalbek-El Hermel,LB8,Baalbek,LB21,40,2025-03-13T00:00:00,2025,3,80,Conflict,19.0,21.0,El Nabatieh,LB4,BA
58634,Displacement due to conflict,Lebanon,LBN,Mount Lebanon,LB3,El Meten,LB36,7,2025-03-13T00:00:00,2025,3,80,Conflict,3.0,4.0,Beirut,LB1,BA
58836,Displacement due to conflict,Lebanon,LBN,Baalbek-El Hermel,LB8,El Hermel,LB22,25,2025-03-13T00:00:00,2025,3,80,Conflict,12.0,13.0,Beirut,LB1,BA
58334,Displacement due to conflict,Lebanon,LBN,Mount Lebanon,LB3,Aley,LB31,38,2025-03-13T00:00:00,2025,3,80,Conflict,18.0,20.0,Beirut,LB1,BA
58178,Displacement due to conflict,Lebanon,LBN,Baalbek-El Hermel,LB8,Baalbek,LB21,210,2025-03-13T00:00:00,2025,3,80,Conflict,98.0,112.0,Baalbek-El Hermel,LB8,BA
60724,Displacement due to conflict,Lebanon,LBN,El Nabatieh,LB4,Bent Jbeil,LB41,5800,2025-03-13T00:00:00,2025,3,80,Conflict,2726.0,3074.0,El Nabatieh,LB4,BA
63030,Displacement due to conflict,Lebanon,LBN,Akkar,LB7,Akkar,LB51,21,2025-03-13T00:00:00,2025,3,80,Conflict,10.0,11.0,Mount Lebanon,LB3,BA
71007,Displacement due to conflict,Lebanon,LBN,Bekaa,LB2,Zahle,LB25,97,2025-03-13T00:00:00,2025,3,80,Conflict,47.0,50.0,El Nabatieh,LB4,BA
70188,Displacement due to conflict,Lebanon,LBN,South,LB6,Jezzine,LB62,9,2025-03-13T00:00:00,2025,3,80,Conflict,4.0,5.0,Beirut,LB1,BA
63971,Displacement due to conflict,Lebanon,LBN,North,LB5,El Minieh-Dennie,LB55,12,2025-03-13T00:00:00,2025,3,80,Conflict,6.0,6.0,South,LB6,BA
65635,Displacement due to conflict,Lebanon,LBN,Mount Lebanon,LB3,Aley,LB31,3963,2025-03-13T00:00:00,2025,3,80,Conflict,1862.0,2101.0,Mount Lebanon,LB3,BA
66113,Displacement due to conflict,Lebanon,LBN,Mount Lebanon,LB3,Kesrwane,LB35,131,2025-03-13T00:00:00,2025,3,80,Conflict,62.0,69.0,El Nabatieh,LB4,BA
66168,Displacement due to conflict,Lebanon,LBN,Mount Lebanon,LB3,El Meten,LB36,1851,2025-03-13T00:00:00,2025,3,80,Conflict,870.0,981.0,Mount Lebanon,LB3,BA
67493,Displacement due to conflict,Lebanon,LBN,South,LB6,Jezzine,LB62,113,2025-03-13T00:00:00,2025,3,80,Conflict,53.0,60.0,El Nabatieh,LB4,BA
80241,Displacement due to conflict,Lebanon,LBN,Mount Lebanon,LB3,Jbeil,LB34,47,2025-03-13T00:00:00,2025,3,80,Conflict,22.0,25.0,El Nabatieh,LB4,BA
83478,Displacement due to conflict,Lebanon,LBN,Mount Lebanon,LB3,Jbeil,LB34,78,2025-03-13T00:00:00,2025,3,80,Conflict,37.0,41.0,Baalbek-El Hermel,LB8,BA
77388,Displacement due to conflict,Lebanon,LBN,Mount Lebanon,LB3,El Meten,LB36,2075,2025-03-13T00:00:00,2025,3,80,Conflict,976.0,1099.0,El Nabatieh,LB4,BA
85008,Displacement due to conflict,Lebanon,LBN,Mount Lebanon,LB3,Jbeil,LB34,110,2025-03-13T00:00:00,2025,3,80,Conflict,52.0,58.0,Mount Lebanon,LB3,BA
85487,Displacement due to conflict,Lebanon,LBN,Baalbek-El Hermel,LB8,Baalbek,LB21,10,2025-03-13T00:00:00,2025,3,80,Conflict,5.0,5.0,Mount Lebanon,LB3,BA
88349,Displacement due to conflict,Lebanon,LBN,Mount Lebanon,LB3,Kesrwane,LB35,30,2025-03-13T00:00:00,2025,3,80,Conflict,13.0,17.0,South,LB6,BA
90404,Displacement due to conflict,Lebanon,LBN,Baalbek-El Hermel,LB8,Baalbek,LB21,4,2025-03-13T00:00:00,2025,3,80,Conflict,2.0,2.0,Beirut,LB1,BA
90782,Displacement due to conflict,Lebanon,LBN,Bekaa,LB2,Zahle,LB25,5,2025-03-13T00:00:00,2025,3,80,Conflict,2.0,3.0,South,LB6,BA
94232,Displacement due to conflict,Lebanon,LBN,South,LB6,Sour,LB63,11302,2025-03-13T00:00:00,2025,3,80,Conflict,5316.0,5986.0,El Nabatieh,LB4,BA
109027,Displacement due to conflict,Lebanon,LBN,Bekaa,LB2,West Bekaa,LB24,6,2025-03-13T00:00:00,2025,3,80,Conflict,3.0,3.0,Bekaa,LB2,BA
110059,Displacement due to conflict,Lebanon,LBN,Mount Lebanon,LB3,Chouf,LB33,102,2025-03-13T00:00:00,2025,3,80,Conflict,48.0,54.0,Mount Lebanon,LB3,BA
100747,Displacement due to conflict,Lebanon,LBN,Beirut,LB1,Beirut,LB11,3143,2025-03-13T00:00:00,2025,3,80,Conflict,1477.0,1666.0,El Nabatieh,LB4,BA
101691,Displacement due to conflict,Lebanon,LBN,Mount Lebanon,LB3,El Meten,LB36,172,2025-03-13T00:00:00,2025,3,80,Conflict,81.0,91.0,South,LB6,BA
104429,Displacement due to conflict,Lebanon,LBN,South,LB6,Saida,LB61,9133,2025-03-13T00:00:00,2025,3,80,Conflict,4296.0,4837.0,El Nabatieh,LB4,BA
127893,Displacement due to conflict,Lebanon,LBN,Mount Lebanon,LB3,Baabda,LB32,2039,2025-03-13T00:00:00,2025,3,80,Conflict,960.0,1079.0,El Nabatieh,LB4,BA
128299,Displacement due to conflict,Lebanon,LBN,Bekaa,LB2,Rachaya,LB23,226,2025-03-13T00:00:00,2025,3,80,Conflict,107.0,119.0,El Nabatieh,LB4,BA
122143,Displacement due to conflict,Lebanon,LBN,Mount Lebanon,LB3,Baabda,LB32,544,2025-03-13T00:00:00,2025,3,80,Conflict,256.0,288.0,South,LB6,BA
122805,Displacement due to conflict,Lebanon,LBN,Mount Lebanon,LB3,Kesrwane,LB35,8,2025-03-13T00:00:00,2025,3,80,Conflict,3.0,5.0,Mount Lebanon,LB3,BA
120775,Displacement due to conflict,Lebanon,LBN,Bekaa,LB2,Zahle,LB25,40,2025-03-13T00:00:00,2025,3,80,Conflict,19.0,21.0,Beirut,LB1,BA
118286,Displacement due to conflict,Lebanon,LBN,Mount Lebanon,LB3,Chouf,LB33,1976,2025-03-13T00:00:00,2025,3,80,Conflict,929.0,1047.0,El Nabatieh,LB4,BA
118754,Displacement due to conflict,Lebanon,LBN,North,LB5,El Koura,LB54,6,2025-03-13T00:00:00,2025,3,80,Conflict,3.0,3.0,El Nabatieh,LB4,BA
115591,Displacement due to conflict,Lebanon,LBN,Mount Lebanon,LB3,Baabda,LB32,110,2025-03-13T00:00:00,2025,3,80,Conflict,52.0,58.0,Mount Lebanon,LB3,BA
114880,Displacement due to conflict,Lebanon,LBN,North,LB5,El Minieh-Dennie,LB55,17,2025-03-21T00:00:00,2025,3,81,Conflict,8.0,9.0,El Nabatieh,LB4,BA
119434,Displacement due to conflict,Lebanon,LBN,Mount Lebanon,LB3,El Meten,LB36,1785,2025-03-21T00:00:00,2025,3,81,Conflict,838.0,947.0,Mount Lebanon,LB3,BA
118329,Displacement due to conflict,Lebanon,LBN,Mount Lebanon,LB3,Aley,LB31,38,2025-03-21T00:00:00,2025,3,81,Conflict,18.0,20.0,Beirut,LB1,BA
118543,Displacement due to conflict,Lebanon,LBN,Mount Lebanon,LB3,Kesrwane,LB35,8,2025-03-21T00:00:00,2025,3,81,Conflict,3.0,5.0,Mount Lebanon,LB3,BA
116191,Displacement due to conflict,Lebanon,LBN,Mount Lebanon,LB3,Aley,LB31,3987,2025-03-21T00:00:00,2025,3,81,Conflict,1874.0,2113.0,Mount Lebanon,LB3,BA
120525,Displacement due to conflict,Lebanon,LBN,Beirut,LB1,Beirut,LB11,637,2025-03-21T00:00:00,2025,3,81,Conflict,299.0,338.0,Mount Lebanon,LB3,BA
120298,Displacement due to conflict,Lebanon,LBN,Akkar,LB7,Akkar,LB51,82,2025-03-21T00:00:00,2025,3,81,Conflict,37.0,45.0,El Nabatieh,LB4,BA
119944,Displacement due to conflict,Lebanon,LBN,South,LB6,Jezzine,LB62,9,2025-03-21T00:00:00,2025,3,81,Conflict,4.0,5.0,South,LB6,BA
122780,Displacement due to conflict,Lebanon,LBN,Baalbek-El Hermel,LB8,Baalbek,LB21,325,2025-03-21T00:00:00,2025,3,81,Conflict,152.0,173.0,Baalbek-El Hermel,LB8,BA
130700,Displacement due to conflict,Lebanon,LBN,Bekaa,LB2,West Bekaa,LB24,6,2025-03-21T00:00:00,2025,3,81,Conflict,3.0,3.0,Bekaa,LB2,BA
130529,Displacement due to conflict,Lebanon,LBN,Mount Lebanon,LB3,Baabda,LB32,2061,2025-03-21T00:00:00,2025,3,81,Conflict,970.0,1091.0,El Nabatieh,LB4,BA
134650,Displacement due to conflict,Lebanon,LBN,North,LB5,Tripoli,LB56,16,2025-03-21T00:00:00,2025,3,81,Conflict,8.0,8.0,El Nabatieh,LB4,BA
104521,Displacement due to conflict,Lebanon,LBN,Bekaa,LB2,Zahle,LB25,107,2025-03-21T00:00:00,2025,3,81,Conflict,51.0,56.0,El Nabatieh,LB4,BA
104373,Displacement due to conflict,Lebanon,LBN,Mount Lebanon,LB3,Aley,LB31,4331,2025-03-21T00:00:00,2025,3,81,Conflict,2037.0,2294.0,El Nabatieh,LB4,BA
104109,Displacement due to conflict,Lebanon,LBN,Mount Lebanon,LB3,El Meten,LB36,172,2025-03-21T00:00:00,2025,3,81,Conflict,81.0,91.0,South,LB6,BA
105051,Displacement due to conflict,Lebanon,LBN,Bekaa,LB2,Zahle,LB25,5,2025-03-21T00:00:00,2025,3,81,Conflict,2.0,3.0,South,LB6,BA
103771,Displacement due to conflict,Lebanon,LBN,Mount Lebanon,LB3,El Meten,LB36,2060,2025-03-21T00:00:00,2025,3,81,Conflict,969.0,1091.0,El Nabatieh,LB4,BA
100580,Displacement due to conflict,Lebanon,LBN,Bekaa,LB2,West Bekaa,LB24,31,2025-03-21T00:00:00,2025,3,81,Conflict,15.0,16.0,El Nabatieh,LB4,BA
101084,Displacement due to conflict,Lebanon,LBN,Bekaa,LB2,Zahle,LB25,185,2025-03-21T00:00:00,2025,3,81,Conflict,87.0,98.0,Baalbek-El Hermel,LB8,BA
100570,Displacement due to conflict,Lebanon,LBN,Mount Lebanon,LB3,Chouf,LB33,102,2025-03-21T00:00:00,2025,3,81,Conflict,48.0,54.0,Mount Lebanon,LB3,BA
99557,Displacement due to conflict,Lebanon,LBN,North,LB5,El Koura,LB54,6,2025-03-21T00:00:00,2025,3,81,Conflict,3.0,3.0,El Nabatieh,LB4,BA
111214,Displacement due to conflict,Lebanon,LBN,Akkar,LB7,Akkar,LB51,18,2025-03-21T00:00:00,2025,3,81,Conflict,8.0,10.0,Mount Lebanon,LB3,BA
111248,Displacement due to conflict,Lebanon,LBN,Baalbek-El Hermel,LB8,Baalbek,LB21,6,2025-03-21T00:00:00,2025,3,81,Conflict,3.0,3.0,Beirut,LB1,BA
111778,Displacement due to conflict,Lebanon,LBN,Baalbek-El Hermel,LB8,Baalbek,LB21,33,2025-03-21T00:00:00,2025,3,81,Conflict,16.0,17.0,El Nabatieh,LB4,BA
111370,Displacement due to conflict,Lebanon,LBN,Akkar,LB7,Akkar,LB51,105,2025-03-21T00:00:00,2025,3,81,Conflict,49.0,56.0,Beirut,LB1,BA
108567,Displacement due to conflict,Lebanon,LBN,North,LB5,El Minieh-Dennie,LB55,34,2025-03-21T00:00:00,2025,3,81,Conflict,16.0,18.0,Beirut,LB1,BA
107261,Displacement due to conflict,Lebanon,LBN,Mount Lebanon,LB3,Baabda,LB32,564,2025-03-21T00:00:00,2025,3,81,Conflict,265.0,299.0,South,LB6,BA
107400,Displacement due to conflict,Lebanon,LBN,Mount Lebanon,LB3,Jbeil,LB34,62,2025-03-21T00:00:00,2025,3,81,Conflict,29.0,33.0,Baalbek-El Hermel,LB8,BA
92010,Displacement due to conflict,Lebanon,LBN,Mount Lebanon,LB3,Chouf,LB33,1976,2025-03-21T00:00:00,2025,3,81,Conflict,928.0,1048.0,El Nabatieh,LB4,BA
93497,Displacement due to conflict,Lebanon,LBN,Beirut,LB1,Beirut,LB11,1005,2025-03-21T00:00:00,2025,3,81,Conflict,473.0,532.0,South,LB6,BA
93093,Displacement due to conflict,Lebanon,LBN,South,LB6,Sour,LB63,11862,2025-03-21T00:00:00,2025,3,81,Conflict,5576.0,6286.0,South,LB6,BA
97792,Displacement due to conflict,Lebanon,LBN,North,LB5,El Koura,LB54,4,2025-03-21T00:00:00,2025,3,81,Conflict,2.0,2.0,Beirut,LB1,BA
95798,Displacement due to conflict,Lebanon,LBN,Mount Lebanon,LB3,Jbeil,LB34,52,2025-03-21T00:00:00,2025,3,81,Conflict,25.0,27.0,El Nabatieh,LB4,BA
90585,Displacement due to conflict,Lebanon,LBN,South,LB6,Jezzine,LB62,113,2025-03-21T00:00:00,2025,3,81,Conflict,53.0,60.0,El Nabatieh,LB4,BA
88161,Displacement due to conflict,Lebanon,LBN,Mount Lebanon,LB3,Baabda,LB32,45,2025-03-21T00:00:00,2025,3,81,Conflict,21.0,24.0,Baalbek-El Hermel,LB8,BA
77410,Displacement due to conflict,Lebanon,LBN,El Nabatieh,LB4,El Nabatieh,LB44,22589,2025-03-21T00:00:00,2025,3,81,Conflict,10619.0,11970.0,El Nabatieh,LB4,BA
74803,Displacement due to conflict,Lebanon,LBN,El Nabatieh,LB4,Hasbaya,LB42,854,2025-03-21T00:00:00,2025,3,81,Conflict,400.0,454.0,El Nabatieh,LB4,BA
71986,Displacement due to conflict,Lebanon,LBN,Akkar,LB7,Akkar,LB51,112,2025-03-21T00:00:00,2025,3,81,Conflict,54.0,58.0,South,LB6,BA
74855,Displacement due to conflict,Lebanon,LBN,Akkar,LB7,Akkar,LB51,61,2025-03-21T00:00:00,2025,3,81,Conflict,28.0,33.0,Baalbek-El Hermel,LB8,BA
73716,Displacement due to conflict,Lebanon,LBN,South,LB6,Saida,LB61,2958,2025-03-21T00:00:00,2025,3,81,Conflict,1391.0,1567.0,South,LB6,BA
82063,Displacement due to conflict,Lebanon,LBN,Baalbek-El Hermel,LB8,El Hermel,LB22,4830,2025-03-21T00:00:00,2025,3,81,Conflict,2270.0,2560.0,Baalbek-El Hermel,LB8,BA
82532,Displacement due to conflict,Lebanon,LBN,Mount Lebanon,LB3,Aley,LB31,25,2025-03-21T00:00:00,2025,3,81,Conflict,11.0,14.0,Baalbek-El Hermel,LB8,BA
79704,Displacement due to conflict,Lebanon,LBN,El Nabatieh,LB4,Marjaayoun,LB43,1576,2025-03-21T00:00:00,2025,3,81,Conflict,741.0,835.0,El Nabatieh,LB4,BA
63170,Displacement due to conflict,Lebanon,LBN,South,LB6,Saida,LB61,8822,2025-03-21T00:00:00,2025,3,81,Conflict,4150.0,4672.0,El Nabatieh,LB4,BA
61056,Displacement due to conflict,Lebanon,LBN,Mount Lebanon,LB3,Jbeil,LB34,166,2025-03-21T00:00:00,2025,3,81,Conflict,78.0,88.0,Mount Lebanon,LB3,BA
57787,Displacement due to conflict,Lebanon,LBN,Mount Lebanon,LB3,Aley,LB31,150,2025-03-21T00:00:00,2025,3,81,Conflict,70.0,80.0,South,LB6,BA
40388,Displacement due to conflict,Lebanon,LBN,South,LB6,Sour,LB63,10917,2025-03-21T00:00:00,2025,3,81,Conflict,5136.0,5781.0,El Nabatieh,LB4,BA
41113,Displacement due to conflict,Lebanon,LBN,Mount Lebanon,LB3,Jbeil,LB34,12,2025-03-21T00:00:00,2025,3,81,Conflict,6.0,6.0,South,LB6,BA
34930,Displacement due to conflict,Lebanon,LBN,Beirut,LB1,Beirut,LB11,3133,2025-03-21T00:00:00,2025,3,81,Conflict,1472.0,1661.0,El Nabatieh,LB4,BA
33634,Displacement due to conflict,Lebanon,LBN,El Nabatieh,LB4,Bent Jbeil,LB41,5573,2025-03-21T00:00:00,2025,3,81,Conflict,2620.0,2953.0,El Nabatieh,LB4,BA
33047,Displacement due to conflict,Lebanon,LBN,Mount Lebanon,LB3,Baabda,LB32,116,2025-03-21T00:00:00,2025,3,81,Conflict,55.0,61.0,Mount Lebanon,LB3,BA
29339,Displacement due to conflict,Lebanon,LBN,Mount Lebanon,LB3,Kesrwane,LB35,6,2025-03-21T00:00:00,2025,3,81,Conflict,3.0,3.0,Bekaa,LB2,BA
49249,Displacement due to conflict,Lebanon,LBN,Bekaa,LB2,Rachaya,LB23,221,2025-03-21T00:00:00,2025,3,81,Conflict,104.0,117.0,El Nabatieh,LB4,BA
49712,Displacement due to conflict,Lebanon,LBN,Baalbek-El Hermel,LB8,Baalbek,LB21,10,2025-03-21T00:00:00,2025,3,81,Conflict,5.0,5.0,Mount Lebanon,LB3,BA
52922,Displacement due to conflict,Lebanon,LBN,Bekaa,LB2,Zahle,LB25,50,2025-03-21T00:00:00,2025,3,81,Conflict,24.0,26.0,Beirut,LB1,BA
6216,Displacement due to conflict,Lebanon,LBN,Mount Lebanon,LB3,Chouf,LB33,1774,2025-03-21T00:00:00,2025,3,81,Conflict,834.0,940.0,South,LB6,BA
7086,Displacement due to conflict,Lebanon,LBN,Mount Lebanon,LB3,Kesrwane,LB35,131,2025-03-21T00:00:00,2025,3,81,Conflict,62.0,69.0,El Nabatieh,LB4,BA
391,Displacement due to conflict,Lebanon,LBN,North,LB5,El Minieh-Dennie,LB55,11,2025-03-21T00:00:00,2025,3,81,Conflict,5.0,6.0,South,LB6,BA
11554,Displacement due to conflict,Lebanon,LBN,Mount Lebanon,LB3,El Meten,LB36,25,2025-03-21T00:00:00,2025,3,81,Conflict,11.0,14.0,Baalbek-El Hermel,LB8,BA
10205,Displacement due to conflict,Lebanon,LBN,Akkar,LB7,Akkar,LB51,7,2025-03-21T00:00:00,2025,3,81,Conflict,3.0,4.0,Bekaa,LB2,BA
8019,Displacement due to conflict,Lebanon,LBN,Bekaa,LB2,Zahle,LB25,20,2025-03-21T00:00:00,2025,3,81,Conflict,10.0,10.0,Bekaa,LB2,BA
7688,Displacement due to conflict,Lebanon,LBN,Mount Lebanon,LB3,El Meten,LB36,7,2025-03-21T00:00:00,2025,3,81,Conflict,3.0,4.0,Beirut,LB1,BA
16767,Displacement due to conflict,Lebanon,LBN,Mount Lebanon,LB3,Kesrwane,LB35,32,2025-03-21T00:00:00,2025,3,81,Conflict,14.0,18.0,South,LB6,BA
21446,Displacement due to conflict,Lebanon,LBN,Bekaa,LB2,Rachaya,LB23,131,2025-03-31T00:00:00,2025,3,82,Conflict,62.0,69.0,El Nabatieh,LB4,BA
28609,Displacement due to conflict,Lebanon,LBN,Bekaa,LB2,Zahle,LB25,20,2025-03-31T00:00:00,2025,3,82,Conflict,10.0,10.0,Bekaa,LB2,BA
23930,Displacement due to conflict,Lebanon,LBN,Akkar,LB7,Akkar,LB51,10,2025-03-31T00:00:00,2025,3,82,Conflict,4.0,6.0,Bekaa,LB2,BA
22716,Displacement due to conflict,Lebanon,LBN,Mount Lebanon,LB3,Baabda,LB32,687,2025-03-31T00:00:00,2025,3,82,Conflict,323.0,364.0,South,LB6,BA
23178,Displacement due to conflict,Lebanon,LBN,Beirut,LB1,Beirut,LB11,3172,2025-03-31T00:00:00,2025,3,82,Conflict,1490.0,1682.0,El Nabatieh,LB4,BA
23422,Displacement due to conflict,Lebanon,LBN,Bekaa,LB2,Zahle,LB25,160,2025-03-31T00:00:00,2025,3,82,Conflict,75.0,85.0,Baalbek-El Hermel,LB8,BA
8709,Displacement due to conflict,Lebanon,LBN,Baalbek-El Hermel,LB8,El Hermel,LB22,2765,2025-03-31T00:00:00,2025,3,82,Conflict,1300.0,1465.0,Baalbek-El Hermel,LB8,BA
12042,Displacement due to conflict,Lebanon,LBN,Baalbek-El Hermel,LB8,El Hermel,LB22,115,2025-03-31T00:00:00,2025,3,82,Conflict,54.0,61.0,Beirut,LB1,BA
14032,Displacement due to conflict,Lebanon,LBN,South,LB6,Jezzine,LB62,9,2025-03-31T00:00:00,2025,3,82,Conflict,4.0,5.0,South,LB6,BA
12753,Displacement due to conflict,Lebanon,LBN,Mount Lebanon,LB3,Baabda,LB32,135,2025-03-31T00:00:00,2025,3,82,Conflict,64.0,71.0,Mount Lebanon,LB3,BA
13072,Displacement due to conflict,Lebanon,LBN,Mount Lebanon,LB3,Jbeil,LB34,166,2025-03-31T00:00:00,2025,3,82,Conflict,78.0,88.0,Mount Lebanon,LB3,BA
12850,Displacement due to conflict,Lebanon,LBN,Akkar,LB7,Akkar,LB51,61,2025-03-31T00:00:00,2025,3,82,Conflict,28.0,33.0,Baalbek-El Hermel,LB8,BA
2784,Displacement due to conflict,Lebanon,LBN,Akkar,LB7,Akkar,LB51,77,2025-03-31T00:00:00,2025,3,82,Conflict,35.0,42.0,El Nabatieh,LB4,BA
7049,Displacement due to conflict,Lebanon,LBN,Mount Lebanon,LB3,El Meten,LB36,2063,2025-03-31T00:00:00,2025,3,82,Conflict,970.0,1093.0,El Nabatieh,LB4,BA
4341,Displacement due to conflict,Lebanon,LBN,Mount Lebanon,LB3,Jbeil,LB34,12,2025-03-31T00:00:00,2025,3,82,Conflict,6.0,6.0,South,LB6,BA
55596,Displacement due to conflict,Lebanon,LBN,Baalbek-El Hermel,LB8,Baalbek,LB21,579,2025-03-31T00:00:00,2025,3,82,Conflict,273.0,306.0,Baalbek-El Hermel,LB8,BA
55813,Displacement due to conflict,Lebanon,LBN,Mount Lebanon,LB3,Kesrwane,LB35,33,2025-03-31T00:00:00,2025,3,82,Conflict,14.0,19.0,South,LB6,BA
50773,Displacement due to conflict,Lebanon,LBN,Bekaa,LB2,Zahle,LB25,50,2025-03-31T00:00:00,2025,3,82,Conflict,24.0,26.0,Beirut,LB1,BA
51488,Displacement due to conflict,Lebanon,LBN,Mount Lebanon,LB3,Jbeil,LB34,52,2025-03-31T00:00:00,2025,3,82,Conflict,25.0,27.0,El Nabatieh,LB4,BA
49294,Displacement due to conflict,Lebanon,LBN,Mount Lebanon,LB3,Kesrwane,LB35,131,2025-03-31T00:00:00,2025,3,82,Conflict,62.0,69.0,El Nabatieh,LB4,BA
49076,Displacement due to conflict,Lebanon,LBN,Mount Lebanon,LB3,Aley,LB31,5,2025-03-31T00:00:00,2025,3,82,Conflict,2.0,3.0,Baalbek-El Hermel,LB8,BA
48109,Displacement due to conflict,Lebanon,LBN,El Nabatieh,LB4,Hasbaya,LB42,729,2025-03-31T00:00:00,2025,3,82,Conflict,341.0,388.0,El Nabatieh,LB4,BA
46842,Displacement due to conflict,Lebanon,LBN,Bekaa,LB2,Zahle,LB25,5,2025-03-31T00:00:00,2025,3,82,Conflict,2.0,3.0,South,LB6,BA
47852,Displacement due to conflict,Lebanon,LBN,Mount Lebanon,LB3,Chouf,LB33,1609,2025-03-31T00:00:00,2025,3,82,Conflict,758.0,851.0,El Nabatieh,LB4,BA
43022,Displacement due to conflict,Lebanon,LBN,North,LB5,El Minieh-Dennie,LB55,17,2025-03-31T00:00:00,2025,3,82,Conflict,8.0,9.0,El Nabatieh,LB4,BA
44503,Displacement due to conflict,Lebanon,LBN,Mount Lebanon,LB3,El Meten,LB36,1782,2025-03-31T00:00:00,2025,3,82,Conflict,837.0,945.0,Mount Lebanon,LB3,BA
45858,Displacement due to conflict,Lebanon,LBN,South,LB6,Jezzine,LB62,115,2025-03-31T00:00:00,2025,3,82,Conflict,54.0,61.0,El Nabatieh,LB4,BA
46204,Displacement due to conflict,Lebanon,LBN,Mount Lebanon,LB3,Baabda,LB32,2,2025-03-31T00:00:00,2025,3,82,Conflict,1.0,1.0,Bekaa,LB2,BA
31362,Displacement due to conflict,Lebanon,LBN,North,LB5,El Batroun,LB52,5,2025-03-31T00:00:00,2025,3,82,Conflict,2.0,3.0,El Nabatieh,LB4,BA
31321,Displacement due to conflict,Lebanon,LBN,Mount Lebanon,LB3,Chouf,LB33,103,2025-03-31T00:00:00,2025,3,82,Conflict,49.0,54.0,Mount Lebanon,LB3,BA
34430,Displacement due to conflict,Lebanon,LBN,Mount Lebanon,LB3,Aley,LB31,4240,2025-03-31T00:00:00,2025,3,82,Conflict,1994.0,2246.0,El Nabatieh,LB4,BA
40971,Displacement due to conflict,Lebanon,LBN,North,LB5,Tripoli,LB56,4,2025-03-31T00:00:00,2025,3,82,Conflict,2.0,2.0,South,LB6,BA
42505,Displacement due to conflict,Lebanon,LBN,North,LB5,El Koura,LB54,4,2025-03-31T00:00:00,2025,3,82,Conflict,2.0,2.0,Beirut,LB1,BA
39064,Displacement due to conflict,Lebanon,LBN,Bekaa,LB2,West Bekaa,LB24,31,2025-03-31T00:00:00,2025,3,82,Conflict,15.0,16.0,El Nabatieh,LB4,BA
63186,Displacement due to conflict,Lebanon,LBN,Mount Lebanon,LB3,Aley,LB31,137,2025-03-31T00:00:00,2025,3,82,Conflict,64.0,73.0,South,LB6,BA
67488,Displacement due to conflict,Lebanon,LBN,Akkar,LB7,Akkar,LB51,17,2025-03-31T00:00:00,2025,3,82,Conflict,8.0,9.0,Mount Lebanon,LB3,BA
71015,Displacement due to conflict,Lebanon,LBN,Beirut,LB1,Beirut,LB11,1005,2025-03-31T00:00:00,2025,3,82,Conflict,473.0,532.0,South,LB6,BA
79644,Displacement due to conflict,Lebanon,LBN,South,LB6,Saida,LB61,8517,2025-03-31T00:00:00,2025,3,82,Conflict,4002.0,4515.0,El Nabatieh,LB4,BA
81234,Displacement due to conflict,Lebanon,LBN,Beirut,LB1,Beirut,LB11,598,2025-03-31T00:00:00,2025,3,82,Conflict,281.0,317.0,Mount Lebanon,LB3,BA
80418,Displacement due to conflict,Lebanon,LBN,El Nabatieh,LB4,El Nabatieh,LB44,22441,2025-03-31T00:00:00,2025,3,82,Conflict,10547.0,11894.0,El Nabatieh,LB4,BA
84079,Displacement due to conflict,Lebanon,LBN,Mount Lebanon,LB3,Kesrwane,LB35,5,2025-03-31T00:00:00,2025,3,82,Conflict,2.0,3.0,Bekaa,LB2,BA
71775,Displacement due to conflict,Lebanon,LBN,Mount Lebanon,LB3,Jbeil,LB34,62,2025-03-31T00:00:00,2025,3,82,Conflict,29.0,33.0,Baalbek-El Hermel,LB8,BA
76145,Displacement due to conflict,Lebanon,LBN,Bekaa,LB2,Zahle,LB25,82,2025-03-31T00:00:00,2025,3,82,Conflict,39.0,43.0,El Nabatieh,LB4,BA
90519,Displacement due to conflict,Lebanon,LBN,Baalbek-El Hermel,LB8,Baalbek,LB21,18,2025-03-31T00:00:00,2025,3,82,Conflict,8.0,10.0,South,LB6,BA
88561,Displacement due to conflict,Lebanon,LBN,Akkar,LB7,Akkar,LB51,107,2025-03-31T00:00:00,2025,3,82,Conflict,50.0,57.0,Beirut,LB1,BA
96575,Displacement due to conflict,Lebanon,LBN,North,LB5,El Minieh-Dennie,LB55,11,2025-03-31T00:00:00,2025,3,82,Conflict,5.0,6.0,South,LB6,BA
97596,Displacement due to conflict,Lebanon,LBN,Baalbek-El Hermel,LB8,Baalbek,LB21,10,2025-03-31T00:00:00,2025,3,82,Conflict,5.0,5.0,Mount Lebanon,LB3,BA
97494,Displacement due to conflict,Lebanon,LBN,Mount Lebanon,LB3,Aley,LB31,3916,2025-03-31T00:00:00,2025,3,82,Conflict,1841.0,2075.0,Mount Lebanon,LB3,BA
97306,Displacement due to conflict,Lebanon,LBN,North,LB5,Tripoli,LB56,12,2025-03-31T00:00:00,2025,3,82,Conflict,6.0,6.0,Baalbek-El Hermel,LB8,BA
94534,Displacement due to conflict,Lebanon,LBN,South,LB6,Saida,LB61,2754,2025-03-31T00:00:00,2025,3,82,Conflict,1294.0,1460.0,South,LB6,BA
94701,Displacement due to conflict,Lebanon,LBN,Mount Lebanon,LB3,Chouf,LB33,1665,2025-03-31T00:00:00,2025,3,82,Conflict,783.0,882.0,South,LB6,BA
110460,Displacement due to conflict,Lebanon,LBN,El Nabatieh,LB4,Bent Jbeil,LB41,5588,2025-03-31T00:00:00,2025,3,82,Conflict,2627.0,2961.0,El Nabatieh,LB4,BA
99082,Displacement due to conflict,Lebanon,LBN,Mount Lebanon,LB3,El Meten,LB36,25,2025-03-31T00:00:00,2025,3,82,Conflict,11.0,14.0,Baalbek-El Hermel,LB8,BA
103351,Displacement due to conflict,Lebanon,LBN,North,LB5,El Koura,LB54,6,2025-03-31T00:00:00,2025,3,82,Conflict,3.0,3.0,El Nabatieh,LB4,BA
102970,Displacement due to conflict,Lebanon,LBN,Baalbek-El Hermel,LB8,Baalbek,LB21,42,2025-03-31T00:00:00,2025,3,82,Conflict,20.0,22.0,Beirut,LB1,BA
104035,Displacement due to conflict,Lebanon,LBN,Akkar,LB7,Akkar,LB51,112,2025-03-31T00:00:00,2025,3,82,Conflict,54.0,58.0,South,LB6,BA
104724,Displacement due to conflict,Lebanon,LBN,Mount Lebanon,LB3,Aley,LB31,38,2025-03-31T00:00:00,2025,3,82,Conflict,18.0,20.0,Beirut,LB1,BA
134660,Displacement due to conflict,Lebanon,LBN,Mount Lebanon,LB3,Baabda,LB32,101,2025-03-31T00:00:00,2025,3,82,Conflict,47.0,54.0,Baalbek-El Hermel,LB8,BA
128589,Displacement due to conflict,Lebanon,LBN,El Nabatieh,LB4,Marjaayoun,LB43,1580,2025-03-31T00:00:00,2025,3,82,Conflict,744.0,836.0,El Nabatieh,LB4,BA
129346,Displacement due to conflict,Lebanon,LBN,Baalbek-El Hermel,LB8,Baalbek,LB21,55,2025-03-31T00:00:00,2025,3,82,Conflict,26.0,29.0,El Nabatieh,LB4,BA
126971,Displacement due to conflict,Lebanon,LBN,Mount Lebanon,LB3,El Meten,LB36,7,2025-03-31T00:00:00,2025,3,82,Conflict,3.0,4.0,Beirut,LB1,BA
121551,Displacement due to conflict,Lebanon,LBN,Bekaa,LB2,West Bekaa,LB24,6,2025-03-31T00:00:00,2025,3,82,Conflict,3.0,3.0,Bekaa,LB2,BA
125660,Displacement due to conflict,Lebanon,LBN,Mount Lebanon,LB3,El Meten,LB36,172,2025-03-31T00:00:00,2025,3,82,Conflict,81.0,91.0,South,LB6,BA
124899,Displacement due to conflict,Lebanon,LBN,Mount Lebanon,LB3,Kesrwane,LB35,3,2025-03-31T00:00:00,2025,3,82,Conflict,1.0,2.0,Mount Lebanon,LB3,BA
124386,Displacement due to conflict,Lebanon,LBN,Mount Lebanon,LB3,Baabda,LB32,2531,2025-03-31T00:00:00,2025,3,82,Conflict,1189.0,1342.0,El Nabatieh,LB4,BA
119307,Displacement due to conflict,Lebanon,LBN,South,LB6,Sour,LB63,11661,2025-03-31T00:00:00,2025,3,82,Conflict,5482.0,6179.0,South,LB6,BA
118955,Displacement due to conflict,Lebanon,LBN,North,LB5,El Minieh-Dennie,LB55,34,2025-03-31T00:00:00,2025,3,82,Conflict,16.0,18.0,Beirut,LB1,BA
112917,Displacement due to conflict,Lebanon,LBN,South,LB6,Sour,LB63,10909,2025-03-31T00:00:00,2025,3,82,Conflict,5129.0,5780.0,El Nabatieh,LB4,BA
114693,Displacement due to conflict,Lebanon,LBN,Mount Lebanon,LB3,Kesrwane,LB35,30,2025-04-01T00:00:00,2025,4,83,Conflict,13.0,17.0,South,LB6,BA
118272,Displacement due to conflict,Lebanon,LBN,Baalbek-El Hermel,LB8,Baalbek,LB21,145,2025-04-01T00:00:00,2025,4,83,Conflict,68.0,77.0,Beirut,LB1,BA
126558,Displacement due to conflict,Lebanon,LBN,North,LB5,El Minieh-Dennie,LB55,15,2025-04-01T00:00:00,2025,4,83,Conflict,7.0,8.0,El Nabatieh,LB4,BA
122618,Displacement due to conflict,Lebanon,LBN,Baalbek-El Hermel,LB8,Baalbek,LB21,404,2025-04-01T00:00:00,2025,4,83,Conflict,190.0,214.0,Baalbek-El Hermel,LB8,BA
126872,Displacement due to conflict,Lebanon,LBN,Akkar,LB7,Akkar,LB51,18,2025-04-01T00:00:00,2025,4,83,Conflict,8.0,10.0,Mount Lebanon,LB3,BA
128010,Displacement due to conflict,Lebanon,LBN,Mount Lebanon,LB3,El Meten,LB36,2054,2025-04-01T00:00:00,2025,4,83,Conflict,966.0,1088.0,El Nabatieh,LB4,BA
128628,Displacement due to conflict,Lebanon,LBN,Bekaa,LB2,Zahle,LB25,80,2025-04-01T00:00:00,2025,4,83,Conflict,38.0,42.0,Beirut,LB1,BA
137489,Displacement due to conflict,Lebanon,LBN,Mount Lebanon,LB3,Aley,LB31,100,2025-04-01T00:00:00,2025,4,83,Conflict,48.0,52.0,Beirut,LB1,BA
134826,Displacement due to conflict,Lebanon,LBN,Bekaa,LB2,West Bekaa,LB24,15,2025-04-01T00:00:00,2025,4,83,Conflict,7.0,8.0,Baalbek-El Hermel,LB8,BA
138913,Displacement due to conflict,Lebanon,LBN,North,LB5,Zgharta,LB57,5,2025-04-01T00:00:00,2025,4,83,Conflict,2.0,3.0,El Nabatieh,LB4,BA
130574,Displacement due to conflict,Lebanon,LBN,Baalbek-El Hermel,LB8,El Hermel,LB22,15,2025-04-01T00:00:00,2025,4,83,Conflict,7.0,8.0,El Nabatieh,LB4,BA
132376,Displacement due to conflict,Lebanon,LBN,Mount Lebanon,LB3,El Meten,LB36,25,2025-04-01T00:00:00,2025,4,83,Conflict,11.0,14.0,Baalbek-El Hermel,LB8,BA
102848,Displacement due to conflict,Lebanon,LBN,South,LB6,Saida,LB61,2730,2025-04-01T00:00:00,2025,4,83,Conflict,1282.0,1448.0,South,LB6,BA
102558,Displacement due to conflict,Lebanon,LBN,Mount Lebanon,LB3,El Meten,LB36,4,2025-04-01T00:00:00,2025,4,83,Conflict,2.0,2.0,Beirut,LB1,BA
100711,Displacement due to conflict,Lebanon,LBN,Bekaa,LB2,West Bekaa,LB24,37,2025-04-01T00:00:00,2025,4,83,Conflict,18.0,19.0,El Nabatieh,LB4,BA
107391,Displacement due to conflict,Lebanon,LBN,Mount Lebanon,LB3,Jbeil,LB34,219,2025-04-01T00:00:00,2025,4,83,Conflict,102.0,117.0,Mount Lebanon,LB3,BA
109338,Displacement due to conflict,Lebanon,LBN,Mount Lebanon,LB3,Baabda,LB32,102,2025-04-01T00:00:00,2025,4,83,Conflict,48.0,54.0,Baalbek-El Hermel,LB8,BA
97435,Displacement due to conflict,Lebanon,LBN,Mount Lebanon,LB3,Kesrwane,LB35,131,2025-04-01T00:00:00,2025,4,83,Conflict,62.0,69.0,El Nabatieh,LB4,BA
95947,Displacement due to conflict,Lebanon,LBN,El Nabatieh,LB4,Hasbaya,LB42,724,2025-04-01T00:00:00,2025,4,83,Conflict,339.0,385.0,El Nabatieh,LB4,BA
90205,Displacement due to conflict,Lebanon,LBN,North,LB5,Tripoli,LB56,2,2025-04-01T00:00:00,2025,4,83,Conflict,1.0,1.0,Baalbek-El Hermel,LB8,BA
90296,Displacement due to conflict,Lebanon,LBN,El Nabatieh,LB4,El Nabatieh,LB44,22426,2025-04-01T00:00:00,2025,4,83,Conflict,10542.0,11884.0,El Nabatieh,LB4,BA
91299,Displacement due to conflict,Lebanon,LBN,Akkar,LB7,Akkar,LB51,61,2025-04-01T00:00:00,2025,4,83,Conflict,28.0,33.0,Baalbek-El Hermel,LB8,BA
87795,Displacement due to conflict,Lebanon,LBN,Mount Lebanon,LB3,Aley,LB31,4294,2025-04-01T00:00:00,2025,4,83,Conflict,2019.0,2275.0,El Nabatieh,LB4,BA
85188,Displacement due to conflict,Lebanon,LBN,North,LB5,El Minieh-Dennie,LB55,11,2025-04-01T00:00:00,2025,4,83,Conflict,5.0,6.0,South,LB6,BA
77309,Displacement due to conflict,Lebanon,LBN,North,LB5,El Koura,LB54,4,2025-04-01T00:00:00,2025,4,83,Conflict,2.0,2.0,Beirut,LB1,BA
76835,Displacement due to conflict,Lebanon,LBN,Baalbek-El Hermel,LB8,El Hermel,LB22,2595,2025-04-01T00:00:00,2025,4,83,Conflict,1220.0,1375.0,Baalbek-El Hermel,LB8,BA
71560,Displacement due to conflict,Lebanon,LBN,South,LB6,Sour,LB63,11086,2025-04-01T00:00:00,2025,4,83,Conflict,5212.0,5874.0,El Nabatieh,LB4,BA
73640,Displacement due to conflict,Lebanon,LBN,Mount Lebanon,LB3,El Meten,LB36,1787,2025-04-01T00:00:00,2025,4,83,Conflict,839.0,948.0,Mount Lebanon,LB3,BA
84445,Displacement due to conflict,Lebanon,LBN,Bekaa,LB2,Zahle,LB25,5,2025-04-01T00:00:00,2025,4,83,Conflict,2.0,3.0,South,LB6,BA
83680,Displacement due to conflict,Lebanon,LBN,Bekaa,LB2,Zahle,LB25,72,2025-04-01T00:00:00,2025,4,83,Conflict,34.0,38.0,El Nabatieh,LB4,BA
82612,Displacement due to conflict,Lebanon,LBN,South,LB6,Saida,LB61,8351,2025-04-01T00:00:00,2025,4,83,Conflict,3929.0,4422.0,El Nabatieh,LB4,BA
82663,Displacement due to conflict,Lebanon,LBN,Akkar,LB7,Akkar,LB51,78,2025-04-01T00:00:00,2025,4,83,Conflict,36.0,42.0,El Nabatieh,LB4,BA
80029,Displacement due to conflict,Lebanon,LBN,Beirut,LB1,Beirut,LB11,2832,2025-04-01T00:00:00,2025,4,83,Conflict,1331.0,1501.0,El Nabatieh,LB4,BA
78883,Displacement due to conflict,Lebanon,LBN,Mount Lebanon,LB3,Jbeil,LB34,12,2025-04-01T00:00:00,2025,4,83,Conflict,6.0,6.0,South,LB6,BA
69034,Displacement due to conflict,Lebanon,LBN,El Nabatieh,LB4,Marjaayoun,LB43,1626,2025-04-01T00:00:00,2025,4,83,Conflict,765.0,861.0,El Nabatieh,LB4,BA
63717,Displacement due to conflict,Lebanon,LBN,Mount Lebanon,LB3,Chouf,LB33,1665,2025-04-01T00:00:00,2025,4,83,Conflict,783.0,882.0,South,LB6,BA
62608,Displacement due to conflict,Lebanon,LBN,Mount Lebanon,LB3,Baabda,LB32,136,2025-04-01T00:00:00,2025,4,83,Conflict,65.0,71.0,Mount Lebanon,LB3,BA
59873,Displacement due to conflict,Lebanon,LBN,South,LB6,Jezzine,LB62,9,2025-04-01T00:00:00,2025,4,83,Conflict,4.0,5.0,South,LB6,BA
36679,Displacement due to conflict,Lebanon,LBN,North,LB5,El Koura,LB54,6,2025-04-01T00:00:00,2025,4,83,Conflict,3.0,3.0,El Nabatieh,LB4,BA
41533,Displacement due to conflict,Lebanon,LBN,Mount Lebanon,LB3,Jbeil,LB34,66,2025-04-01T00:00:00,2025,4,83,Conflict,32.0,34.0,El Nabatieh,LB4,BA
40588,Displacement due to conflict,Lebanon,LBN,Akkar,LB7,Akkar,LB51,110,2025-04-01T00:00:00,2025,4,83,Conflict,52.0,58.0,Beirut,LB1,BA
39799,Displacement due to conflict,Lebanon,LBN,Mount Lebanon,LB3,Aley,LB31,3885,2025-04-01T00:00:00,2025,4,83,Conflict,1826.0,2059.0,Mount Lebanon,LB3,BA
39709,Displacement due to conflict,Lebanon,LBN,Bekaa,LB2,Zahle,LB25,20,2025-04-01T00:00:00,2025,4,83,Conflict,10.0,10.0,Bekaa,LB2,BA
32211,Displacement due to conflict,Lebanon,LBN,North,LB5,Tripoli,LB56,2,2025-04-01T00:00:00,2025,4,83,Conflict,1.0,1.0,South,LB6,BA
29105,Displacement due to conflict,Lebanon,LBN,South,LB6,Sour,LB63,11154,2025-04-01T00:00:00,2025,4,83,Conflict,5243.0,5911.0,South,LB6,BA
43897,Displacement due to conflict,Lebanon,LBN,North,LB5,El Koura,LB54,5,2025-04-01T00:00:00,2025,4,83,Conflict,2.0,3.0,Baalbek-El Hermel,LB8,BA
47815,Displacement due to conflict,Lebanon,LBN,El Nabatieh,LB4,Bent Jbeil,LB41,5347,2025-04-01T00:00:00,2025,4,83,Conflict,2514.0,2833.0,El Nabatieh,LB4,BA
47707,Displacement due to conflict,Lebanon,LBN,Mount Lebanon,LB3,El Meten,LB36,172,2025-04-01T00:00:00,2025,4,83,Conflict,81.0,91.0,South,LB6,BA
46640,Displacement due to conflict,Lebanon,LBN,Mount Lebanon,LB3,Kesrwane,LB35,3,2025-04-01T00:00:00,2025,4,83,Conflict,1.0,2.0,Mount Lebanon,LB3,BA
46373,Displacement due to conflict,Lebanon,LBN,Akkar,LB7,Akkar,LB51,8,2025-04-01T00:00:00,2025,4,83,Conflict,3.0,5.0,Bekaa,LB2,BA
51688,Displacement due to conflict,Lebanon,LBN,Beirut,LB1,Beirut,LB11,1005,2025-04-01T00:00:00,2025,4,83,Conflict,473.0,532.0,South,LB6,BA
55873,Displacement due to conflict,Lebanon,LBN,Mount Lebanon,LB3,Chouf,LB33,1609,2025-04-01T00:00:00,2025,4,83,Conflict,758.0,851.0,El Nabatieh,LB4,BA
54715,Displacement due to conflict,Lebanon,LBN,South,LB6,Jezzine,LB62,105,2025-04-01T00:00:00,2025,4,83,Conflict,49.0,56.0,El Nabatieh,LB4,BA
2396,Displacement due to conflict,Lebanon,LBN,Mount Lebanon,LB3,Aley,LB31,137,2025-04-01T00:00:00,2025,4,83,Conflict,64.0,73.0,South,LB6,BA
2401,Displacement due to conflict,Lebanon,LBN,Mount Lebanon,LB3,Chouf,LB33,103,2025-04-01T00:00:00,2025,4,83,Conflict,49.0,54.0,Mount Lebanon,LB3,BA
2466,Displacement due to conflict,Lebanon,LBN,Mount Lebanon,LB3,Baabda,LB32,2540,2025-04-01T00:00:00,2025,4,83,Conflict,1194.0,1346.0,El Nabatieh,LB4,BA
10981,Displacement due to conflict,Lebanon,LBN,Mount Lebanon,LB3,Jbeil,LB34,90,2025-04-01T00:00:00,2025,4,83,Conflict,42.0,48.0,Baalbek-El Hermel,LB8,BA
21963,Displacement due to conflict,Lebanon,LBN,Bekaa,LB2,Zahle,LB25,140,2025-04-01T00:00:00,2025,4,83,Conflict,66.0,74.0,Baalbek-El Hermel,LB8,BA
28957,Displacement due to conflict,Lebanon,LBN,Mount Lebanon,LB3,Baabda,LB32,689,2025-04-01T00:00:00,2025,4,83,Conflict,324.0,365.0,South,LB6,BA
27581,Displacement due to conflict,Lebanon,LBN,Akkar,LB7,Akkar,LB51,130,2025-04-01T00:00:00,2025,4,83,Conflict,61.0,69.0,South,LB6,BA
27302,Displacement due to conflict,Lebanon,LBN,Mount Lebanon,LB3,Kesrwane,LB35,5,2025-04-01T00:00:00,2025,4,83,Conflict,2.0,3.0,Bekaa,LB2,BA
27377,Displacement due to conflict,Lebanon,LBN,North,LB5,El Minieh-Dennie,LB55,9,2025-04-01T00:00:00,2025,4,83,Conflict,4.0,5.0,Beirut,LB1,BA
28078,Displacement due to conflict,Lebanon,LBN,Mount Lebanon,LB3,Aley,LB31,5,2025-04-01T00:00:00,2025,4,83,Conflict,2.0,3.0,Baalbek-El Hermel,LB8,BA
27135,Displacement due to conflict,Lebanon,LBN,North,LB5,Tripoli,LB56,12,2025-04-01T00:00:00,2025,4,83,Conflict,6.0,6.0,El Nabatieh,LB4,BA
21033,Displacement due to conflict,Lebanon,LBN,Bekaa,LB2,Rachaya,LB23,125,2025-04-01T00:00:00,2025,4,83,Conflict,58.0,67.0,El Nabatieh,LB4,BA
20464,Displacement due to conflict,Lebanon,LBN,Baalbek-El Hermel,LB8,Baalbek,LB21,80,2025-04-01T00:00:00,2025,4,83,Conflict,37.0,43.0,El Nabatieh,LB4,BA
16242,Displacement due to conflict,Lebanon,LBN,Beirut,LB1,Beirut,LB11,598,2025-04-01T00:00:00,2025,4,83,Conflict,281.0,317.0,Mount Lebanon,LB3,BA
14522,Displacement due to conflict,Lebanon,LBN,Bekaa,LB2,Zahle,LB25,135,2025-04-09T00:00:00,2025,4,84,Conflict,63.0,72.0,Baalbek-El Hermel,LB8,BA
20506,Displacement due to conflict,Lebanon,LBN,Akkar,LB7,Akkar,LB51,2,2025-04-09T00:00:00,2025,4,84,Conflict,1.0,1.0,Bekaa,LB2,BA
18779,Displacement due to conflict,Lebanon,LBN,Mount Lebanon,LB3,Aley,LB31,60,2025-04-09T00:00:00,2025,4,84,Conflict,28.0,32.0,Baalbek-El Hermel,LB8,BA
18780,Displacement due to conflict,Lebanon,LBN,Baalbek-El Hermel,LB8,Baalbek,LB21,399,2025-04-09T00:00:00,2025,4,84,Conflict,187.0,212.0,Baalbek-El Hermel,LB8,BA
27722,Displacement due to conflict,Lebanon,LBN,Mount Lebanon,LB3,Baabda,LB32,585,2025-04-09T00:00:00,2025,4,84,Conflict,274.0,311.0,South,LB6,BA
23692,Displacement due to conflict,Lebanon,LBN,Mount Lebanon,LB3,Jbeil,LB34,149,2025-04-09T00:00:00,2025,4,84,Conflict,71.0,78.0,Beirut,LB1,BA
12043,Displacement due to conflict,Lebanon,LBN,Mount Lebanon,LB3,Chouf,LB33,1609,2025-04-09T00:00:00,2025,4,84,Conflict,759.0,850.0,El Nabatieh,LB4,BA
12245,Displacement due to conflict,Lebanon,LBN,Mount Lebanon,LB3,El Meten,LB36,5,2025-04-09T00:00:00,2025,4,84,Conflict,2.0,3.0,Beirut,LB1,BA
12931,Displacement due to conflict,Lebanon,LBN,El Nabatieh,LB4,Bent Jbeil,LB41,4992,2025-04-09T00:00:00,2025,4,84,Conflict,2347.0,2645.0,El Nabatieh,LB4,BA
10514,Displacement due to conflict,Lebanon,LBN,Baalbek-El Hermel,LB8,El Hermel,LB22,2365,2025-04-09T00:00:00,2025,4,84,Conflict,1112.0,1253.0,Baalbek-El Hermel,LB8,BA
47604,Displacement due to conflict,Lebanon,LBN,Mount Lebanon,LB3,Jbeil,LB34,72,2025-04-09T00:00:00,2025,4,84,Conflict,34.0,38.0,Baalbek-El Hermel,LB8,BA
43380,Displacement due to conflict,Lebanon,LBN,North,LB5,El Koura,LB54,9,2025-04-09T00:00:00,2025,4,84,Conflict,4.0,5.0,El Nabatieh,LB4,BA
46341,Displacement due to conflict,Lebanon,LBN,Mount Lebanon,LB3,Aley,LB31,1212,2025-04-09T00:00:00,2025,4,84,Conflict,569.0,643.0,South,LB6,BA
45328,Displacement due to conflict,Lebanon,LBN,Bekaa,LB2,Zahle,LB25,10,2025-04-09T00:00:00,2025,4,84,Conflict,5.0,5.0,Bekaa,LB2,BA
31306,Displacement due to conflict,Lebanon,LBN,Mount Lebanon,LB3,Aley,LB31,4,2025-04-09T00:00:00,2025,4,84,Conflict,2.0,2.0,Bekaa,LB2,BA
39359,Displacement due to conflict,Lebanon,LBN,North,LB5,El Minieh-Dennie,LB55,23,2025-04-09T00:00:00,2025,4,84,Conflict,11.0,12.0,Beirut,LB1,BA
42263,Displacement due to conflict,Lebanon,LBN,Mount Lebanon,LB3,Baabda,LB32,183,2025-04-09T00:00:00,2025,4,84,Conflict,86.0,97.0,Mount Lebanon,LB3,BA
37186,Displacement due to conflict,Lebanon,LBN,North,LB5,El Minieh-Dennie,LB55,12,2025-04-09T00:00:00,2025,4,84,Conflict,6.0,6.0,South,LB6,BA
39265,Displacement due to conflict,Lebanon,LBN,Mount Lebanon,LB3,Jbeil,LB34,33,2025-04-09T00:00:00,2025,4,84,Conflict,16.0,17.0,El Nabatieh,LB4,BA
37854,Displacement due to conflict,Lebanon,LBN,Beirut,LB1,Beirut,LB11,3107,2025-04-09T00:00:00,2025,4,84,Conflict,1459.0,1648.0,El Nabatieh,LB4,BA
38183,Displacement due to conflict,Lebanon,LBN,Mount Lebanon,LB3,Baabda,LB32,8,2025-04-09T00:00:00,2025,4,84,Conflict,4.0,4.0,Bekaa,LB2,BA
59569,Displacement due to conflict,Lebanon,LBN,Akkar,LB7,Akkar,LB51,20,2025-04-09T00:00:00,2025,4,84,Conflict,9.0,11.0,Baalbek-El Hermel,LB8,BA
58628,Displacement due to conflict,Lebanon,LBN,South,LB6,Saida,LB61,8357,2025-04-09T00:00:00,2025,4,84,Conflict,3929.0,4428.0,El Nabatieh,LB4,BA
61242,Displacement due to conflict,Lebanon,LBN,El Nabatieh,LB4,Marjaayoun,LB43,1632,2025-04-09T00:00:00,2025,4,84,Conflict,767.0,865.0,El Nabatieh,LB4,BA
65508,Displacement due to conflict,Lebanon,LBN,Baalbek-El Hermel,LB8,Baalbek,LB21,145,2025-04-09T00:00:00,2025,4,84,Conflict,68.0,77.0,Mount Lebanon,LB3,BA
65358,Displacement due to conflict,Lebanon,LBN,South,LB6,Sour,LB63,10468,2025-04-09T00:00:00,2025,4,84,Conflict,4921.0,5547.0,El Nabatieh,LB4,BA
67710,Displacement due to conflict,Lebanon,LBN,South,LB6,Jezzine,LB62,5,2025-04-09T00:00:00,2025,4,84,Conflict,2.0,3.0,El Nabatieh,LB4,BA
66217,Displacement due to conflict,Lebanon,LBN,Mount Lebanon,LB3,Jbeil,LB34,22,2025-04-09T00:00:00,2025,4,84,Conflict,10.0,12.0,South,LB6,BA
66554,Displacement due to conflict,Lebanon,LBN,South,LB6,Sour,LB63,11670,2025-04-09T00:00:00,2025,4,84,Conflict,5487.0,6183.0,South,LB6,BA
68411,Displacement due to conflict,Lebanon,LBN,Baalbek-El Hermel,LB8,Baalbek,LB21,165,2025-04-09T00:00:00,2025,4,84,Conflict,77.0,88.0,El Nabatieh,LB4,BA
69756,Displacement due to conflict,Lebanon,LBN,El Nabatieh,LB4,El Nabatieh,LB44,22647,2025-04-09T00:00:00,2025,4,84,Conflict,10646.0,12001.0,El Nabatieh,LB4,BA
79285,Displacement due to conflict,Lebanon,LBN,Mount Lebanon,LB3,El Meten,LB36,25,2025-04-09T00:00:00,2025,4,84,Conflict,11.0,14.0,Baalbek-El Hermel,LB8,BA
80479,Displacement due to conflict,Lebanon,LBN,El Nabatieh,LB4,Hasbaya,LB42,794,2025-04-09T00:00:00,2025,4,84,Conflict,372.0,422.0,El Nabatieh,LB4,BA
81177,Displacement due to conflict,Lebanon,LBN,Mount Lebanon,LB3,El Meten,LB36,1799,2025-04-09T00:00:00,2025,4,84,Conflict,845.0,954.0,Mount Lebanon,LB3,BA
82206,Displacement due to conflict,Lebanon,LBN,Mount Lebanon,LB3,Aley,LB31,2785,2025-04-09T00:00:00,2025,4,84,Conflict,1309.0,1476.0,Mount Lebanon,LB3,BA
72203,Displacement due to conflict,Lebanon,LBN,Akkar,LB7,Akkar,LB51,77,2025-04-09T00:00:00,2025,4,84,Conflict,36.0,41.0,South,LB6,BA
76623,Displacement due to conflict,Lebanon,LBN,Mount Lebanon,LB3,Chouf,LB33,99,2025-04-09T00:00:00,2025,4,84,Conflict,47.0,52.0,Mount Lebanon,LB3,BA
76262,Displacement due to conflict,Lebanon,LBN,Bekaa,LB2,Zahle,LB25,50,2025-04-09T00:00:00,2025,4,84,Conflict,24.0,26.0,Beirut,LB1,BA
84857,Displacement due to conflict,Lebanon,LBN,Baalbek-El Hermel,LB8,El Hermel,LB22,25,2025-04-09T00:00:00,2025,4,84,Conflict,12.0,13.0,Beirut,LB1,BA
89985,Displacement due to conflict,Lebanon,LBN,North,LB5,Tripoli,LB56,20,2025-04-09T00:00:00,2025,4,84,Conflict,9.0,11.0,El Nabatieh,LB4,BA
95576,Displacement due to conflict,Lebanon,LBN,South,LB6,Saida,LB61,2342,2025-04-09T00:00:00,2025,4,84,Conflict,1098.0,1244.0,South,LB6,BA
93336,Displacement due to conflict,Lebanon,LBN,Mount Lebanon,LB3,Jbeil,LB34,66,2025-04-09T00:00:00,2025,4,84,Conflict,31.0,35.0,Mount Lebanon,LB3,BA
93737,Displacement due to conflict,Lebanon,LBN,Mount Lebanon,LB3,El Meten,LB36,190,2025-04-09T00:00:00,2025,4,84,Conflict,89.0,101.0,South,LB6,BA
92493,Displacement due to conflict,Lebanon,LBN,Mount Lebanon,LB3,Baabda,LB32,16,2025-04-09T00:00:00,2025,4,84,Conflict,8.0,8.0,Baalbek-El Hermel,LB8,BA
108579,Displacement due to conflict,Lebanon,LBN,North,LB5,Zgharta,LB57,5,2025-04-09T00:00:00,2025,4,84,Conflict,2.0,3.0,El Nabatieh,LB4,BA
111075,Displacement due to conflict,Lebanon,LBN,Bekaa,LB2,Zahle,LB25,87,2025-04-09T00:00:00,2025,4,84,Conflict,41.0,46.0,El Nabatieh,LB4,BA
99045,Displacement due to conflict,Lebanon,LBN,Mount Lebanon,LB3,Kesrwane,LB35,62,2025-04-09T00:00:00,2025,4,84,Conflict,29.0,33.0,El Nabatieh,LB4,BA
103504,Displacement due to conflict,Lebanon,LBN,Baalbek-El Hermel,LB8,El Hermel,LB22,15,2025-04-09T00:00:00,2025,4,84,Conflict,7.0,8.0,El Nabatieh,LB4,BA
104562,Displacement due to conflict,Lebanon,LBN,Mount Lebanon,LB3,Aley,LB31,4690,2025-04-09T00:00:00,2025,4,84,Conflict,2206.0,2484.0,El Nabatieh,LB4,BA
104072,Displacement due to conflict,Lebanon,LBN,Mount Lebanon,LB3,Kesrwane,LB35,79,2025-04-09T00:00:00,2025,4,84,Conflict,37.0,42.0,Beirut,LB1,BA
105603,Displacement due to conflict,Lebanon,LBN,North,LB5,El Koura,LB54,6,2025-04-09T00:00:00,2025,4,84,Conflict,3.0,3.0,South,LB6,BA
106065,Displacement due to conflict,Lebanon,LBN,Mount Lebanon,LB3,Baabda,LB32,2741,2025-04-09T00:00:00,2025,4,84,Conflict,1290.0,1451.0,El Nabatieh,LB4,BA
129011,Displacement due to conflict,Lebanon,LBN,Bekaa,LB2,West Bekaa,LB24,15,2025-04-09T00:00:00,2025,4,84,Conflict,7.0,8.0,Baalbek-El Hermel,LB8,BA
129592,Displacement due to conflict,Lebanon,LBN,Baalbek-El Hermel,LB8,Baalbek,LB21,20,2025-04-09T00:00:00,2025,4,84,Conflict,9.0,11.0,Beirut,LB1,BA
127503,Displacement due to conflict,Lebanon,LBN,Beirut,LB1,Beirut,LB11,695,2025-04-09T00:00:00,2025,4,84,Conflict,327.0,368.0,Mount Lebanon,LB3,BA
127001,Displacement due to conflict,Lebanon,LBN,South,LB6,Jezzine,LB62,89,2025-04-09T00:00:00,2025,4,84,Conflict,42.0,47.0,South,LB6,BA
127074,Displacement due to conflict,Lebanon,LBN,Mount Lebanon,LB3,El Meten,LB36,2023,2025-04-09T00:00:00,2025,4,84,Conflict,951.0,1072.0,El Nabatieh,LB4,BA
122553,Displacement due to conflict,Lebanon,LBN,Bekaa,LB2,West Bekaa,LB24,50,2025-04-09T00:00:00,2025,4,84,Conflict,24.0,26.0,El Nabatieh,LB4,BA
125839,Displacement due to conflict,Lebanon,LBN,Mount Lebanon,LB3,Kesrwane,LB35,5,2025-04-09T00:00:00,2025,4,84,Conflict,2.0,3.0,South,LB6,BA
125116,Displacement due to conflict,Lebanon,LBN,Beirut,LB1,Beirut,LB11,1000,2025-04-09T00:00:00,2025,4,84,Conflict,470.0,530.0,South,LB6,BA
124251,Displacement due to conflict,Lebanon,LBN,Bekaa,LB2,Zahle,LB25,5,2025-04-09T00:00:00,2025,4,84,Conflict,2.0,3.0,South,LB6,BA
123531,Displacement due to conflict,Lebanon,LBN,Akkar,LB7,Akkar,LB51,229,2025-04-09T00:00:00,2025,4,84,Conflict,106.0,123.0,El Nabatieh,LB4,BA
117014,Displacement due to conflict,Lebanon,LBN,Akkar,LB7,Akkar,LB51,37,2025-04-09T00:00:00,2025,4,84,Conflict,17.0,20.0,Beirut,LB1,BA
114708,Displacement due to conflict,Lebanon,LBN,Bekaa,LB2,Rachaya,LB23,125,2025-04-09T00:00:00,2025,4,84,Conflict,58.0,67.0,El Nabatieh,LB4,BA
116139,Displacement due to conflict,Lebanon,LBN,Mount Lebanon,LB3,Chouf,LB33,1584,2025-04-09T00:00:00,2025,4,84,Conflict,745.0,839.0,South,LB6,BA
116076,Displacement due to conflict,Lebanon,LBN,Mount Lebanon,LB3,Baabda,LB32,2741,2025-04-16T00:00:00,2025,4,85,Conflict,1290.0,1451.0,El Nabatieh,LB4,BA
114756,Displacement due to conflict,Lebanon,LBN,Mount Lebanon,LB3,Jbeil,LB34,33,2025-04-16T00:00:00,2025,4,85,Conflict,16.0,17.0,El Nabatieh,LB4,BA
123484,Displacement due to conflict,Lebanon,LBN,El Nabatieh,LB4,Hasbaya,LB42,789,2025-04-16T00:00:00,2025,4,85,Conflict,369.0,420.0,El Nabatieh,LB4,BA
121181,Displacement due to conflict,Lebanon,LBN,Beirut,LB1,Beirut,LB11,1044,2025-04-16T00:00:00,2025,4,85,Conflict,491.0,553.0,South,LB6,BA
126722,Displacement due to conflict,Lebanon,LBN,Akkar,LB7,Akkar,LB51,117,2025-04-16T00:00:00,2025,4,85,Conflict,54.0,63.0,South,LB6,BA
129089,Displacement due to conflict,Lebanon,LBN,Mount Lebanon,LB3,Aley,LB31,4632,2025-04-16T00:00:00,2025,4,85,Conflict,2179.0,2453.0,El Nabatieh,LB4,BA
139159,Displacement due to conflict,Lebanon,LBN,South,LB6,Sour,LB63,11683,2025-04-16T00:00:00,2025,4,85,Conflict,5492.0,6191.0,South,LB6,BA
105681,Displacement due to conflict,Lebanon,LBN,Bekaa,LB2,Zahle,LB25,37,2025-04-16T00:00:00,2025,4,85,Conflict,17.0,20.0,El Nabatieh,LB4,BA
104815,Displacement due to conflict,Lebanon,LBN,Mount Lebanon,LB3,Jbeil,LB34,40,2025-04-16T00:00:00,2025,4,85,Conflict,19.0,21.0,South,LB6,BA
101197,Displacement due to conflict,Lebanon,LBN,El Nabatieh,LB4,El Nabatieh,LB44,22504,2025-04-16T00:00:00,2025,4,85,Conflict,10581.0,11923.0,El Nabatieh,LB4,BA
110979,Displacement due to conflict,Lebanon,LBN,South,LB6,Sour,LB63,10509,2025-04-16T00:00:00,2025,4,85,Conflict,4939.0,5570.0,El Nabatieh,LB4,BA
111470,Displacement due to conflict,Lebanon,LBN,Baalbek-El Hermel,LB8,El Hermel,LB22,15,2025-04-16T00:00:00,2025,4,85,Conflict,7.0,8.0,El Nabatieh,LB4,BA
111774,Displacement due to conflict,Lebanon,LBN,Mount Lebanon,LB3,Kesrwane,LB35,62,2025-04-16T00:00:00,2025,4,85,Conflict,29.0,33.0,El Nabatieh,LB4,BA
108344,Displacement due to conflict,Lebanon,LBN,Mount Lebanon,LB3,Aley,LB31,3170,2025-04-16T00:00:00,2025,4,85,Conflict,1491.0,1679.0,Mount Lebanon,LB3,BA
108252,Displacement due to conflict,Lebanon,LBN,Beirut,LB1,Beirut,LB11,758,2025-04-16T00:00:00,2025,4,85,Conflict,357.0,401.0,Mount Lebanon,LB3,BA
108007,Displacement due to conflict,Lebanon,LBN,Mount Lebanon,LB3,El Meten,LB36,2124,2025-04-16T00:00:00,2025,4,85,Conflict,999.0,1125.0,El Nabatieh,LB4,BA
95182,Displacement due to conflict,Lebanon,LBN,Mount Lebanon,LB3,Jbeil,LB34,72,2025-04-16T00:00:00,2025,4,85,Conflict,34.0,38.0,Baalbek-El Hermel,LB8,BA
89030,Displacement due to conflict,Lebanon,LBN,Mount Lebanon,LB3,Chouf,LB33,99,2025-04-16T00:00:00,2025,4,85,Conflict,47.0,52.0,Mount Lebanon,LB3,BA
76592,Displacement due to conflict,Lebanon,LBN,South,LB6,Jezzine,LB62,94,2025-04-16T00:00:00,2025,4,85,Conflict,44.0,50.0,El Nabatieh,LB4,BA
81755,Displacement due to conflict,Lebanon,LBN,South,LB6,Saida,LB61,2107,2025-04-16T00:00:00,2025,4,85,Conflict,989.0,1118.0,South,LB6,BA
84437,Displacement due to conflict,Lebanon,LBN,Mount Lebanon,LB3,Baabda,LB32,183,2025-04-16T00:00:00,2025,4,85,Conflict,86.0,97.0,Mount Lebanon,LB3,BA
84398,Displacement due to conflict,Lebanon,LBN,Mount Lebanon,LB3,El Meten,LB36,201,2025-04-16T00:00:00,2025,4,85,Conflict,94.0,107.0,South,LB6,BA
80234,Displacement due to conflict,Lebanon,LBN,Bekaa,LB2,Zahle,LB25,30,2025-04-16T00:00:00,2025,4,85,Conflict,14.0,16.0,Baalbek-El Hermel,LB8,BA
78969,Displacement due to conflict,Lebanon,LBN,Mount Lebanon,LB3,Chouf,LB33,1574,2025-04-16T00:00:00,2025,4,85,Conflict,740.0,834.0,South,LB6,BA
78850,Displacement due to conflict,Lebanon,LBN,Baalbek-El Hermel,LB8,Baalbek,LB21,205,2025-04-16T00:00:00,2025,4,85,Conflict,96.0,109.0,Baalbek-El Hermel,LB8,BA
78691,Displacement due to conflict,Lebanon,LBN,Mount Lebanon,LB3,El Meten,LB36,25,2025-04-16T00:00:00,2025,4,85,Conflict,11.0,14.0,Baalbek-El Hermel,LB8,BA
71304,Displacement due to conflict,Lebanon,LBN,North,LB5,El Koura,LB54,15,2025-04-16T00:00:00,2025,4,85,Conflict,7.0,8.0,El Nabatieh,LB4,BA
66826,Displacement due to conflict,Lebanon,LBN,Mount Lebanon,LB3,Aley,LB31,14,2025-04-16T00:00:00,2025,4,85,Conflict,7.0,7.0,Bekaa,LB2,BA
67355,Displacement due to conflict,Lebanon,LBN,Bekaa,LB2,West Bekaa,LB24,52,2025-04-16T00:00:00,2025,4,85,Conflict,25.0,27.0,El Nabatieh,LB4,BA
61209,Displacement due to conflict,Lebanon,LBN,Mount Lebanon,LB3,Baabda,LB32,8,2025-04-16T00:00:00,2025,4,85,Conflict,4.0,4.0,Bekaa,LB2,BA
61309,Displacement due to conflict,Lebanon,LBN,Mount Lebanon,LB3,Baabda,LB32,16,2025-04-16T00:00:00,2025,4,85,Conflict,8.0,8.0,Baalbek-El Hermel,LB8,BA
62568,Displacement due to conflict,Lebanon,LBN,Mount Lebanon,LB3,Kesrwane,LB35,8,2025-04-16T00:00:00,2025,4,85,Conflict,3.0,5.0,South,LB6,BA
58431,Displacement due to conflict,Lebanon,LBN,El Nabatieh,LB4,Marjaayoun,LB43,1614,2025-04-16T00:00:00,2025,4,85,Conflict,759.0,855.0,El Nabatieh,LB4,BA
41941,Displacement due to conflict,Lebanon,LBN,North,LB5,Tripoli,LB56,20,2025-04-16T00:00:00,2025,4,85,Conflict,9.0,11.0,Bekaa,LB2,BA
41258,Displacement due to conflict,Lebanon,LBN,Mount Lebanon,LB3,Jbeil,LB34,131,2025-04-16T00:00:00,2025,4,85,Conflict,62.0,69.0,Beirut,LB1,BA
39316,Displacement due to conflict,Lebanon,LBN,Mount Lebanon,LB3,Aley,LB31,822,2025-04-16T00:00:00,2025,4,85,Conflict,386.0,436.0,South,LB6,BA
39699,Displacement due to conflict,Lebanon,LBN,Akkar,LB7,Akkar,LB51,157,2025-04-16T00:00:00,2025,4,85,Conflict,73.0,84.0,El Nabatieh,LB4,BA
40289,Displacement due to conflict,Lebanon,LBN,Mount Lebanon,LB3,Jbeil,LB34,66,2025-04-16T00:00:00,2025,4,85,Conflict,31.0,35.0,Mount Lebanon,LB3,BA
40820,Displacement due to conflict,Lebanon,LBN,Bekaa,LB2,West Bekaa,LB24,15,2025-04-16T00:00:00,2025,4,85,Conflict,7.0,8.0,Baalbek-El Hermel,LB8,BA
41086,Displacement due to conflict,Lebanon,LBN,North,LB5,El Minieh-Dennie,LB55,23,2025-04-16T00:00:00,2025,4,85,Conflict,11.0,12.0,El Nabatieh,LB4,BA
30644,Displacement due to conflict,Lebanon,LBN,Akkar,LB7,Akkar,LB51,57,2025-04-16T00:00:00,2025,4,85,Conflict,27.0,30.0,Beirut,LB1,BA
34421,Displacement due to conflict,Lebanon,LBN,Akkar,LB7,Akkar,LB51,20,2025-04-16T00:00:00,2025,4,85,Conflict,9.0,11.0,Baalbek-El Hermel,LB8,BA
34851,Displacement due to conflict,Lebanon,LBN,Mount Lebanon,LB3,Chouf,LB33,1614,2025-04-16T00:00:00,2025,4,85,Conflict,759.0,855.0,El Nabatieh,LB4,BA
44895,Displacement due to conflict,Lebanon,LBN,Mount Lebanon,LB3,Baabda,LB32,585,2025-04-16T00:00:00,2025,4,85,Conflict,274.0,311.0,South,LB6,BA
43405,Displacement due to conflict,Lebanon,LBN,Baalbek-El Hermel,LB8,Baalbek,LB21,6,2025-04-16T00:00:00,2025,4,85,Conflict,3.0,3.0,South,LB6,BA
43702,Displacement due to conflict,Lebanon,LBN,Mount Lebanon,LB3,El Meten,LB36,1805,2025-04-16T00:00:00,2025,4,85,Conflict,848.0,957.0,Mount Lebanon,LB3,BA
42729,Displacement due to conflict,Lebanon,LBN,Baalbek-El Hermel,LB8,El Hermel,LB22,2595,2025-04-16T00:00:00,2025,4,85,Conflict,1220.0,1375.0,Baalbek-El Hermel,LB8,BA
48089,Displacement due to conflict,Lebanon,LBN,South,LB6,Saida,LB61,8573,2025-04-16T00:00:00,2025,4,85,Conflict,4030.0,4543.0,El Nabatieh,LB4,BA
54559,Displacement due to conflict,Lebanon,LBN,Baalbek-El Hermel,LB8,Baalbek,LB21,9,2025-04-16T00:00:00,2025,4,85,Conflict,4.0,5.0,Beirut,LB1,BA
50159,Displacement due to conflict,Lebanon,LBN,Mount Lebanon,LB3,Aley,LB31,88,2025-04-16T00:00:00,2025,4,85,Conflict,41.0,47.0,Baalbek-El Hermel,LB8,BA
7701,Displacement due to conflict,Lebanon,LBN,El Nabatieh,LB4,Bent Jbeil,LB41,5027,2025-04-16T00:00:00,2025,4,85,Conflict,2363.0,2664.0,El Nabatieh,LB4,BA
2758,Displacement due to conflict,Lebanon,LBN,Baalbek-El Hermel,LB8,Baalbek,LB21,124,2025-04-16T00:00:00,2025,4,85,Conflict,59.0,65.0,El Nabatieh,LB4,BA
5383,Displacement due to conflict,Lebanon,LBN,North,LB5,El Minieh-Dennie,LB55,12,2025-04-16T00:00:00,2025,4,85,Conflict,6.0,6.0,Beirut,LB1,BA
6235,Displacement due to conflict,Lebanon,LBN,Bekaa,LB2,Rachaya,LB23,125,2025-04-16T00:00:00,2025,4,85,Conflict,58.0,67.0,El Nabatieh,LB4,BA
28072,Displacement due to conflict,Lebanon,LBN,Akkar,LB7,Akkar,LB51,2,2025-04-16T00:00:00,2025,4,85,Conflict,1.0,1.0,Bekaa,LB2,BA
20636,Displacement due to conflict,Lebanon,LBN,Beirut,LB1,Beirut,LB11,3047,2025-04-16T00:00:00,2025,4,85,Conflict,1432.0,1615.0,El Nabatieh,LB4,BA
14878,Displacement due to conflict,Lebanon,LBN,Mount Lebanon,LB3,Kesrwane,LB35,76,2025-04-16T00:00:00,2025,4,85,Conflict,36.0,40.0,Beirut,LB1,BA
27772,Displacement due to conflict,Lebanon,LBN,North,LB5,El Minieh-Dennie,LB55,12,2025-04-30T00:00:00,2025,4,86,Conflict,6.0,6.0,South,LB6,BA
26426,Displacement due to conflict,Lebanon,LBN,Mount Lebanon,LB3,Jbeil,LB34,25,2025-04-30T00:00:00,2025,4,86,Conflict,12.0,13.0,El Nabatieh,LB4,BA
25292,Displacement due to conflict,Lebanon,LBN,North,LB5,Zgharta,LB57,5,2025-04-30T00:00:00,2025,4,86,Conflict,2.0,3.0,El Nabatieh,LB4,BA
23992,Displacement due to conflict,Lebanon,LBN,Mount Lebanon,LB3,Aley,LB31,2157,2025-04-30T00:00:00,2025,4,86,Conflict,1013.0,1144.0,South,LB6,BA
22500,Displacement due to conflict,Lebanon,LBN,Baalbek-El Hermel,LB8,El Hermel,LB22,15,2025-04-30T00:00:00,2025,4,86,Conflict,7.0,8.0,El Nabatieh,LB4,BA
6364,Displacement due to conflict,Lebanon,LBN,North,LB5,El Minieh-Dennie,LB55,23,2025-04-30T00:00:00,2025,4,86,Conflict,11.0,12.0,Beirut,LB1,BA
4208,Displacement due to conflict,Lebanon,LBN,Akkar,LB7,Akkar,LB51,212,2025-04-30T00:00:00,2025,4,86,Conflict,98.0,114.0,El Nabatieh,LB4,BA
2891,Displacement due to conflict,Lebanon,LBN,Mount Lebanon,LB3,Kesrwane,LB35,62,2025-04-30T00:00:00,2025,4,86,Conflict,29.0,33.0,El Nabatieh,LB4,BA
7986,Displacement due to conflict,Lebanon,LBN,Beirut,LB1,Beirut,LB11,990,2025-04-30T00:00:00,2025,4,86,Conflict,466.0,524.0,South,LB6,BA
10883,Displacement due to conflict,Lebanon,LBN,North,LB5,Tripoli,LB56,20,2025-04-30T00:00:00,2025,4,86,Conflict,9.0,11.0,Baalbek-El Hermel,LB8,BA
10751,Displacement due to conflict,Lebanon,LBN,El Nabatieh,LB4,Hasbaya,LB42,519,2025-04-30T00:00:00,2025,4,86,Conflict,243.0,276.0,El Nabatieh,LB4,BA
9986,Displacement due to conflict,Lebanon,LBN,Mount Lebanon,LB3,Jbeil,LB34,50,2025-04-30T00:00:00,2025,4,86,Conflict,24.0,26.0,Mount Lebanon,LB3,BA
9417,Displacement due to conflict,Lebanon,LBN,Mount Lebanon,LB3,Chouf,LB33,99,2025-04-30T00:00:00,2025,4,86,Conflict,47.0,52.0,Mount Lebanon,LB3,BA
12923,Displacement due to conflict,Lebanon,LBN,Mount Lebanon,LB3,Baabda,LB32,21,2025-04-30T00:00:00,2025,4,86,Conflict,10.0,11.0,Baalbek-El Hermel,LB8,BA
50158,Displacement due to conflict,Lebanon,LBN,South,LB6,Jezzine,LB62,9,2025-04-30T00:00:00,2025,4,86,Conflict,4.0,5.0,South,LB6,BA
49756,Displacement due to conflict,Lebanon,LBN,Mount Lebanon,LB3,Chouf,LB33,1548,2025-04-30T00:00:00,2025,4,86,Conflict,728.0,820.0,South,LB6,BA
50885,Displacement due to conflict,Lebanon,LBN,Akkar,LB7,Akkar,LB51,37,2025-04-30T00:00:00,2025,4,86,Conflict,17.0,20.0,Beirut,LB1,BA
52219,Displacement due to conflict,Lebanon,LBN,Beirut,LB1,Beirut,LB11,753,2025-04-30T00:00:00,2025,4,86,Conflict,355.0,398.0,Mount Lebanon,LB3,BA
55522,Displacement due to conflict,Lebanon,LBN,North,LB5,El Koura,LB54,6,2025-04-30T00:00:00,2025,4,86,Conflict,3.0,3.0,South,LB6,BA
49063,Displacement due to conflict,Lebanon,LBN,Bekaa,LB2,Zahle,LB25,14,2025-04-30T00:00:00,2025,4,86,Conflict,6.0,8.0,El Nabatieh,LB4,BA
47108,Displacement due to conflict,Lebanon,LBN,Mount Lebanon,LB3,Chouf,LB33,1485,2025-04-30T00:00:00,2025,4,86,Conflict,700.0,785.0,El Nabatieh,LB4,BA
44051,Displacement due to conflict,Lebanon,LBN,North,LB5,El Koura,LB54,9,2025-04-30T00:00:00,2025,4,86,Conflict,4.0,5.0,El Nabatieh,LB4,BA
44207,Displacement due to conflict,Lebanon,LBN,Mount Lebanon,LB3,Baabda,LB32,8,2025-04-30T00:00:00,2025,4,86,Conflict,4.0,4.0,Bekaa,LB2,BA
45375,Displacement due to conflict,Lebanon,LBN,Mount Lebanon,LB3,Aley,LB31,4659,2025-04-30T00:00:00,2025,4,86,Conflict,2192.0,2467.0,El Nabatieh,LB4,BA
31692,Displacement due to conflict,Lebanon,LBN,Mount Lebanon,LB3,El Meten,LB36,189,2025-04-30T00:00:00,2025,4,86,Conflict,88.0,101.0,South,LB6,BA
30061,Displacement due to conflict,Lebanon,LBN,Mount Lebanon,LB3,Jbeil,LB34,126,2025-04-30T00:00:00,2025,4,86,Conflict,60.0,66.0,Beirut,LB1,BA
40771,Displacement due to conflict,Lebanon,LBN,Baalbek-El Hermel,LB8,Baalbek,LB21,373,2025-04-30T00:00:00,2025,4,86,Conflict,175.0,198.0,Baalbek-El Hermel,LB8,BA
39925,Displacement due to conflict,Lebanon,LBN,Mount Lebanon,LB3,Jbeil,LB34,45,2025-04-30T00:00:00,2025,4,86,Conflict,21.0,24.0,South,LB6,BA
41912,Displacement due to conflict,Lebanon,LBN,Mount Lebanon,LB3,El Meten,LB36,1754,2025-04-30T00:00:00,2025,4,86,Conflict,824.0,930.0,Mount Lebanon,LB3,BA
37333,Displacement due to conflict,Lebanon,LBN,South,LB6,Saida,LB61,1981,2025-04-30T00:00:00,2025,4,86,Conflict,929.0,1052.0,South,LB6,BA
36218,Displacement due to conflict,Lebanon,LBN,Mount Lebanon,LB3,Aley,LB31,100,2025-04-30T00:00:00,2025,4,86,Conflict,47.0,53.0,Baalbek-El Hermel,LB8,BA
56872,Displacement due to conflict,Lebanon,LBN,Mount Lebanon,LB3,Kesrwane,LB35,79,2025-04-30T00:00:00,2025,4,86,Conflict,37.0,42.0,Beirut,LB1,BA
62741,Displacement due to conflict,Lebanon,LBN,Mount Lebanon,LB3,El Meten,LB36,12,2025-04-30T00:00:00,2025,4,86,Conflict,6.0,6.0,Beirut,LB1,BA
67448,Displacement due to conflict,Lebanon,LBN,South,LB6,Sour,LB63,11714,2025-04-30T00:00:00,2025,4,86,Conflict,5506.0,6208.0,El Nabatieh,LB4,BA
70375,Displacement due to conflict,Lebanon,LBN,Mount Lebanon,LB3,Baabda,LB32,2733,2025-04-30T00:00:00,2025,4,86,Conflict,1286.0,1447.0,El Nabatieh,LB4,BA
69175,Displacement due to conflict,Lebanon,LBN,South,LB6,Saida,LB61,8385,2025-04-30T00:00:00,2025,4,86,Conflict,3943.0,4442.0,El Nabatieh,LB4,BA
83720,Displacement due to conflict,Lebanon,LBN,Baalbek-El Hermel,LB8,Baalbek,LB21,145,2025-04-30T00:00:00,2025,4,86,Conflict,68.0,77.0,Mount Lebanon,LB3,BA
76978,Displacement due to conflict,Lebanon,LBN,Mount Lebanon,LB3,Aley,LB31,1835,2025-04-30T00:00:00,2025,4,86,Conflict,863.0,972.0,Mount Lebanon,LB3,BA
77854,Displacement due to conflict,Lebanon,LBN,Baalbek-El Hermel,LB8,Baalbek,LB21,225,2025-04-30T00:00:00,2025,4,86,Conflict,106.0,119.0,El Nabatieh,LB4,BA
89226,Displacement due to conflict,Lebanon,LBN,Mount Lebanon,LB3,El Meten,LB36,2130,2025-04-30T00:00:00,2025,4,86,Conflict,1001.0,1129.0,El Nabatieh,LB4,BA
89297,Displacement due to conflict,Lebanon,LBN,Baalbek-El Hermel,LB8,Baalbek,LB21,11,2025-04-30T00:00:00,2025,4,86,Conflict,5.0,6.0,South,LB6,BA
84737,Displacement due to conflict,Lebanon,LBN,El Nabatieh,LB4,El Nabatieh,LB44,21752,2025-04-30T00:00:00,2025,4,86,Conflict,10225.0,11527.0,El Nabatieh,LB4,BA
93414,Displacement due to conflict,Lebanon,LBN,Bekaa,LB2,West Bekaa,LB24,15,2025-04-30T00:00:00,2025,4,86,Conflict,7.0,8.0,Baalbek-El Hermel,LB8,BA
97083,Displacement due to conflict,Lebanon,LBN,South,LB6,Sour,LB63,10532,2025-04-30T00:00:00,2025,4,86,Conflict,4951.0,5581.0,South,LB6,BA
97595,Displacement due to conflict,Lebanon,LBN,Mount Lebanon,LB3,Baabda,LB32,568,2025-04-30T00:00:00,2025,4,86,Conflict,266.0,302.0,South,LB6,BA
107924,Displacement due to conflict,Lebanon,LBN,Akkar,LB7,Akkar,LB51,20,2025-04-30T00:00:00,2025,4,86,Conflict,9.0,11.0,Baalbek-El Hermel,LB8,BA
106814,Displacement due to conflict,Lebanon,LBN,El Nabatieh,LB4,Marjaayoun,LB43,1655,2025-04-30T00:00:00,2025,4,86,Conflict,778.0,877.0,El Nabatieh,LB4,BA
111268,Displacement due to conflict,Lebanon,LBN,South,LB6,Jezzine,LB62,85,2025-04-30T00:00:00,2025,4,86,Conflict,40.0,45.0,El Nabatieh,LB4,BA
101918,Displacement due to conflict,Lebanon,LBN,Beirut,LB1,Beirut,LB11,2863,2025-04-30T00:00:00,2025,4,86,Conflict,1346.0,1517.0,El Nabatieh,LB4,BA
99974,Displacement due to conflict,Lebanon,LBN,Baalbek-El Hermel,LB8,El Hermel,LB22,2480,2025-04-30T00:00:00,2025,4,86,Conflict,1166.0,1314.0,Baalbek-El Hermel,LB8,BA
103347,Displacement due to conflict,Lebanon,LBN,Bekaa,LB2,Zahle,LB25,30,2025-04-30T00:00:00,2025,4,86,Conflict,14.0,16.0,Baalbek-El Hermel,LB8,BA
127642,Displacement due to conflict,Lebanon,LBN,Bekaa,LB2,Rachaya,LB23,81,2025-04-30T00:00:00,2025,4,86,Conflict,38.0,43.0,El Nabatieh,LB4,BA
127356,Displacement due to conflict,Lebanon,LBN,Mount Lebanon,LB3,El Meten,LB36,25,2025-04-30T00:00:00,2025,4,86,Conflict,11.0,14.0,Baalbek-El Hermel,LB8,BA
127502,Displacement due to conflict,Lebanon,LBN,El Nabatieh,LB4,Bent Jbeil,LB41,4966,2025-04-30T00:00:00,2025,4,86,Conflict,2335.0,2631.0,El Nabatieh,LB4,BA
121975,Displacement due to conflict,Lebanon,LBN,Mount Lebanon,LB3,Baabda,LB32,193,2025-04-30T00:00:00,2025,4,86,Conflict,91.0,102.0,Mount Lebanon,LB3,BA
120425,Displacement due to conflict,Lebanon,LBN,Mount Lebanon,LB3,Jbeil,LB34,56,2025-04-30T00:00:00,2025,4,86,Conflict,27.0,29.0,Baalbek-El Hermel,LB8,BA
124687,Displacement due to conflict,Lebanon,LBN,Akkar,LB7,Akkar,LB51,67,2025-04-30T00:00:00,2025,4,86,Conflict,32.0,35.0,South,LB6,BA
115325,Displacement due to conflict,Lebanon,LBN,Akkar,LB7,Akkar,LB51,2,2025-04-30T00:00:00,2025,4,86,Conflict,1.0,1.0,Bekaa,LB2,BA
118699,Displacement due to conflict,Lebanon,LBN,Bekaa,LB2,West Bekaa,LB24,50,2025-04-30T00:00:00,2025,4,86,Conflict,24.0,26.0,El Nabatieh,LB4,BA
119109,Displacement due to conflict,Lebanon,LBN,Mount Lebanon,LB3,Kesrwane,LB35,5,2025-04-30T00:00:00,2025,4,86,Conflict,2.0,3.0,South,LB6,BA
117937,Displacement due to conflict,Lebanon,LBN,South,LB6,Saida,LB61,7875,2025-05-31T00:00:00,2025,5,87,Conflict,3706.0,4169.0,El Nabatieh,LB4,BA
115180,Displacement due to conflict,Lebanon,LBN,Mount Lebanon,LB3,Chouf,LB33,1123,2025-05-31T00:00:00,2025,5,87,Conflict,529.0,594.0,El Nabatieh,LB4,BA
112967,Displacement due to conflict,Lebanon,LBN,Mount Lebanon,LB3,Baabda,LB32,8,2025-05-31T00:00:00,2025,5,87,Conflict,4.0,4.0,Bekaa,LB2,BA
125333,Displacement due to conflict,Lebanon,LBN,Baalbek-El Hermel,LB8,Baalbek,LB21,120,2025-05-31T00:00:00,2025,5,87,Conflict,56.0,64.0,Baalbek-El Hermel,LB8,BA
123349,Displacement due to conflict,Lebanon,LBN,South,LB6,Jezzine,LB62,7,2025-05-31T00:00:00,2025,5,87,Conflict,3.0,4.0,El Nabatieh,LB4,BA
124328,Displacement due to conflict,Lebanon,LBN,El Nabatieh,LB4,El Nabatieh,LB44,21642,2025-05-31T00:00:00,2025,5,87,Conflict,10172.0,11470.0,El Nabatieh,LB4,BA
122108,Displacement due to conflict,Lebanon,LBN,Mount Lebanon,LB3,Aley,LB31,69,2025-05-31T00:00:00,2025,5,87,Conflict,32.0,37.0,Baalbek-El Hermel,LB8,BA
128592,Displacement due to conflict,Lebanon,LBN,Akkar,LB7,Akkar,LB51,83,2025-05-31T00:00:00,2025,5,87,Conflict,38.0,45.0,Beirut,LB1,BA
130378,Displacement due to conflict,Lebanon,LBN,Baalbek-El Hermel,LB8,El Hermel,LB22,2300,2025-05-31T00:00:00,2025,5,87,Conflict,1081.0,1219.0,Baalbek-El Hermel,LB8,BA
134739,Displacement due to conflict,Lebanon,LBN,Akkar,LB7,Akkar,LB51,60,2025-05-31T00:00:00,2025,5,87,Conflict,29.0,31.0,South,LB6,BA
133389,Displacement due to conflict,Lebanon,LBN,Mount Lebanon,LB3,Jbeil,LB34,45,2025-05-31T00:00:00,2025,5,87,Conflict,21.0,24.0,Mount Lebanon,LB3,BA
100089,Displacement due to conflict,Lebanon,LBN,Akkar,LB7,Akkar,LB51,2,2025-05-31T00:00:00,2025,5,87,Conflict,1.0,1.0,Bekaa,LB2,BA
99021,Displacement due to conflict,Lebanon,LBN,Akkar,LB7,Akkar,LB51,7,2025-05-31T00:00:00,2025,5,87,Conflict,3.0,4.0,Baalbek-El Hermel,LB8,BA
110265,Displacement due to conflict,Lebanon,LBN,Mount Lebanon,LB3,Jbeil,LB34,40,2025-05-31T00:00:00,2025,5,87,Conflict,19.0,21.0,El Nabatieh,LB4,BA
112050,Displacement due to conflict,Lebanon,LBN,Bekaa,LB2,Rachaya,LB23,9,2025-05-31T00:00:00,2025,5,87,Conflict,4.0,5.0,Bekaa,LB2,BA
112476,Displacement due to conflict,Lebanon,LBN,North,LB5,El Koura,LB54,6,2025-05-31T00:00:00,2025,5,87,Conflict,3.0,3.0,South,LB6,BA
109527,Displacement due to conflict,Lebanon,LBN,Mount Lebanon,LB3,Chouf,LB33,1358,2025-05-31T00:00:00,2025,5,87,Conflict,639.0,719.0,South,LB6,BA
108947,Displacement due to conflict,Lebanon,LBN,Mount Lebanon,LB3,Baabda,LB32,5,2025-05-31T00:00:00,2025,5,87,Conflict,2.0,3.0,Baalbek-El Hermel,LB8,BA
86227,Displacement due to conflict,Lebanon,LBN,Mount Lebanon,LB3,Aley,LB31,60,2025-05-31T00:00:00,2025,5,87,Conflict,28.0,32.0,Beirut,LB1,BA
88315,Displacement due to conflict,Lebanon,LBN,Beirut,LB1,Beirut,LB11,70,2025-05-31T00:00:00,2025,5,87,Conflict,33.0,37.0,South,LB6,BA
86906,Displacement due to conflict,Lebanon,LBN,Mount Lebanon,LB3,El Meten,LB36,1264,2025-05-31T00:00:00,2025,5,87,Conflict,594.0,670.0,Mount Lebanon,LB3,BA
86513,Displacement due to conflict,Lebanon,LBN,North,LB5,El Minieh-Dennie,LB55,4,2025-05-31T00:00:00,2025,5,87,Conflict,2.0,2.0,El Nabatieh,LB4,BA
89450,Displacement due to conflict,Lebanon,LBN,Mount Lebanon,LB3,Jbeil,LB34,16,2025-05-31T00:00:00,2025,5,87,Conflict,8.0,8.0,Beirut,LB1,BA
89505,Displacement due to conflict,Lebanon,LBN,South,LB6,Sour,LB63,11062,2025-05-31T00:00:00,2025,5,87,Conflict,5203.0,5859.0,El Nabatieh,LB4,BA
89048,Displacement due to conflict,Lebanon,LBN,Mount Lebanon,LB3,Baabda,LB32,2647,2025-05-31T00:00:00,2025,5,87,Conflict,1243.0,1404.0,El Nabatieh,LB4,BA
76910,Displacement due to conflict,Lebanon,LBN,Baalbek-El Hermel,LB8,El Hermel,LB22,15,2025-05-31T00:00:00,2025,5,87,Conflict,7.0,8.0,El Nabatieh,LB4,BA
76411,Displacement due to conflict,Lebanon,LBN,Mount Lebanon,LB3,Kesrwane,LB35,98,2025-05-31T00:00:00,2025,5,87,Conflict,46.0,52.0,El Nabatieh,LB4,BA
72405,Displacement due to conflict,Lebanon,LBN,Mount Lebanon,LB3,Aley,LB31,375,2025-05-31T00:00:00,2025,5,87,Conflict,177.0,198.0,South,LB6,BA
81618,Displacement due to conflict,Lebanon,LBN,Mount Lebanon,LB3,El Meten,LB36,42,2025-05-31T00:00:00,2025,5,87,Conflict,20.0,22.0,South,LB6,BA
80847,Displacement due to conflict,Lebanon,LBN,South,LB6,Jezzine,LB62,11,2025-05-31T00:00:00,2025,5,87,Conflict,5.0,6.0,South,LB6,BA
69142,Displacement due to conflict,Lebanon,LBN,El Nabatieh,LB4,Hasbaya,LB42,337,2025-05-31T00:00:00,2025,5,87,Conflict,157.0,180.0,El Nabatieh,LB4,BA
67983,Displacement due to conflict,Lebanon,LBN,Akkar,LB7,Akkar,LB51,42,2025-05-31T00:00:00,2025,5,87,Conflict,19.0,23.0,El Nabatieh,LB4,BA
59389,Displacement due to conflict,Lebanon,LBN,Bekaa,LB2,West Bekaa,LB24,15,2025-05-31T00:00:00,2025,5,87,Conflict,7.0,8.0,Baalbek-El Hermel,LB8,BA
35784,Displacement due to conflict,Lebanon,LBN,Mount Lebanon,LB3,El Meten,LB36,1544,2025-05-31T00:00:00,2025,5,87,Conflict,726.0,818.0,El Nabatieh,LB4,BA
36438,Displacement due to conflict,Lebanon,LBN,North,LB5,El Koura,LB54,4,2025-05-31T00:00:00,2025,5,87,Conflict,2.0,2.0,El Nabatieh,LB4,BA
45622,Displacement due to conflict,Lebanon,LBN,Mount Lebanon,LB3,Kesrwane,LB35,42,2025-05-31T00:00:00,2025,5,87,Conflict,19.0,23.0,South,LB6,BA
46468,Displacement due to conflict,Lebanon,LBN,Mount Lebanon,LB3,Baabda,LB32,85,2025-05-31T00:00:00,2025,5,87,Conflict,39.0,46.0,Mount Lebanon,LB3,BA
46814,Displacement due to conflict,Lebanon,LBN,Mount Lebanon,LB3,El Meten,LB36,9,2025-05-31T00:00:00,2025,5,87,Conflict,4.0,5.0,Beirut,LB1,BA
47471,Displacement due to conflict,Lebanon,LBN,Mount Lebanon,LB3,Jbeil,LB34,15,2025-05-31T00:00:00,2025,5,87,Conflict,7.0,8.0,South,LB6,BA
50130,Displacement due to conflict,Lebanon,LBN,Bekaa,LB2,Rachaya,LB23,83,2025-05-31T00:00:00,2025,5,87,Conflict,38.0,45.0,El Nabatieh,LB4,BA
12090,Displacement due to conflict,Lebanon,LBN,Baalbek-El Hermel,LB8,Baalbek,LB21,184,2025-05-31T00:00:00,2025,5,87,Conflict,87.0,97.0,El Nabatieh,LB4,BA
11661,Displacement due to conflict,Lebanon,LBN,Bekaa,LB2,Zahle,LB25,14,2025-05-31T00:00:00,2025,5,87,Conflict,6.0,8.0,El Nabatieh,LB4,BA
9515,Displacement due to conflict,Lebanon,LBN,El Nabatieh,LB4,Marjaayoun,LB43,1493,2025-05-31T00:00:00,2025,5,87,Conflict,701.0,792.0,El Nabatieh,LB4,BA
8343,Displacement due to conflict,Lebanon,LBN,Mount Lebanon,LB3,Chouf,LB33,66,2025-05-31T00:00:00,2025,5,87,Conflict,31.0,35.0,Mount Lebanon,LB3,BA
9064,Displacement due to conflict,Lebanon,LBN,Mount Lebanon,LB3,Kesrwane,LB35,5,2025-05-31T00:00:00,2025,5,87,Conflict,2.0,3.0,Bekaa,LB2,BA
898,Displacement due to conflict,Lebanon,LBN,South,LB6,Saida,LB61,1791,2025-05-31T00:00:00,2025,5,87,Conflict,842.0,949.0,South,LB6,BA
6851,Displacement due to conflict,Lebanon,LBN,Mount Lebanon,LB3,Aley,LB31,1740,2025-05-31T00:00:00,2025,5,87,Conflict,818.0,922.0,Mount Lebanon,LB3,BA
7260,Displacement due to conflict,Lebanon,LBN,North,LB5,Tripoli,LB56,16,2025-05-31T00:00:00,2025,5,87,Conflict,8.0,8.0,Baalbek-El Hermel,LB8,BA
23416,Displacement due to conflict,Lebanon,LBN,Akkar,LB7,Akkar,LB51,18,2025-05-31T00:00:00,2025,5,87,Conflict,8.0,10.0,Mount Lebanon,LB3,BA
24687,Displacement due to conflict,Lebanon,LBN,Beirut,LB1,Beirut,LB11,2006,2025-05-31T00:00:00,2025,5,87,Conflict,942.0,1064.0,El Nabatieh,LB4,BA
25720,Displacement due to conflict,Lebanon,LBN,South,LB6,Sour,LB63,11433,2025-05-31T00:00:00,2025,5,87,Conflict,5374.0,6059.0,South,LB6,BA
25872,Displacement due to conflict,Lebanon,LBN,Beirut,LB1,Beirut,LB11,378,2025-05-31T00:00:00,2025,5,87,Conflict,178.0,200.0,Mount Lebanon,LB3,BA
28853,Displacement due to conflict,Lebanon,LBN,Mount Lebanon,LB3,Baabda,LB32,449,2025-05-31T00:00:00,2025,5,87,Conflict,211.0,238.0,South,LB6,BA
14590,Displacement due to conflict,Lebanon,LBN,Mount Lebanon,LB3,Aley,LB31,5747,2025-05-31T00:00:00,2025,5,87,Conflict,2701.0,3046.0,El Nabatieh,LB4,BA
14173,Displacement due to conflict,Lebanon,LBN,Bekaa,LB2,West Bekaa,LB24,15,2025-05-31T00:00:00,2025,5,87,Conflict,7.0,8.0,El Nabatieh,LB4,BA
20793,Displacement due to conflict,Lebanon,LBN,Mount Lebanon,LB3,Jbeil,LB34,6,2025-05-31T00:00:00,2025,5,87,Conflict,3.0,3.0,Baalbek-El Hermel,LB8,BA
20537,Displacement due to conflict,Lebanon,LBN,El Nabatieh,LB4,Bent Jbeil,LB41,4672,2025-05-31T00:00:00,2025,5,87,Conflict,2198.0,2474.0,El Nabatieh,LB4,BA
19405,Displacement due to conflict,Lebanon,LBN,Bekaa,LB2,West Bekaa,LB24,9,2025-10-31T00:00:00,2025,10,88,Conflict,4.0,5.0,El Nabatieh,LB4,BA
16506,Displacement due to conflict,Lebanon,LBN,El Nabatieh,LB4,Bent Jbeil,LB41,4503,2025-10-31T00:00:00,2025,10,88,Conflict,2119.0,2384.0,El Nabatieh,LB4,BA
16970,Displacement due to conflict,Lebanon,LBN,El Nabatieh,LB4,Marjaayoun,LB43,1653,2025-10-31T00:00:00,2025,10,88,Conflict,778.0,875.0,El Nabatieh,LB4,BA
17395,Displacement due to conflict,Lebanon,LBN,Mount Lebanon,LB3,Chouf,LB33,431,2025-10-31T00:00:00,2025,10,88,Conflict,204.0,227.0,South,LB6,BA
27044,Displacement due to conflict,Lebanon,LBN,Akkar,LB7,Akkar,LB51,30,2025-10-31T00:00:00,2025,10,88,Conflict,14.0,16.0,Mount Lebanon,LB3,BA
25285,Displacement due to conflict,Lebanon,LBN,Beirut,LB1,Beirut,LB11,470,2025-10-31T00:00:00,2025,10,88,Conflict,220.0,250.0,El Nabatieh,LB4,BA
2094,Displacement due to conflict,Lebanon,LBN,Mount Lebanon,LB3,Chouf,LB33,192,2025-10-31T00:00:00,2025,10,88,Conflict,90.0,102.0,Mount Lebanon,LB3,BA
9163,Displacement due to conflict,Lebanon,LBN,Mount Lebanon,LB3,Baabda,LB32,63,2025-10-31T00:00:00,2025,10,88,Conflict,30.0,33.0,South,LB6,BA
7923,Displacement due to conflict,Lebanon,LBN,Bekaa,LB2,Zahle,LB25,14,2025-10-31T00:00:00,2025,10,88,Conflict,7.0,7.0,El Nabatieh,LB4,BA
49422,Displacement due to conflict,Lebanon,LBN,Mount Lebanon,LB3,Jbeil,LB34,17,2025-10-31T00:00:00,2025,10,88,Conflict,8.0,9.0,El Nabatieh,LB4,BA
42602,Displacement due to conflict,Lebanon,LBN,South,LB6,Sour,LB63,12487,2025-10-31T00:00:00,2025,10,88,Conflict,5873.0,6614.0,El Nabatieh,LB4,BA
37144,Displacement due to conflict,Lebanon,LBN,Mount Lebanon,LB3,Jbeil,LB34,50,2025-10-31T00:00:00,2025,10,88,Conflict,24.0,26.0,Baalbek-El Hermel,LB8,BA
40763,Displacement due to conflict,Lebanon,LBN,Akkar,LB7,Akkar,LB51,40,2025-10-31T00:00:00,2025,10,88,Conflict,18.0,22.0,Beirut,LB1,BA
65192,Displacement due to conflict,Lebanon,LBN,Mount Lebanon,LB3,Baabda,LB32,1278,2025-10-31T00:00:00,2025,10,88,Conflict,602.0,676.0,El Nabatieh,LB4,BA
64713,Displacement due to conflict,Lebanon,LBN,Beirut,LB1,Beirut,LB11,59,2025-10-31T00:00:00,2025,10,88,Conflict,28.0,31.0,Beirut,LB1,BA
71755,Displacement due to conflict,Lebanon,LBN,Mount Lebanon,LB3,Jbeil,LB34,15,2025-10-31T00:00:00,2025,10,88,Conflict,7.0,8.0,South,LB6,BA
76119,Displacement due to conflict,Lebanon,LBN,Akkar,LB7,Akkar,LB51,7,2025-10-31T00:00:00,2025,10,88,Conflict,3.0,4.0,El Nabatieh,LB4,BA
75875,Displacement due to conflict,Lebanon,LBN,South,LB6,Sour,LB63,6315,2025-10-31T00:00:00,2025,10,88,Conflict,2968.0,3347.0,South,LB6,BA
75597,Displacement due to conflict,Lebanon,LBN,Baalbek-El Hermel,LB8,El Hermel,LB22,15,2025-10-31T00:00:00,2025,10,88,Conflict,7.0,8.0,El Nabatieh,LB4,BA
91551,Displacement due to conflict,Lebanon,LBN,South,LB6,Jezzine,LB62,7,2025-10-31T00:00:00,2025,10,88,Conflict,3.0,4.0,El Nabatieh,LB4,BA
88181,Displacement due to conflict,Lebanon,LBN,Bekaa,LB2,Rachaya,LB23,20,2025-10-31T00:00:00,2025,10,88,Conflict,9.0,11.0,El Nabatieh,LB4,BA
98847,Displacement due to conflict,Lebanon,LBN,Mount Lebanon,LB3,Aley,LB31,1140,2025-10-31T00:00:00,2025,10,88,Conflict,536.0,604.0,Mount Lebanon,LB3,BA
96664,Displacement due to conflict,Lebanon,LBN,Akkar,LB7,Akkar,LB51,60,2025-10-31T00:00:00,2025,10,88,Conflict,28.0,32.0,South,LB6,BA
93251,Displacement due to conflict,Lebanon,LBN,Mount Lebanon,LB3,Aley,LB31,383,2025-10-31T00:00:00,2025,10,88,Conflict,180.0,203.0,South,LB6,BA
93203,Displacement due to conflict,Lebanon,LBN,Mount Lebanon,LB3,Jbeil,LB34,18,2025-10-31T00:00:00,2025,10,88,Conflict,8.0,10.0,Mount Lebanon,LB3,BA
95447,Displacement due to conflict,Lebanon,LBN,South,LB6,Saida,LB61,803,2025-10-31T00:00:00,2025,10,88,Conflict,379.0,424.0,South,LB6,BA
93756,Displacement due to conflict,Lebanon,LBN,Mount Lebanon,LB3,Chouf,LB33,944,2025-10-31T00:00:00,2025,10,88,Conflict,445.0,499.0,El Nabatieh,LB4,BA
108056,Displacement due to conflict,Lebanon,LBN,El Nabatieh,LB4,Hasbaya,LB42,348,2025-10-31T00:00:00,2025,10,88,Conflict,164.0,184.0,El Nabatieh,LB4,BA
112903,Displacement due to conflict,Lebanon,LBN,North,LB5,El Koura,LB54,6,2025-10-31T00:00:00,2025,10,88,Conflict,3.0,3.0,El Nabatieh,LB4,BA
112905,Displacement due to conflict,Lebanon,LBN,South,LB6,Saida,LB61,6267,2025-10-31T00:00:00,2025,10,88,Conflict,2949.0,3318.0,El Nabatieh,LB4,BA
110486,Displacement due to conflict,Lebanon,LBN,Mount Lebanon,LB3,El Meten,LB36,225,2025-10-31T00:00:00,2025,10,88,Conflict,106.0,119.0,Mount Lebanon,LB3,BA
100260,Displacement due to conflict,Lebanon,LBN,Mount Lebanon,LB3,Jbeil,LB34,5,2025-10-31T00:00:00,2025,10,88,Conflict,2.0,3.0,Beirut,LB1,BA
129259,Displacement due to conflict,Lebanon,LBN,Mount Lebanon,LB3,Aley,LB31,5984,2025-10-31T00:00:00,2025,10,88,Conflict,2813.0,3171.0,El Nabatieh,LB4,BA
121947,Displacement due to conflict,Lebanon,LBN,Mount Lebanon,LB3,El Meten,LB36,20,2025-10-31T00:00:00,2025,10,88,Conflict,9.0,11.0,South,LB6,BA
120320,Displacement due to conflict,Lebanon,LBN,Mount Lebanon,LB3,Aley,LB31,96,2025-10-31T00:00:00,2025,10,88,Conflict,45.0,51.0,Baalbek-El Hermel,LB8,BA
120797,Displacement due to conflict,Lebanon,LBN,Baalbek-El Hermel,LB8,Baalbek,LB21,76,2025-10-31T00:00:00,2025,10,88,Conflict,36.0,40.0,El Nabatieh,LB4,BA
120992,Displacement due to conflict,Lebanon,LBN,Mount Lebanon,LB3,Kesrwane,LB35,62,2025-10-31T00:00:00,2025,10,88,Conflict,29.0,33.0,El Nabatieh,LB4,BA
113813,Displacement due to conflict,Lebanon,LBN,North,LB5,Tripoli,LB56,16,2025-10-31T00:00:00,2025,10,88,Conflict,8.0,8.0,North,LB5,BA
114704,Displacement due to conflict,Lebanon,LBN,Mount Lebanon,LB3,El Meten,LB36,753,2025-10-31T00:00:00,2025,10,88,Conflict,355.0,398.0,El Nabatieh,LB4,BA
113932,Displacement due to conflict,Lebanon,LBN,South,LB6,Jezzine,LB62,11,2025-10-31T00:00:00,2025,10,88,Conflict,5.0,6.0,South,LB6,BA
115152,Displacement due to conflict,Lebanon,LBN,El Nabatieh,LB4,El Nabatieh,LB44,19525,2025-10-31T00:00:00,2025,10,88,Conflict,9179.0,10346.0,El Nabatieh,LB4,BA
